id	text	label
10035522	অপেক্ষায় ছিলাম দাদা এমন একটা প্রতিবেদনের জন্য	None
10035523	চোদাভাই তোমার কি মালাউট	Profane
10035524	সত্য তুলে ধরার জন্য পিনাকী দাদাকে অসংক কৃতজ্ঞতা	None
10035525	তাড়াইল থানা থেকে দেখছি দাদাআপনার প্রতি অবিরাম প্রেম	None
10035526	তাড়াইল থেকে আছি	None
10035527	চোদাভাই তোমার কি মালাউট	Profane
10035528	কৃতজ্ঞতা আপনাকে দাদা ভাইসত্য কথা তুলে দরার জন্য	None
10035529	বাংলাদেশের যত ভুয়া মুক্তিযুদ্ধা আছে তাদের সকলকে শনাক্ত করে এত দিন রাষ্ট্রীয় অর্থ আত্মসাতের দায়ে শাস্তির আওতায় আনা উচিত	Abusive
10035530	কালনী যুদ্ধ আমাদের গ্রামে হয়েছিলো এবং এই গ্রামেরই কৃতি সন্তান শহীদ জগৎ জ্যোতিবীর উত্তম প্রধান ভুমিকা পালন করেছিলেন ফজু পাগলা হাসাইলিরে	None
10035531	জগৎ জ্যোতি একজন বীরশ্রেষ্ঠ শুধু মিলিটারি ব্যাকগ্রাউন্ড না হওয়ার কারণে তাকে বীরশ্রেষ্ঠ খেতাব থেকে বঞ্চিত করা হয়	None
10035532	সত্য কথা তুলে ধরার জন্য দাদাকে শুভেচ্ছা	None
10035533	চোদাভাই তোমার কি মালাউট	Profane
10035534	আমার বাসা কিশোরগঞ্জ সদরের রথকলা কারুজ্জামান আমার দাদা প্রথম পতাকা উত্তলন করছিলেন ফজলুর রহমান মুক্তি যুদ্ধ করছিলো আমার দাদার মুখে শোনা	None
10035535	সবার আগে দেশ দেশের মাটি ও দেশের মানুষ ;সবার আগে প্রিয় বাংলাদেশদাদাজিন্দাবাদ	None
10035536	পিনাকি দাদা আপনার কথাগুলো আগামীতে ইতিহাস হিসাবের লিখে বইতে লিপিবদ্ধ হবে এবং আগামী প্রজন্ম জানবে সুতরাং আপনি অতি সত্য কথাগুলো এভাবেই তুলে ধরবেন যাতে কোনো অসত্যের লেশমাত্র না থাকে	None
10035537	শুভেচ্ছা পিনাক দাদা আপনাকে অনেক অনেক কৃতজ্ঞতা আপনার কাছ থেকে আমরা সত্য সত্য ঘটনা জানতে পারি	None
10035538	৯ মাসের যুদ্ধে মেইন যুদ্ধ হয় ১৩ দিন এটা আমি আমার দাদা বাবা দের কাছ থেকে ই জেনেছি দাদা ইলিয়াস ভাই জিন্দাবাদ মুসলিম জিন্দাবাদ সাহসী সাংবাদিক জিন্দাবাদ	None
10035539	তোর চৌদ্দগুষ্টির জন্ম পাপ	Abusive
10035540	দাদা এভাবে হাটে হাঁড়ি ভাংগার জন্য হায়রে ফজা তোর আমও গেলো ছালাও গেলো দাদা আপনাকে অসংখ্য কৃতজ্ঞতা এভাবে সত্যি তুলে ধরার জন্য	None
10035541	কৃতজ্ঞতা জনাব পিনাকী দাদাকে	None
10035542	দাদা আমরা আপনার পাশেই আছি আপনি এভাবে বাংলাদেশের বাটপার চিটার দের মুখোশ খুলে দিন কৃতজ্ঞতা দাদা	Abusive
10035543	সত্য কথা বলাল জন্য কৃতজ্ঞতা	None
10035544	এতোক্ষন ফজা পাগলার ভুয়া মুক্তিযুদ্ধের সত্য ঘটনা শুনে মন থেকে আরও ভালবাসা বেড়ে গেলো পিনাকী দাদার জন্য	None
10035545	সত্যি অনেক বেশি অপেক্ষা করি	None
10035546	দাদা জিন্দাবাদ	None
10035547	হাজার লক্ষ কোটি স্যালুট আমার প্রাণপ্রিয় পিনাকী দাদাকে	None
10035548	হাজার লক্ষ কোটি স্যালুট আমার প্রাণপ্রিয় পিনাকী দাদাকে	None
10035549	দাদা তার এই টকশোটা আমি যে দিন দেখেছিলাম ঐ দিনই তার বক্তব্যের কিছু অংশ সন্দেহজনক মনে হয়েছিল	None
10035550	গাঞ্জার নৌকা পাহাড়ত চলে	None
10035551	কমেন্টে এসে অবাক হলাম আমরা বাংলাদেশী কতটা দূরভাগা নিজের মুক্তিযুদ্ধকে নিয়ে নিজেদের অস্তিত্ব কে নিয়ে কেউ এভাবে তামশা করছে আর আমরা তাকে সমর্থন দিচ্ছি	None
10035552	কৃতজ্ঞতা	None
10035553	হতাশ	None
10035554	“ফজু পাগলার পুটকি মারা সারা	Profane
10035555	কেউ যুদ্ধ করে নাই সব যুদ্ধ করছে পিনাকি আর ইলিয়াস	None
10035556	কৃতজ্ঞতা	None
10035557	আপনাকে বেশ অনেক কৃতজ্ঞতা	None
10035558	ও পযা জে পাগলা এটা যে প্রমাণ হয়ে গেল আরেকবার	Abusive
10035559	এই ধরনের ভূয়া মুক্তিযোদ্ধার অভাব নাই আমাদের গ্রামে যারা মুক্তিযোদ্ধা তারা নাকি ভুয়া মুক্তিযোদ্ধা গ্রামের লোকজন বলে	Abusive
10035560	হারে ফজারে আগে মানুষ জানত তুই মুক্তিযোদ্ধা সেটাই তো ভালো ছিল এখন মাইনকার মত বেশি উত্তেজিত হইতে গিয়া আমও গেল ছালাও গেল	Abusive
10035561	ফজা পাগলা ভুয়া মুক্তিযোদ্ধা এটা আগেই থেকে জানতাম দাদা	Abusive
10035562	মাশা সৃষ্টিকর্তা দাদা একটা জিনিস	None
10035563	সত্য ঘটনা উৎঘটনের জন্য পিনাকী দাদা কে কৃতজ্ঞতা জানাচ্ছি	None
10035564	আলহামদুলিল্লাহ আপনি বাংলাদেশের সম্পদ আলহামদুলিল্লাহ অনেক বেশ শুভকামনা রইল দেশবাসীর পক্ষ থেকে আপনার জন্য সব সময় প্রিয় সাংবাদিক পিনাকি সাহেব	None
10035565	৩ টা স্টিমার নাহয় গুনেছে কিন্তু ১৭৯ জন পাকিস্তানি এইটা কিভাবে গুনলো আবার বলসে সব পাকিস্তানী পালিয়ে গেসে ওরে দেখে	None
10035566	এই রকম ভুয়া মুক্তিযুদ্ধা হাজারো হাজারো আছে আমার জানা মতে বেশির ভাগ সত্যিকার মুক্তিযোদ্ধারা নিজের নাম তালিকায় লিখাবার জন্য অত উতসাহি ছিল না বিশেষ করে স্বাধীনতার পর মুক্তিযোদ্ধার নাম দিয়ে যে সব অসামাজিক কাজ সব চলতে থাকে তাতে সত্যিকার মুক্তিযোদ্ধারা নিজের পরিচিতি লজ্জায় লুকিএ রাখত ভুয়া মুক্তিযোদ্ধারাই অতি উৎসাহ নিয়ে জায়গামত নিজের নাম তালিকাভুক্ত করে আসত	None
10035567	যে যত বড় ৭১চেতনাধারি সে ততবড় ধাপ্পাবাজ বাটপার	Abusive
10035568	আগের জন্মের কথা বাদ দেন	None
10035569	এই ন্যংটা সুলেমান এইভাবেই প্রমাণসহ জুলাই আন্দোলনের প্রথমদিকে আওয়ামীলীগের সাজানো আন্দোলন বলেছিল সালা একটা এনার্কিস্ট ভিউ ব্যবসায়ী	Profane
10035570	ফজলু কমান্ডার আসতেছে ফায়ার	None
10035571	সব মুক্তিযুদ্ধা মুক্তিযুদ্ধ নিয়ে চাপাবাজী করে আমাদের গ্রামের একজন চাচা মুক্তিযুদ্ধের সময় কিভাবে যেনো উনার ডান হাতে গুলি লাগে পরে উনি কমান্ডার হয়ে যান আমার এলাকার মানুষ বলছে উনি মুক্তিযুদ্ধ করেন নি জাস্ট গুলি লাগায় মুক্তিযুদ্ধা হয়েগেছেন বেচারারে নিয়ে আমরা মজা করে জিগ্যেস করতাম চাচা কিভাবে যুদ্ধ করছ বেলতো মজা পেতাম কিন্তু ফজা পাগলের মতো উনি ছিলেন না উনি বলতেন আমার এলাকার সন্তান তোরা যে যেকোন দল কর আমার সমস্যা নাই যে দল ক্ষমতায় আসুক আমার সমস্যা নাই উনি বলতেন খালেদা আসলে আমাকে সম্মান করবে হাসিনা আসলেও আমাকে সম্মান করবে মুক্তিযুদ্ধ নিয়ে উনি বাড়াবাড়ি করতেন না উনি মারা গেছেন সৃষ্টিকর্তা উনাকে জান্নাতুল ফেরদৌসের মেহমান করে রাখুক	Abusive
10035572	ফজা পাগলারে একটা গণপিটুনি দিলে ভালো হতো	Abusive
10035573	তড়াইল না তাড়াইল	None
10035574	এই জন্য বলি চোরের মায়ের বড় গলা	Abusive
10035575	হামা কারে দাদা লয় এডে	None
10035576	ফজা পাগলা	Abusive
10035577	তুই সালা বাটপারউল্টা পাল্টা বুঝ দিস	Profane
10035578	দাদা জাউরার জাউরা সটিপিকেট দিলেন না	Profane
10035579	ফজা পাগলানবেল ফুরুসকার পাওয়ার আশা আছে এখনো মুক্তি যুদ্ধার ভাতা যা নিছেন হিসাব দিতে হবে	Abusive
10035580	ফজা পাগলা রাজাকার আরেকটা গামছা পাগলা	Abusive
10035581	দাদা মানেই আগুন	None
10035582	চেতনা ব্যবসায়ী ফজা পাগলা একটা গল্প বলল শালা আসলেই একটা পাগল	Abusive
10035583	ফজু পাগলরে পাবনাতে পাঠানসে দোকাবাজ তারে অসত্য বলার জন্য আইনিভাবে মামালা করা দরকার	Abusive
10035584	দাদা এই বিডিও টা যত বারই দেখি তত বারই মজা পাই  ওই নাকি মুইত্তা যুদ্ধ করছে	Abusive
10035585	এজন্যই বলে খালি কলস বাজে বেশি	None
10035586	ভুয়া মুক্তিযুদ্ধা বলেই ফজা পাগলের এত গলাবাজি চেতনার ধান্দাবাজি	Abusive
10035587	কত বড় চাপা ফজার	Abusive
10035588	ভুয়া মুক্তিযোদ্ধারা এতদিন ধরে চেতনার বুলি আওড়াতে আওড়াতে দেশকে ধ্বংসের পথে ঠেলে দিয়েছে আমরা নতুন প্রজন্মের মানুষ হিসেবে কখনোই এ ধরনের মুক্তিযোদ্ধাদের বিশ্বাস করি না শুভেচ্ছা দাদা আপনি চেতনার নামে এই ভণ্ডামিকে যথার্থভাবে প্রকাশ করেছেন	None
10035589	মুক্তিযুদ্ধের চেতনা মনেপ্রাণে ধারণ করা এক জিনিস আর মুক্তিযুদ্ধের চেতনা ও ভাবাবেগকে পুঁজি করে ভণ্ডামির রাজনীতি আরেক জিনিস মুক্তিযুদ্ধের চেতনা ও ভাবাবেগ কে কাজে লাগিয়ে অপরাজনীতিবিদদের নিজ স্বার্থসিদ্ধ লাভ ও সাধারণ মানুষকে বিভ্রান্ত করার অপরাজনীতি নিষিদ্ধ করা হোক	Political Hate
10035590	শুভেচ্ছা সঠিকভাবে তুলে ধরার চেষ্টা করার জন্য শুভেচ্ছা	None
10035591	পিনাকী দাদাকে অনেক অনেক কৃতজ্ঞতা সত্য উদঘাটন করা জন্য	None
10035592	পরের গপ্পো টুকু দেখে হাসতে হাসতে আমি শেষ	None
10035593	মজা আর মজা অসাধারণ মজা	None
10035594	কিরে পিনাকী তোর বাবা হিন্দুস্তান তো তিন দেশের প্রধানের সঙ্গে বসে গেল আর তোর মায়ের প্রেমিক পাকিস্তান তো দাঁড়ায় দাঁড়ায় দেখল এক বছর পার হয়ে গেল ভারতের সাথে করা চুক্তিগুলো তো একটাও নষ্ট করতে পারলি না ওই দিল্লির না ঢাকা বাঙালি এখন ঘরে ঘরে ইলিশ খায় সংবাদ নিছিস	Abusive
10035595	সত্যি দাদা আপনি একটা মাল অসাধারণ লাভ ইউ দাদা	None
10035596	হেতে কি কাউয়া কাদেরের ভাই নাকিচেহারা ও কথার স্টাইল একই	None
10035597	পিনাকী ভট্টাচার্য দাদাকে আন্তরিক কৃতজ্ঞতা জানাচ্ছি	None
10035598	আবু তাহের ঠাকুর এটা কি	None
10035599	হা হা হা	None
10035600	ফজা পাগলা ভুয়া	Abusive
10035601	কোন সত্তিকারের মুক্তিযুদ্ধা এত বড় বড় কথা বলে না ফজলু পাগলা অসংখ্য বড় বড় কথা বলছে তার মানে ভুয়া মুক্তিযোদ্ধা	Abusive
10035602	যারা জীবন বাজি রেখে আগস্ট সফল করেছে তারা দেশের জন্য করেনাই তারা ক্ষমতার লোভে করেছে	None
10035603	আপনারা যা বলেন সবেই সত্য বাকী সবেই অসত্য তাইনা অপেক্ষা করেন সব সত্য উন্মোচন হবে	None
10035604	এইরকম হাজারো ভুয়া মুক্তিযোদ্ধা আছে তাদেরকে ধরতে হবে	None
10035605	দাদা অসাধারণ সত্যি তথ্য তুলে ধরার জন্য অসংখ্য কৃতজ্ঞতা দোয়া ও ভালবাসা রইল	None
10035606	পিনাকি দাদা জিন্দাবাদ	None
10035607	পিনিকে দাদা বর্তমান প্রেক্ষাপট নিয়ে কথা বলেন এস এম ফরহাদ আসলেই কি ছাত্রলীগ ছিল	Political Hate
10035608	ফজা পাগলা জীবন টা তেনা তেনা হয়ে গেছে	Abusive
10035609	নাস্তিক ফজু পাগলা অসত্য বাদীকে উচিত শিক্ষা দেওয়া হোক	Religious Hate
10035610	হে বাঙ্গালী জাতি ফজা পাগলার বিরুদ্ধে চূড়ান্ত একশন নেওয়ার সময় হয়ে গেছে সবাই সমবেত হয়ে তাকে সফলতা বাংলা করে দাও আজকের পর আর কোথাও সে যেন উঁচু আওয়াজে কথা বলতে না পারে এবং তার চেহারা দেখাতে না পারে সেই ব্যবস্থা করো	None
10035611	যার মা খায়কি তার নাম পিনাকী	None
10035612	ছাতল পাড়ে এই যুদ্ধই হয়নি	None
10035613	দাদা মানে টান টান উত্তেজনা নতুন কিছু	None
10035614	মুক্তিযুদ্ধের কোটায় পাশ করাইয়া দেন দাদা	None
10035615	ঠিকই বলেছেন দাদা যারা যুদ্ধ নিয়ে বেশি হাউকাউ করে তারা সবগুলা ভুয়া মুক্তিযোদ্ধা	Abusive
10035616	দাদা আজকে সকাল মিনিট এ নীলফামারী ইপিজেড এ আন্দোলনে চলা কালে সেনাবাহিনী এসে নির্মম ভাবে পাঁচ জন কে গুলি করেছে তাঁর মধ্য একজন জায়গাতেই মারা গেছে  আমার কাছ হাসপাতালের ধারণ করা ভিডিও আছ	None
10035617	ডাউকি এখনো ভারতের অংশ সে ভারতে বসে বাংলাদেশের শত্রুদের বিপক্ষে যুদ্ধ করেছে আর আমরা ইতিহাস পড়লাম রুমিরা ভারত থেকে গেরিলা ট্রেনিং নিয়ে জান বাজি রেখে ঢাকায় এসে পাক বাহিনীর বিরুদ্ধে যুদ্ধ করেছে আর ফজুদা ভারতে বসে যুদ্ধ করেছে আর উনার নাম শুনলে রাজাকার পালাইতো ওইদিকে কর্নেল তাহেরজিয়াউর রহমান এমএজি উসমানী উনারা বসে বসে ফজুদের যুদ্ধ দেখেছে জাস্ট	None
10035618	মুক্তিযুদ্ধের চেতনা ব্যাবসা বন্ধ করতে হবে	None
10035619	আমি অধির আগ্রহে অপেক্ষা করছিলাম দাদা এই পাগলটা কে কখন ধোলাই দিবে	Abusive
10035620	ঐ ছাগল কি জানে এল এম জি দিয়ে ইষ্টিমারের লোহার পাত ভেদ করা অসম্ভব কারণ ১০০ মিটার দূর থেকে লোহার পাতের ছেদন ক্ষমতা এল এম জির ০০২ মিলি তাই পিনাকী দাদা সত্য বলেছেন	Abusive
10035621	আমাদের ময়মনসিংহ ফুলবাড়িয়া উপজেলার কালাদহ ইউনিয়ন এর টোন্ডা কদ্দুও ভুয়া মুক্তি যোদ্ধা	None
10035622	আরে দাদু পাকিস্তানের সাথে কি যুদ্ধ করে বাংলাদেশ স্বাধীন হয়েছে নাকিকেউ যুদ্ধ করে নাইশুধু দেশে একটা গন্ডগোল করেছিলো শেখ মুজিবের লোকজন এমনি এমনি পাকিস্তানের সেনাবাহিনী আত্মসমর্পণ করে বাংলাদেশের স্বাধীনতা মেনে নিয়ে চলে গেছে	None
10035623	ফুজু পাগলা দেখি হাসিনার মত অসত্য কথা নিখুঁত ভাবে বলতে পারে	Abusive
10035624	মুজিব বাহিনীর একজন ও যুদ্ধ করেনি	None
10035625	দাদাকে অসংখ্য কৃতজ্ঞতা দাদার তদন্ত অনুযায়ী ফজলুর রহমান মুক্তিযুদ্ধ নিয়ে ভুয়া তথ্য বর্ণনাকারী প্রতিপন্ন হওয়ায় উনাকে বিচারের আওতায় নিয়ে আসার জোর দাবি জানাচ্ছি	None
10035626	দাদা আপনার অপেক্ষায় ছিলাম কৃতজ্ঞতা	None
10035627	স্যালুট বীর মুক্তিযোদ্ধা ফজলুর রহমান	None
10035628	এত ভূয়া ফজু	None
10035629	তাইতো বোলি এতো ফালতু একটা লোক আমাদের বীর মুক্তিযোদ্ধা হয় কি ভাবে	Abusive
10035630	আমি অপেক্ষায় আছি	None
10035631	ফজু পাগলার কথায় বুঝা যায় সে ভূয়া মুক্তিযোদ্ধা সে আড়াইশো পোলাপানদের ট্রেনিং দিছে কিন্তু তারা ছাত্র দের একজন ও বেঁচে নাই নাই আর সে বাইচ্চা রয়েছে	Profane
10035632	আজ ফজাকে জয়বাংলা করা হল	None
10035633	দাদা বাংলাদেশের বেইমানদেরলেঙটা করে দিতে হবে	Abusive
10035634	দাদা ফজা পাগলা ভালভাবেই মুখস্ত করে এসেছে কারন সে ব্যরিস্টার মিথ্য না বললে যাদের পেটের ভাত হজম হয় না কে কে এক মত	Abusive
10035635	দাদা কথা কামলকে নিয়ে একটা এপিসোড চাই কথা কামালকে জয় বাংলা করতে হবে	None
10035636	ফজু পাগলা রাজনীতিবিদ না হয়ে কবি হলে ভালো হতো	Abusive
10035637	ফজা পাগলাকে জয় বাংলা করে দেওয়ার জন্য অসংখ্য কৃতজ্ঞতা দাদা	None
10035638	এই আগের মতন পাগল ছাগল দিয়ে কি দেশ চলবো	Abusive
10035639	জুলাইয়ে মুক্তির পথের অগ্রনায়ক আপনি দাদা আপনার দিকনির্দেশনা আমাদের শক্তি জুগিয়েছে সাধারণ মানুষ দেশ নিয়ে সচেতন হচ্ছে; রাজনীতির বিষয়গুলো বুজতেছে ভালো আপনার প্রতি পিনাকি দাদা	None
10035640	রাজাকারের বাংলায় মুক্তিযোদ্ধাদের ঠাঁই নাই	Abusive
10035641	ফজু পাগলার মতো দেশে একজন মুক্তিযোদ্ধাও খুঁজে পাওয়া যাবেনা যে সারাক্ষণ সবখানে স্বয়ং মুক্তিযোদ্ধা মুক্তিযোদ্ধা বলে প্রচার করে ফজু পাগলার কথাতে মনে হয় সেই দেশের একমাত্র মুক্তিযোদ্ধা এজাতীয় পাগল ছাগলের মতো ভন্ড অসত্যবাদী বিএনপির চেয়ারপার্সনের উপদেষ্টা হওয়ার যোগ্যতা পায় কিসের ভিত্তিতে	Abusive
10035642	ফজা পাগলা এ দেশের মুক্তি যুদ্ধ কে নিয়ে চিটারিবাটপারি  ধ্ন্দা বাজি  মস্কারা করেছে  সে রাষ্ট্রদ্রোহি কাজ করেছে  তাকে দ্রুত গ্রেফতার করে আইনের আওতায় এনে ফাসি দাবি করছি	Abusive
10035643	এ হালা আরেক কাউয়া	Profane
10035644	ফজু পাগলা ভূয়া	Abusive
10035645	দাদা মনটা খুবই খারাপ ছিলো আপনার কথা শুনে রুহুটা আনন্দ ও খুশিতে ভরে গেল দারুণ মজা পেয়েছি ফজু পাগলা বিষ ও দড়ি ছারাই সুইসাইড করবে	None
10035646	৭১ এ মুক্তিযু্দ্বে সরাসরি যুদ্ব করেছে আর্মি এবং বিডিআর নিয়ে গঠিত মুক্তি বাহিনী সাধারন জনতার অধিকাংশই ভারতে অবস্থান করে এবং ভারতের কাছে পাক বাহিনী হেরে যাওয়ার অবস্থায় ঐ সাধারন বাহিনী দেশে প্রবেশ করে লম্বাচুল ওয়ালা মুক্তিযোদ্ধা হিসাবে	None
10035647	রাইট একমত কৃতজ্ঞতা জানাই আপনাকে দেশবাসীর পক্ষ থেকে প্রিয় সাংবাদিক সাহেব	None
10035648	ফজলু পাগল টায় মুক্তি যোদ্ধা নামের কলংক এবং কুলাংগার এই অমানুষ টায়	Abusive
10035649	পিনাকি এ যুগের গুগল সব জান্তা সমসের সে যা বলবে ৫৫ বছর আগের পেপার কাটিং নিউজ এগুলি জনগনকে বোকা বামানো ছারা কিছুই নাই এভাবে চরিত্র হনন করে সে কি বুজাতে চায়	Abusive
10035650	স্বৈরাচারী শেখ হাসিনা তার বাপ বাংলাদেশ পাকিস্তানের বিরুদ্ধে একাই যুদ্ধ করেছেরক্ত দিয়েছি আরো দেবো এদেশের মানুষকে মুক্তি করে ছাড়বোএখন প্রশ্ন হল একাত্তরে কয় ফোটা রক্ত দিয়েছিল সে না পালিয়ে ছিল যুদ্ধের সময় ফজা পাগলা শেখ মুজিবুরের মত ওইও একাই দেশ স্বাধীন করেছে কোন মানুষ গাঞ্জা খাইলেও এতটা অসত্য কথা কখনো কেউ বলতে পারে না গত ১৫১৬ বছরে প্রকৃত মুক্তিযোদ্ধা তাদের টাকা পয়সা স্বৈরাচার দলের নেতারা যারা একাত্তরের যুদ্ধের কোন ধরনের অবদান ছিলনা তারা ৭১ নিয়ে অনেক সুবিধা ভোগ করেছে যেটা আমাদের বাংলাদেশের মেধাবী ছাত্রদের জন্য আমাদের দেশ ১৭ বছর পিছিয়ে গেছে এই ব্যাপারে সুষ্ঠু তদন্তের মাধ্যমে ওইসব ভুয়া মুক্তিযোদ্ধা তাদের সবাইকে বিচারের আইত্তে আনতে হবে এবং আমাদের জনগণের যত টাকা খেয়েছে সব টাকা মুখে হাত ভরে পেট থেকে বাইর করে নিতে হবে এটাই একমাত্র বিকল্প রাস্তারাজশাহী মুক্তিযোদ্ধার ৭নম্বর সেক্টর কমান্ডার কর্নেল উনি আমার চাচা আর আমার আব্বা বাংলাদেশ বিমান বাহিনীর অফিসার রাঙ্কে ছিলেন আমার চাচা রাজশাহী সাত নম্বর সেক্টরে কমান্ডার হওয়ার কারণে আমার আব্বাকে পাকিস্তানের জেলখানায় অনেকদিন থাকতে হয়েছে আমার চাচা উনি তিনবার নিজে ভোট দিন নে উপর মহল থেকে পুলিশের মাধ্যমে লিখিতভাবে বাসাতে কাগজ পাঠানো হয় কেন ভোট দেয়নি আমার চাচা উনি আছে তাবলীগের সাথী রাজশাহী মারকাজ মসজিদ উনার বেশ বড় অবদান আছে যারা তাবলীগের সাথে তারা কিন্তু কোন ধরনের রাজনীতি পছন্দ করেনা কোন ধরনের অন্যায় পছন্দ করেনা আর আমার আব্বা তো আরেক জিনিস যে শেখ কামালকেও ছাড় দেয়নি বিপকেশ ভরা সোনা সহকারে গ্রেফতার করেছিলেন আমার আব্বা মুক্তিযোদ্ধা সার্টিফিকেট নেননি কারণ একমাত্র ঘিন্না এমনকি উনি ডিজে ফায়ার ছিলেন তখনো আয়না ঘর ছিল এই আয়না ঘর আর ওই আয়না ঘর আকাশপথাল তফাৎ আমি যে কথাগুলো বলছি এ কথাগুলো মনের ভিতর থেকে এক ধরনের ক্ষোভের কারণে বলছি প্রকৃত ব্যক্তিকে যার যেখানে বসার দরকার তাকে ওখানে বসার দেশ উন্নতি করান এটাই আমাদের একমাত্র চাওয়া পাওয়াএবং প্রকৃত মুক্তিযোদ্ধা যাচাইবাছাই করার জন্য এখনো ফাইলে রেকর্ড আছে প্রকৃত মুক্তিযোদ্ধা বাই করতে হলে তৎকালীন সময় পাকিস্তান ও পূর্ব পাকিস্তান যে রেকর্ড আছে ওই রেকর্ড অনুযায়ী বাই করা অনেক সহজ যারা মুক্তিযোদ্ধার অবমাননা করেছে তাদের বিচারের আইতে অবশ্যই আনতে হবে যেন পরবর্তীতে আর কেউ কখনো দলীয়ভাবে অথবা টাকার মাধ্যমে আর কেউ কখনো এ ধরনের দেশের ভিতরে গাদ্দারী না করতে পারেআমার কাছে অনেক তথ্য আছে কোরবান সহকারে এখনো তারা সাক্ষী দেওয়ার মতন যদিও বিছাগত কে মুক্তিযোদ্ধা ছিল কে রাজাকার ছিল রাজাকারের মেয়েকে মুক্তিযোদ্ধার ছেলে বিয়ে করে রাজাকারের জামাই হয় মুক্তিযোদ্ধার ছেলে আমার কাছে এখনো প্রমাণ আছে	Political Hate
10035651	যে যাই বলুক এবার জামায়াতকে ভোট দিবো	None
10035652	একতুরে স্বাধীনতা এটা সম্পূর্ণ রাজনীতি রাজনীতি মুক্ত স্বাধীনতা ছিল ১৯৪৭ সাল যেটা মুসলমানরা ব্রিটিশদেরকে পাড়াতে বাধ্য করেছিল ১৯৪৭ সালে যুদ্ধ নিয়ে বড় ধরনের পলিটিক্স ছিল না ইংরেজরা এই যুদ্ধে পরাজিত হয়ে লুটপাট করে নিয়ে গেছে অনেক কিছু আর কিছু দালাল যেরকম ভারতের মোদি সরকারের উগ্রপন্থী হিন্দু তারা এখন পর্যন্ত ব্রিটিশদের দালালি করছে যদিও আমেরিকা সাথে শুল্ক রাজনীতি মাধ্যমে চীন রাশিয়া গুপ্তচর হিসেবে শুলকর মাধ্যমে ভারতকে সবার সামনে দেখাচ্ছে আমার সাথে ভালো সম্পর্ক নাএটা সম্পূর্ণ আমেরিকার বড় ধরনের রাজনৈতিক জাল আমরা সবাই জানি আমেরিকার ডান হাত হয়েছে দখলদার ইসরাইল বাম হাত ভারতের মোদি জেনে এশিয়া মহাদেশের মধ্যে দালালের এক নম্বর স্থানে আছে১৯৭১ সালের যুদ্ধ সম্পূর্ণ ভারত ও ব্রিটিশ রাজনীতি ছিল ১৯৭১ সালে সত্যিকারি মুক্তিযোদ্ধা তারা অবহেলিত আর যারা মুক্তিযোদ্ধা করেনি বিভিন্ন ছত্রছায়ায় এবং টাকা পয়সার মাধ্যমে অনেকে লাভবান হয়েছে যেটা আমাদের দেশের জন্য লজ্জাজনক এই মুক্তিযোদ্ধার নামে মেধাবীরা সম্পূর্ণরূপে ব্যর্থ হয়েছে সব জায়গাতে আর মূর্খরা তারা লাভবান হয়েছে কারণ রাজনীতি আমাদের দেশে যার যেখানে সমাজকল্যাণের জন্য যোগ্যতা অনুযায়ী বসার দরকার ছিল দেশের উন্নতির জন্য সেটা মোটেও হয়নি এজন্য আমাদের বাংলাদেশের পিছিয়ে থাকার একমাত্র কারণ আমাদের বাংলাদেশের নোংরা পলিটিক্স তবে সময় সব সময় এক রকম থাকে না এখন বাংলাদেশের নাগরিক পুরোপুরি জাগ্রত এই দেশে আবারো কেউ কখনো দুর্নীতির মাধ্যমে স্বৈরাচারীর পদবী নিতে চাইলে বাংলাদেশের জনগণ তাদেরকেও স্বাগতম জানাবে এটা কি ধরনের স্বাগতম হবে একমাত্র উপরওয়ালাই ভালো জানে	Political Hate
10035653	তাইতো বলি চোরের বড় গলা	Abusive
10035654	দাদা ভাই  ভারতের ফজু পাগল ফেল করছে	Abusive
10035655	ইউটিউব কোম্পানির কাছে বিশেষ আবেদন যেন ইউটিউবের কমেন্টে হা হা রিয়েক্টা দেওয়ার সুযোগ করে দেয় কে কে একমত	None
10035656	আরে পিনাকী ভাই আপনি তো পাগল হয়ে গেছেন পাগল না হইলে এমন প্রমান দিয়ে কেউ কথা বলে দিলেন আমার লিডারের পুমেরে	Abusive
10035657	সঠিক তথ্য গুলো জনগণের সামনে তুলে ধরার জন্য বেশ কৃতজ্ঞতা	None
10035658	আমার মামা মারা গেছে সৃষ্টিকর্তা্ তাকে বেহেস্ত নসিব করোন উনি যেদিকে বৃষ্টি পড়তো সেদিকে ছাতা ধরতেন ফজু পাগলা আর মুজিব ছিলো সেই প্রকৃতির	None
10035659	ভূয়া মুক্তিযোদ্ধা ফজুরা অসত্য বলেই যাছ্ছে ওদের জিব্বা পচে যাবে ফিরেসতাগন আগুনের কাচি দিয়া জিব্বা কেটে দিবেন দুনিয়াতে মুক্তি যোদ্ধার নামে যত যাযা খাইছে সমস্ত পেটে আগুন জ্বলবে	Abusive
10035660	দাদা আপনাকে কাছে পাইলে ভুঁড়ি কানা করে দিমু কিন্তু আমারে হাসাইতে হাসাইতে ভুঁড়ি ফাটায় ফেললেন	Abusive
10035661	দাদা আপনি হয়তো জানেন না ডাউকি টুইন টাওয়ারের উপর থেকে শেষ স্নাইপার গান দিয়ে জাফলং আর তামাবিলের পাকিস্তানি সেনাদেরকে হত্যা করেছিল	None
10035662	ওরে ফজা খাইস না আর গাঁজা বাদ দে খাওয়া বাবা আর ডাইল জনগণ পিটাইবো পারব গাইল	Abusive
10035663	পিনাকী দাদার ভিডিও দেখার জন্য কে কে অপেক্ষা ছিলেন	None
10035664	আপনার এমন এপিসোড এর জন্যই অপেক্ষায় থাকি আপনার দেশের সত্যতা খুঁজে পাই পিনাকীর দাদা আপনাকে অনেক কৃতজ্ঞতা	None
10035665	এটা আসলেই পাগল২য় মানিক	Abusive
10035666	বুকা ছুদা ফযা	Profane
10035667	এইসব তথাকথিত ফজা মুক্তি যুদ্ধা দের আজ মুক্তি যুদ্ধ নিয়ে মানুষের মনে এমন সংশয় ফজা পাগলা কে জয় বাংলা বানিয়ে দেন	Abusive
10035668	ভূয়া মুক্তিযুদ্ধা রাই বেশী যুদ্ধের গল্প বানিয়ে বেশী বকবক করে	None
10035669	ফজা পাগলা ভূয়া	Abusive
10035670	৯ মিনিটে সে তো হিরো সিনেমার	None
10035671	হাঁ হা হা	None
10035672	কোন ভালো মানুষ আওয়ামিলীগ করেনা গোটা আওয়ামিলীগ একজন ভালো মানুষ খুজে পেলাম না আওয়ামিলীগ কোন মুক্তি যুদ্ধা নেই  সব আওয়ামিলীগার ভারতে পালিয়ে গেছে যুদ্ধ করেছে সেনাবাহিনী পুলিশ কৃষক শ্রমিক জনতা  আর সব রাজাকার জামাতে ইসলাম থেকে তৈরী করেছে ৭১ সালে স্বাধীনতার পরে অধিকাংশ জামাতি রাজাকার আওয়ামিলীগ যোগ দিয়েছে এরপরে ৭৬৭৭ সালে বিএনপি দল হওয়ার পারে কিছু রাজাকার বিএনপি তে যোগ দিয়েছে  এতে জামাতের রাজাকারদের সংখ্যা কমে গেছে যত আওয়ামিলীগর আছে অধিকাংশ অসত্যবাদি ফ্রট জুলুমকারী লুটপাটকারি হাসিনার মত	Political Hate
10035673	ফজা পাগলার মুক্তিযুদ্ধের পাছায় বাশ	Abusive
10035674	চেতনা ব্যবসায়ী ফজা	Abusive
10035675	আপনার এইবারের প্রমাণ পত্র মনপুত হল নাপ্রচেষ্টা ভালো আপ্নি যেইদিন বলছেন মুক্তিযুদ্ধে মাত্র ২০০০ লোক নিহত হয়েছে সেইদিন থেকেই আপ্নি জে ভন্ড তা প্রমান হয়ে গেছেআপনি জে একজন বায়াজড এবং কার উদ্দেশ্য হাছিলে মাঠে নেমেছেন এখন মোটামুটি সবাই বুঝে গেছেআপনার বিস্লেশন এর দিন শেষ জয় বাংলা হয়ে জাচ্ছে আপনার জনপ্রিয়তা	None
10035676	ভুয়া তাইলে মনে হয় বন্ধুর গল্প বলতে গিয়ে ভুল বাল বলেছে	Profane
10035677	হাইরে ফজা	None
10035678	পিনাকী এখন সত্য অসত্য মিক্সড কথা বলে এনার সব কথা বিশ্বাস করা যাবে না	None
10035679	কৃতজ্ঞতা প্রিয় ভাই	None
10035680	পিনাকি বললেই সত্য আহাম্মক বানানোর ধান্দা	Abusive
10035681	ঘটনা যদি সত্যি হয় আর এ কাহিনী যদি শুনে তালে সে তো পুরাই পাগল হয়ে গেছে	None
10035682	হাস্যকর গল্প	None
10035683	ফজলুর রহমান মুক্তিযোদ্ধা কি না তা প্রমান করার কিছু নাই আপনারা ত পারলে মুক্তিযুদ্ধকেই অস্বীকার করেন	Abusive
10035684	ফজু পাগলা সিনেমার কাহিনী বলতেছে নাকি ৩ জন ১৮৯ জন পাক বাহিনীর মোকাবেলা করেছে	None
10035685	ফজু পাগলা ভূয়া যোদ্ধা	Abusive
10035686	পিনাকি সাহেব আউল ফাঊল কথা বলে নিজের ইমেজ কেন নস্ট করতেছেন	Abusive
10035687	দারুন দাদা	None
10035688	কৃতজ্ঞতা আপনাকে দাদা ফজা পাগলা গুমুর ফাস করার জন্য ফজা পাগলা আসলে একটা সয়রাচার অসত্য বাদি ভুয়া মুক্তিযুদ্ধ জা আওয়ামী লীগের ভুয়া মুক্তিযুদ্ধের সাটিফিকেট নিয়েছে	Abusive
10035689	ফজা ছাগলার কথা শুনে একটা ডায়লগ খুব দিতে ইচ্ছা করছে বলি হ্যাঁ বাপের নাম আন্ধাগোন্ধা পোলার নাম কারেন্ট	Abusive
10035690	হায়রে মুক্তিযুদ্ধ	None
10035691	এই পাগলাকে গনদুলাই দেওয়া হউক	Abusive
10035692	আওয়ামিলিগ এর খোয়ারে যারা যারা জন্মো নিছে তারা সবসময় সন্দেহ জনক যেমন গোলাম মাওলা রনি ফজা পাগলা এবং এটাও বলে রাখি এনসিপি তে কিছু আছে ওরা মনের বিরুদ্ধে গিয়ে আওয়ামি বিরোধি কথা বলে	Political Hate
10035693	কি দেখাইলোরে ভাই	None
10035694	এই৷ কারওনে৷ নাম৷ ফওজা৷ পাগলা	Abusive
10035695	দাদা আওমি হারামজাদা টাকা বস্তা নিয়ে টাকা ছরিয়ে দিচ্ছে দেশের বিরুধ্যে সরজন্তো করতেছে  পিচাশের ছারা বলে যেকোনো সময় হকার দেশকে ভারতের হাতে তুলে দেবো	Profane
10035696	দাদা আপনি এরকম ভুয়া মুক্তিযোদ্ধাদের সবগুলোকে সফলতাবাংলা করে দিয়ে রেকর্ড করে রাখবেনএবং আপনার খুদ্র ভ্রাতাদের কাজে লাগবে	None
10035697	দাদা বলদ বাঙ্গালি গো মাথা ওয়াশ ভালোই করতে জানে এজন্য দাদাকে কৃতজ্ঞতা	Abusive
10035698	টপ তুই পিনাকী	None
10035699	আমিও ১৯৭১ কে মুক্তিযুদ্ধ বলি না	None
10035700	ফজু পাগলা শেষ তুই খতম	Abusive
10035701	ফজু পাগলার মুক্তি যুদ্ধের ব্যাবসা বন্ধ করে দিল পিনাকী দাদা প্রকৃত মুক্তি যুদ্ধরা বেশ কষ্টে জীবন যাপন করছে বাংলাদেশে	None
10035702	অসাধারণ উদঘাটন কৃতজ্ঞতা দাদা	None
10035703	তারে ইউক্রেনের পক্ষে যুদ্ধে পাঠানি দরকার কারণ রাশিয়ান সৈন্যরা ফায়ার বলতে সব পালাবি বড় যুদ্ধ ফিলিস্তিনে তাহলে পাঠানো হোক জোর দাবি	None
10035704	ওহ সেই	None
10035705	পিনাকী দাদা একটা ফিনিক্স পাখি	None
10035706	ইনকিলাব জিন্দাবাদ	None
10035707	সত্যি তুলে ধরার জন্য কৃতজ্ঞতা	None
10035708	সহমত	None
10035709	পিনাকি এখন রাজাকারের ইমাম	Abusive
10035710	দাদা আপনি কি করলেন ফজুরে তো ন্যাংটা করে ছেড়ে দিলেন	Abusive
10035711	মুক্তিযোদ্ধা কারা কারা আছে বাংলাদেশে এটা যদি সঠিকভাবে তদন্ত করা হয় আমার মনে হয় পাঁচ হাজারও পাওয়া যাবে না বাংলাদেশে	None
10035712	অনেক ভুয়া মুক্তিযুদ্ধআ আছে আমার দেখা ৪৫ জন আছে ভুয়া	None
10035713	এসব লোক দেশের ভাইরাস	Abusive
10035714	আগামিতে আওয়ামিলিগ যেনো আর ফিরে আসতে না পরে এর জন্য সকল দলের সকল দায়িত্ববান দের এখন থেকেই কঠর ভাবে সচেতন হতে হবে	None
10035715	ফজা পাগলের মতো এমন ভুয়া মুক্তি যোদ্ধা প্রত্যেক গ্রামে ১০২০ জন আওয়ামী মুক্তি যোদ্ধা পাবেন	None
10035716	কিশোরগঞ্জ জেলায় ১৯৭১ সালে সর্বপ্রথম স্বাধীন বাংলাদেশের পতাকা উত্তোলন করেছিলেন ছাত্রনেতা ও মুক্তিযোদ্ধা কামরুজ্জামান কমরু ১৯৭১ সালের ৬ মার্চ তিনি শহরের কালীবাড়ি মোড়ের রঞ্জিত ঘোষের দোকানের ছাদে একটি পতাকা উত্তোলন করেন—যেখানে সবুজ পটভূমিতে লাল বৃত্তের মাঝখানে হলুদ কাপড়ের মাধ্যমে বাংলাদেশের মানচিত্র অঙ্কিত ছিল  বিস্তারিত প্রেক্ষাপট পতাকার নকশা তথা ডিজাইন ঢাকা থেকে গোপনে আনেন 당시 ছাত্রনেতা ও পরবর্তীতে সংসদ সদস্য মরহুম আলমগীর হোসেন  এরপর কামরুজ্জামান কমরু শহরের “মর্ডান টেইলার্স” এর মনিব ময়না খলিফার মাধ্যমে পতাকা তৈরি করান  পতাকা উত্তোলনের সময় তাঁর সঙ্গে ছিলেন মধু ঘোষ পান দোকানদার মকবুল হোসেন এবং উল্কা হোটেলের কর্মচারী মিস্ত্রি মিয়া  সারসংক্ষেপ বিষয়বিবরণব্যক্তিকামরুজ্জামান কমরু ছাত্রনেতা ও বীর মুক্তিযোদ্ধাতারিখ৬ মার্চ ১৯৭১স্থানকিশোরগঞ্জ শহর কালীবাড়ি মোড় রঞ্জিত ঘোষের দোকানের ছাদপতাকা তৈরির আধারঢাকা থেকে আনা ডিজাইন স্থানীয় মোর্টান টেইলার্সে তৈরিসহযোগীমধু ঘোষ মকবুল হোসেন মিস্ত্রি মিয়া উত্তরের সারমর্ম কিশোরগঞ্জ জেলায় প্রথম স্বাধীন বাংলাদেশের পতাকা উত্তোলন করেন কামরুজ্জামান কমরু—১৯৭১ সালের ৬ মার্চ শহরের কালীবাড়ি মোড়ের রঞ্জিত ঘোষের দোকানের ছাদে	None
10035717	বাঘে ছুঁলে আঠারো ঘা পুলিশ ছুঁলে ছত্রিশ ঘা আর পিনাকি ধরলে “জয় বাংলা” কৃতজ্ঞতা দাদা	None
10035718	প্যানাকি পাগলা দাদা তুমি আর ভালো হয়লা না তোমার কথা গুলো অসাধারণ	None
10035719	অসংখ্য কৃতজ্ঞতা আদা থুক্কু দাদা	None
10035720	মালুর ছা পাকিস্তানের বিজ দারা তৈরি	Profane
10035721	স্যারের অনুসন্ধানী বিশ্লেষণ গোয়া মাইরা দিলো ভুয়া মুক্তিযোদ্ধাদের	Profane
10035722	সরকার থেকে চেক করা হোক কে আসল মুক্তি যোদ্ধা	None
10035723	চিটারের ছা চিটার ওর কথাই তো বোঝা যায় যে ও চিটার নম্বর ওয়ান বুয়া মুক্তিযোদ্ধা	Abusive
10035724	বাংলাদেশ নিয়ে সব থেকে বেশি চিন্তা করেন দাদা আপনি শেখ মুজিব জিয়াউর রহমান ফজলুর রহমান কাদের সিদ্দিকী এরা দেশ কে ভালোবেসে না তুমি দাদা দেশ কে অসংখ্য ভালোবাসো তাহলে বিদেশে কার বাল ফেলাও দেশে এসে দেশ কে পরিচালনা করো আর ভুয়া নিউজ নিয়ে বাংলাদেশ অস্থিতিশীল করবেন না বাটপার	Profane
10035725	সালাউদ্দিন কাদের চৌধুরীর উক্তি সত্য প্রমাণিত হয়েছে এই ফজলু পাগলা মনে হয় রাজাকার ছিল আওয়ামীলীগের মেশিনে ঢুকিয়ে মুক্তিযুদ্ধার খেতাব সফলতা বেশ দেশপ্রেমিক সাহসী প্রকৃত মুক্তিযোদ্ধার কথার সাথে ফজলু পাগলার কথার কোন মিল খুঁজে পাওয়া যায় না	Political Hate
10035726	শালা চোরের ঘরের চোর ওর নাম সোনলেই নাকি পালিয়ে যেতো	Profane
10035727	৭১ ব্যবসায়ীদের অত্যাচারে দেশবাসি অতিষ্ঠ	None
10035728	কৃতজ্ঞতা দাদা আপনাকে কথাগুলা তোলে ধরার জন্য ইতি ফজুপাগলা	None
10035729	দারুন বলেছেন ভাই	None
10035730	আজাইড়া যুক্তি এগুলো আপনার মুক্তিযুদ্ধ নিয়ে আপনার যে বিশেষ চুলকানি আছে তা আবারো প্রমাণ করলেন	Abusive
10035731	ও একটা মিথুক	Abusive
10035732	১০টা বেতের বাড়ি দিছে	None
10035733	দাদা পিনিক এ পরে গেছে মুক্তি যুদ্ধ নিয়ে এসব করা ঠিক না	None
10035734	এর তার কেটে গেছে	None
10035735	সেরা ছিল	None
10035736	সে আসলেই ভারতীয় দালাল ফজলু পাগলা	Abusive
10035737	আবার জিবন দেওয়ার জন্য তৈরি করতে হবে ভারতের গোলাম সন্ত্রাসীদের ঠেকানোর জন্য	Political Hate
10035738	এ যুগের আবু জাহেল বিএন পি র ফজলু ফাজিল	Political Hate
10035739	কত বড় মাপের ভোয়া আর মিথ্যুক অসত্যবাদী ফজু পাগল ছি ছি এই চেহারা নিয়া আর অসত্য মনে নিয়া চলে ফিরে কিভাবে	Abusive
10035740	আসসালামু আলাইকুম আসেন আমরা সবাই এক সাথে বাংলাদেশ কে এগিয়ে নিয়ে যায়	None
10035741	হালায় কি আসলে গুয়ার নিচে বই রাখা শিখিতবুদ্ধুজীবী নাকি ঐ সনদ ও হালায় ফটোকপি করছে	Profane
10035742	ফজু পাগলা বালছেও ফায়ার বললেই নাকি পাক সেনারা পালিয়ে যেত কে জানি বলসিলো ২৪শে আন্দোলনে আমি বল্লাম ধর শুনেই ওরা পালিয়ে গেল জান নিয়া সেইম টু সেইম মুক্তিযুদ্ধা	Abusive
10035743	এসবদালালভুয়াবাটপারচিটারবি এনপিতে	Abusive
10035744	মুক্তিযুদ্ধের সিনেমার নায়ক	None
10035745	আপনি আর গোলাম আজম খাটি মুক্তিযুদ্ধা৷ দালাল	Abusive
10035746	সেই হয়েছে	None
10035747	ইনকিলাব জিন্দাবাদ	None
10035748	গাঞ্জা খায়া ভিডিও বানাইছসনি তোর ইচ্ছা মতো গল্প বানাইছস	Abusive
10035749	দাদা আমি এক্টি কথা বলচি আমি আপনার ভিডিওর অপেক্ষাই থাকি আপনার কথা আমার ভাল লাগে কিন্ত আজকে আপনার কথা আমার ভাল লাগেনি কারন আমার দাদাউ উনার আন্ডারে মুক্তি যুদ্ধ করেছেন আজ আমার দাদা বেঁচে নেই আমরা রাষ্টের কোন সুযোগ সুবিধা নেই না আমরা সাধারন একজন মানুষ সাধারণভাবে বেঁচে আছি ফজু পাগলা সত্যিকারের মুক্তিযোদ্ধা দাদা দয়া করে বিশ্বাস করুন	None
10035750	আমার মার মুখে আমার বাবার মুখে আমি শুনেছি বিশ্বাস না হলে এখন অনেক মুক্তিযোদ্ধা বেঁচে আছেন আমাদের তাড়াইল করিমগঞ্জ কিশোরগঞ্জ আমার দাদা বি এন পি করতেন উনি ইউনিয়নের একজন মেম্বার ছিলেন প্রাই ২৫ বছর আগে উনি মারা জান সেই সাথে আমার দাদা চোখের ডাক্তার ছিলেন পিনাকি দাদা বিশ্বাস করেন ফজু পাগলা ভুয়া মুক্তিযোদ্ধা নয় উনি সত্যিকারের মুক্তিযোদ্ধা ওনার বয়স হয়েছে তাই হয়তো ভুল হচ্চে দাদা	None
10035751	উনিমিথার তাতি	None
10035752	আমরা নেক্সট এর অপেক্ষায়	None
10035753	তার নাম ফোজু পাগলা হওয়া উচিত নয় তার নাম  ফোজু + মিলিগ  হওয়া উচিত	Abusive
10035754	ফায়ার বলার সঙ্গে সঙ্গে ব্রিজ উড়ে গেল	None
10035755	ভুয়া	None
10035756	সময় নষ্ট করে এত বাজে ও হালকা এপিসোড না বানালেও পারতেন দাদা লস প্রজেক্ট	None
10035757	পিলখানাশাপলা 24সহ 16 বছরের সব খুনের খুনি আওয়ামী সন্ত্রাসীদের ও 14 দলের নিষিদ্ধ ও ফাসি চাই বিএনপির নিষিদ্ধ নিয়ে চুদুরবুদুর করে কেন এরা এখন আওয়ামী সন্ত্রাসীদের মতো ইসলাম কুপানির ঠিকাদারি নিছে আওয়ামী সন্ত্রাসীদের কতো টাকা খাইছে বিএনপি চায় ভারতের দল আওয়ামী সন্ত্রাসীরা বিরোধী দল থাকখুনি লীগ থাকলে ওদের সাথে ভাগ বন্টন করে দেশকে শোষণ করতে পারবে তাই ইসলামি দল কে ভয়  ইসলামি দল থাকলে চুরি ডাকাতি লুট চাঁদাবাজি করতে পারবে না আওয়ামী সন্ত্রাসীদের নির্বাচনে আনার চেষ্টা করলে আবার আন্দোলনে ঝাঁপিয়ে পরতে হবে	Political Hate
10035758	হাসতে হাসতে পেট ব্যাথা হয়ে গেল এভাবেই চলছে বাঙ্গু সেকুলারদের তৈরি করা মুক্তিযুদ্ধের বয়ান	None
10035759	যার পক্ষে মহান স্রষ্টা সময় প্রকৃতি ফেরেশতাকূল থাকে না তার গুণগান প্রশংসা এমনকি তার কথা ও মনমত কাজ যে বা যারা করে ও পক্ষে থাকে তাদের ইহকাল ও পরকাল সাংঘাতিকভাবে ক্ষতিগ্রস্ত হয় সাথে সাথে তার কর্মকান্ড আচরণ কথাবার্তা মানবজাতি ও সৃষ্টিকূলের জন্য ধ্বংসাত্মক হয়ে থাকে তাই সাবধান থাকি সাবধান হই ও সাবধান করি	None
10035760	মহান স্রষ্ঠার গোলাম ও প্রতিনিধির আনুগত্য আদব ইজ্জত মহব্বত করবো না তাঁদের দেওয়া ঐশি বাণীর আলোকে নিজেকে পরিচালিত করবো না হয়তো মহান স্রষ্টার ক্ষমা রাঁজিখুঁশির ও মহান সত্ত্বার সাথে সুসম্পর্কের দরকার নাই বেশ সার্বিক কল্যাণ মঙ্গল জীবের সেবা মানুষজনের জান মাল ইজ্জত সম্ভ্রম মৌলিক মানবিক অধিকার সুনিশ্চিত হয় এবং অন্যায় হিংস্রতা বদমাইশি ফাইজলামি শয়তানিকে নির্মূল কোণঠাসা ও জব্দ করার লক্ষ্যে তিনাদের দেওয়া নির্দেশনা বা দাবি মোতাবেক সার্বিক কল্যাণ মঙ্গল ও ন্যায় প্রতিষ্ঠার জন্য দণ্ডায়মান হবো না তাহলে সময়ের ভালো আসবে কোথা থেকে আর সত্য সুন্দর সার্বিক কল্যাণ হবেইবা কীভাবে অন্যায় হিংস্রতা বদমাইশি ফাইজলামি শয়তানি জুলুম নির্যাতন চালু রাখবো কীভাবে সেই ধান্দা সেই চিন্তা সেই কর্মকান্ড মনে রাখা জরুরী কেউ তার লস প্রজেক্ট চালায় না বা চলমান থাকুক আশা করে না মহান স্রষ্টা সময় ও প্রকৃতি সোজা শায়েস্তা করেই ছাড়বে নিজে ভালো হয়ে নিলে আসল ভালো এবং নিজেদের ভালো ও সার্বিক কল্যাণ সময়ে অল্পতে বুঝে নিয়ে সত্য ও ন্যায়ের পক্ষে দ্রুত এগোনোই ভালো  শাঁই শাঁই শাঁই	None
10035761	মানুষজনের জান মাল ইজ্জত সম্ভ্রম মৌলিক মানবিক অধিকার ক্ষতিগ্রস্ত করাটা অভ্যাস অন্যায় জুলুম নির্যাতন শয়তানি বদমাইশি ফাইজলামি ও হিংস্রতা নিয়ে অবস্থান নেয়াটা নেশা ও স্বভাব আবার গুরু ভক্ত আছি বা হইছি সেবায় আছি ধর্মে আছি এ সমস্ত ভাব মহান স্রষ্টার রাজ্যে চলে না যারা এমন এদেরকে মহান স্রষ্টাসময়প্রকৃতি পাকড়াও করেই সোজা সুন্দর হবে না ধ্বংস ও বঞ্চিত হবে এটা যার যার  তাই ও সমস্ত ভাব মহান স্রষ্টার গোলাম ও প্রতিনিধির সামনে না দেখানোই ভালো আর এমন অভ্যাস ও স্বভাব নিজের কাছে না থাকাটাই পরম কল্যাণের  শাঁই শাঁই আলেক শাঁই	None
10035762	মহান স্রষ্ঠা সত্য প্রজ্ঞা ও স্বজ্ঞা সম্পন্ন মানুষ মহান স্রষ্ঠার গোলাম ও প্রতিনিধির চেয়ে বেশি বোঝা মন মানষিকতা সত্য ও ন্যায়ের আনুগত্য মান্যতা নিয়ে চলতে সক্ষম নয় সক্ষম নয় তিনাদের দেয়া নির্দেশনা মোতাবেক নিজেদেরকে এগিয়ে নিতে তবে এদের দ্বারা মানুষজনের জান মাল ইজ্জত সম্ভ্রমের অপূরণীয় ক্ষয়ক্ষতি মৌলিক মানবিক অধিকার বিপন্ন সহ সৃষ্টিকূলের যাবতীয় ধ্বংসাক্তক বর্বর কর্মকান্ড ও দাঙ্গা ফেসাদ জনরোষ বিশৃঙ্খলা তৈরী ব্যতীত ভালো কিছু হওয়ার সুযোগ থাকে না এদেরকে সোজা শায়েস্তা করার জন্যই তো এ জাতিতে রয়েছে আইন শাসন বিচার ও পরিচালনা তবে আইন শাসন বিচার ও পরিচালনার দ্বায়িত্ব যারা নেয় এরানা সত্য মানুষ না হলে সাথে সাথে সত্য ও নয়্যায়ের পক্ষে কাজ করে চলার মন মানষিকতা না রাখলে অর্থাৎ আইন শাসন রায় ও পরিচালনা জুলুম নির্যাতন শয়তানি বদমায়েশি রাগ ক্ষোভ হিংস্রতার পক্ষে কাজ করলে সেই জাতির চরম মূল্য দেয়াটা বেশি দূরে থাকে না  আলেক শাঁই	None
10035763	মানুষ সৃষ্টির সেরা কেনো সেরা সেটা আমরা সবাই কমবেশি জানি তবে সত্য ও ন্যায়ের পক্ষে কাজ করতে না পারলে সত্য মানুষের দেয়া নির্দেশনা মোতাবেক কাজ করতে না পারলে সার্বিক কল্যাণ মঙ্গলের পক্ষে কাজ হয়ে ওটে না এ মানুষ হিংস্রতা বদমায়েশি ফাজলামি শয়তানি করুক আর মানুষজনের জান মাল ইজ্জত সম্ভ্রম রক্ষা মৌলিক মানবিক অধিকার সুনিশ্চিত করার লক্ষ্যে কাজ করুক সর্বোচ্চ ভূমিকা রাখতে পারে এখন হিসাব হলো সত্য ও ন্যায়ের পক্ষে থেকে কাজ করবে তথা মিথ্য ও অন্যায়কে নির্মূল জব্দ ও কোণঠাসা করবে নাকি অসত্য ও অন্যায়ে লিপ্ত থেকে অসত্য ও অন্যায়কে প্রতিষ্ঠার জন্য কাজ করবে তবে সত্য ও ন্যায়ের পক্ষে মহান স্রষ্ঠা সময় প্রকৃতি এবং সত্য প্রজ্ঞা স্বজ্ঞা সম্পন্ন মানুষ বা মহান স্রষ্ঠার গোলাম ও প্রতিনিধির সহযোগিতা ও মদদ থাকে যদি কীনা মান্যতা আনুগত্য আদব ইজ্জত মহব্বত থাকে তবেই সকলে ভালো থাকবে ভালো খাবে ভালো পাবে এ সিদ্ধান্ত নিজেদেরকেই নিতে হবে  শাঁই শাঁই আলেক শাঁই	None
10035764	পিনাকী দাদাফজু পাগলার ভুয়া মুক্তি প্রমান করে জনসমুখে আনার জন্য আপনাকে লাখ লাখ কৃতজ্ঞতা	None
10035765	সত্য ও ন্যায়ের পক্ষের কথা সার্বিক কল্যাণ ও মঙ্গলের জন্য দেয়া নির্দেশনা কথা ও দাবি ধর্ম গোত্রের লোকজন দলীয় লোকজন জাতীয় আন্তর্জাতিক সংগঠনের ও বাহিনীর লোকজন নানান পদবীর লোকজন পরিচিত লোকজন শুনে জেনে বুঝে না মানলে করণীয় কী এনারা আবার সকলের জান মাল ইজ্জত সম্ভ্রম মৌলিক মানবিক অধিকার রক্ষা হোক সেই লক্ষ্যে কথা তো বলেই আবার কাজও করে চলছে কে কতোদিন ধরে করে চলছে আর কী করে চলছে ওনারাই ভালো জানে আবার মানুষজনও কমবেশি জানে এনারা আবার মহান স্রষ্ঠা একজন আছে সেটাও মানে এবং এটাও মানে বা আশা করে তিনি শুধু ভালো দিবেন আর দিবেন আবার যারা মহান স্রষ্ঠার গোলাম ও প্রতিনিধি বা সত্য প্রজ্ঞা ও স্বজ্ঞা সম্পন্ন মানুষ এনারাও শুধু ভালো দিবে আর দিবে ও ভালো থাকবেন আমরা যতই হিংস্রতা শয়তানি বদমায়েশি ফাজলামি ঘাউরামি করি না কেনো হোক তাদের সাথে বা অন্যের সাথে এমন পরিস্থিতিতে মহান স্রষ্ঠা সময় ও প্রকৃতির কী করণীয় আছে আবার যারা সচেতন জাগ্রত ঐক্যবদ্ধ সত্য প্রজ্ঞা ও স্বজ্ঞা সম্পন্ন মানুষ তিনাদেরইবা করণীয় কী এবং যিনি সত্য ন্যায় ও সার্বিক কল্যাণ মঙ্গলের কথা দাবি ও নির্দেশনা দিয়েছেন তিনার করণীয় কী  আলেক শাঁই	None
10035766	ইন্ডিয়া থেকে এসে মানুষের মুখে মুখে গল্প শুনে মুক্তিযুদ্ধা	None
10035767	আমার প্রথম থেকেই সন্দেহ হইতোকারণ খালি কলস বাজে বেশি	None
10035768	টানা ৩ বার দেখলাম আর হাসলাম	None
10035769	আমি আগেই বলেছিলাম সালা ভূয়া মুক্তিযুদ্ধা	Profane
10035770	এরা ভুয়া মুক্তিযোদ্ধা ফজা	Abusive
10035771	রাইট	None
10035772	ওবায়দুল কাদেরের ডুবলিকেট ভার্সন ফজা পাগলা	Abusive
10035773	দাদা সেরা	None
10035774	বিগত ফ্যাসিস্ট সরকারের আমলে এরকম ভুয়া মুক্তিযোদ্ধা প্রতিটি এলাকায় ছড়িয়ে পড়েছে ‌	Political Hate
10035775	দাদা ফজু পাগলারে আর একটু ন্যাংটা করা যায়না প্লিজ দাদা একটু দেখেন	Abusive
10035776	আসল মুক্তিযুদ্ধা তো আমাদের বাঙালী জাতির ইমাম বীরশ্রেষ্ঠ পিনাকী	None
10035777	পিনাকি দাস বাষ্টার্ড তুইকি মানুষ হবিনা	Abusive
10035778	দাদা আপনার এ দেশের দরকার	None
10035779	ফজা এই লোড কীভাবে নিবে ও তো স্ট্রক করবে	None
10035780	ফজা ফজা	None
10035781	দাদাকে অসংখ্য কৃতজ্ঞতা শতাব্দীর সেরা একটা কৌতুক দেখানোর জন্য	None
10035782	সত্যিকার মুক্তি যোদ্ধারা কখনো নিজ থেকে মুক্তি যোদ্ধা মুক্তি যোদ্ধা বলে চিল্লায় না	None
10035783	জামাতশিবিরের পীর মাওলানা মিথ্যুক পিনাকে ভট্টাচার্য দুই ভন্ড একসাথে শালারা যা মনে তাই বলে কোন লাজ লজ্জা নাই আর শিবির জামাত ফেসবুক ইউটিউব কমেন্টের রাজা অসত্যচার আর গালিগালাজ মনে তো হিংসা আর অহংকার ইসলামের নামে আর কত ভন্ডামি করবে	Political Hate
10035784	একটা ফালতু এপিসোড দেশে এত গুরুত্বপূর্ণ ঘটন অঘটন থাকতে আজাইরা ফজুরে নিয়া এপিসোড ধুর ধুর ধুর	Abusive
10035785	ফজা ভুয়া	None
10035786	ওই হমুন্দির পুত হমুন্দি তুই সব বিষয় সোনা চুলকানোর বদঅভ্যেস কেনো রে পুরা দেশটা এখন নরক হওয়ার পথে	Profane
10035787	ওর কয়েকটা বন্ধুর মধ্যে একজনের নাম বলল আবু তাহের ঠাকুর এবার আপনারাই বলেন পক্ষী যুদ্ধ করছে আর কি বলতেছে	None
10035788	তুই যে মুক্তিযুদ্ধের বিরুদ্ধে কথা বলিসজানি রাজাকার এর জাওয়া	Abusive
10035789	কি দিন আইলোরে রাজাকেরর ছার মুখ থেকে মুক্তিযোদ্ধার গল্প শুনতে হচ্ছে	Profane
10035790	এতো ফ্লুয়েন্টলি কিভাবে বর্ননা দিচ্ছে	None
10035791	যখন ওর কথা প্রথম শুনি ইউটিউবে দেখি আমার সন্দেহ হয়েছিল ও আসলে মুক্তিযোদ্ধা না ও প্রতারক ভুয়া মুক্তিযোদ্ধা	Abusive
10035792	ফজা পাগলা ভুয়া ভুয়া	Abusive
10035793	ফজু পাগলা কয় কি মনে করছে বাঙালিকে যা খাওয়াবে তাই খাবে বোকা আগের দিন নাইরে এখন 2025সাল চলে বর্তমানে এ আই যোগ চলের	Abusive
10035794	শুভেচ্ছা দাদা আপনাকে সত্য তুলে ধরার জন্যে	None
10035795	পাগলের বাচ্ছা পাগল তোর সাউয়ার বিশ্লেষণ ভুয়া নিউজ কেনো ছড়াছ	Profane
10035796	স্লারপুত সেই লেভেলের মিথ্যুক	Profane
10035797	সেই লেভেলের চমক উপহার দিলেন ভাই নেক্সট মুক্তি যোদ্ধা মারানি দেখতে চাওয়া আমার অবুঝ মন	None
10035798	দাদা কে অসংখ্য কৃতজ্ঞতা	None
10035799	পিনাকী ভট্টাচার্য দাদা যখন বলছে ভূয়া মুক্তি যোদ্ধা তাহলে ভূয়াই হবে	None
10035800	আমি আগেই থেকেই বলতাম সে ভুয়া মুক্তিযোদ্ধা সে ছিল মুরগি যুদ্ধা	Abusive
10035801	এরা এই সব দিয়াই ৫০ বছর চলতে চলতে আমাদের কৃতজ্ঞতাকে তাদের অধিকার বানাইছে কৃতজ্ঞতা দাদা	None
10035802	আমরা গ্রাম অঞ্চলে একটা কথা শুনে আসছি যে খালি কলসি বাজে বেশিফজার অবস্থান টা তাইদাদায় আসল জয় বাংলা করে দিলেন ফজুর ইনকিলাব জিন্দাবাদ	None
10035803	আমার আপন কমরু চাচা উনি যিনি পতাকা প্রথম উড়িয়েছে আখড়া বাজার মোড় ফজলু সাহেব অসত্য বলছে সেই সাথে আমার দাদা শহীদতবে আমার বড় চাচা আজ আর নেই পৃথিবীর বুকেফজলু সাহেবের অসত্য চার কে আমি নিন্দা জানাই দাদা এবিষয়ে আমি সম্পুর্ন সহযোগীতা করতে পারি	None
10035804	দাদা আমারে যদি মুক্তি যোদ্ধা ঘোষণা করা যাই তো কোনো ভাবে কয় দিন বসে বসে ভাতা খাই আরাম আয়েশ দিন পার করতাম	None
10035805	দাদা মুক্তিযুদ্ধের আদর্শ কি ছিল চুরি ডাকাতি লুটপাট আর চাঁদাবাজি করা জনগণের করের টাকায় আরাম আয়েশ আর ফূর্তি করা	Political Hate
10035806	একদম রাকিব চাচার যাত্রাবাড়ী স্বাধীন করার মতো	None
10035807	দাদা ইমেইল করছি এক্টু চেক কইরেন	None
10035808	কৃতজ্ঞতা ফজা পাগলা মুখোশ খুলে দেওয়ার জন্য৷	None
10035809	বিএনপিকে ভোট দিব না	None
10035810	নেক্সট শিশু মুক্তিযোদ্ধা তারেক রহমান	None
10035811	সঠিক রিপোর্ট	None
10035812	ভুয়া আসলে	None
10035813	পিনাকি আকাশবানী করতাছে আর কাটমোল্লারা আলহামদুলিল্লাহ কইতাছে হাহাহা	Abusive
10035814	দাদা আসেন আমরা সাবাই আর এই বাংলা জদো দিন থাকবো আর ভাত মাছ খাবো না মুক্তি যুদ্ধ বেচে খাবো	None
10035815	না হেসে পারলাম না বদমাইশ ফজু পাগলা	Abusive
10035816	তুুই পাগল হয়ে গেছস	Abusive
10035817	এই ভুয়ামুক্তি যোদ্ধার সনদ বাতিল করে এতদিন যে সকল সুযোগ সুবিধা অবৈধ ভাবে ভোগ করছে তার জন্য মামলা দেয়া উচিৎ সেই সাথে সবাইকে গনহারে রাজাকার আলবদর বইলা গালি দেওয়ার জন্য ওর পাছায়ডিম দেয়া দরকার প্রকৃত মুক্তি যোদ্ধাদের তালিকা করে তাদের যথাযথ সন্মান ও রাষ্ট্রের সহায়তা করা উচিৎ এ প্রজন্ম মুক্তি যুদ্ধ ও মুক্তি যোদ্ধাদের সন্মান দিতে চায় কিন্ত যারা এসব চেতনা বিক্রি করে অতিরঞ্জিত করে ফায়দা লুটে জাতিকে বিভক্ত করে তাদের ঘৃণা করে	Abusive
10035818	কাকু তুমি না কয়েকদিন আগে মুক্তি যুদ্ধ হয়নি বলেছিলে এখন আবার ঐ মুক্তিযুদ্ধের দলিলই রেফারেন্স হিসেবে টানতেছো ১ সপ্তাহেই পল্টি	Abusive
10035819	দাদা এরপর আমাদের টাঙ্গাইলের কাদের সিদ্দিকের মুখোস খুলে দিয়েন	Abusive
10035820	বাংলা ভাষা টাই খেত  গেরাইম্মা	Abusive
10035821	গুজব পিনাকী	None
10035822	ফজা পাগলার প্যান্ট খুলে দিছে	Abusive
10035823	কথা কিন্তু ঠিক  ইনকিলাব জিন্দাবাদ	None
10035824	চেতনা ফজুকে ভরে দিলেন দাদা	None
10035825	ফজু পাগলা দাদার বদন‍্যতায় তুই তো ফেমাস হয়া গেলি রে	Abusive
10035826	এইসব মুক্তিযোদ্ধা ও মুক্তিযুদ্ধের চেতনাবাজরা কোন এক বিপাকে কিংবা ক্রান্তিলগ্নে সুযোগ পেলেই দোচাবে যে আমি মুক্তিযোদ্ধা হেন করেছি তেল করেছি এদের পুংগে বাঁশ দিয়া চাংগে তুইলা রখা উচিৎ	Abusive
10035827	স্যালুট দাদা আপনাকে আমি আপনাকে দেশে দেখতে চাই	None
10035828	আমার প্রিয় পিনাকী দাদা কেমন আছেন আপনার ভিডিও সেই ছোটবেলা থেকেই দেখছি আপনি ভালো থাকেন এবং আপনার পরিবার ভালো থাকুক এটাই আশা করি আপনাকে খুব অন্তর থেকে ভালবাসি	None
10035829	কত বড়ো বাটপার ফজা	Abusive
10035830	আপনি এমন সুন্দর ভাবে বিশ্লেষণ করেছেন ভালো লাগছে ভাই ভালো লাগছে সেই সাথে সঠিকও মনে হচ্ছে কিন্তু জুলাই অভ্যুত্থানের নায়ক নাহিদ সারজিসদের তৎকালীন কার্যক্রম বিশ্লেষণ করলে আমার মনে হয় তারাও এরকম শূন্যই পাবে	None
10035831	ফজা পাগলার মতো অসংখ্য ভুয়া মুক্তিযুদ্ধা রয়েছ	Abusive
10035832	এই লোকটি পুরো জাতির শত্রু দেশ প্রেম থাকলে দেশে এসে দেশ চালাক ‌	Abusive
10035833	কৃতজ্ঞতা	None
10035834	লেংটা সুলেমানের কথা শুনে না হেসে পারি না  তর্কের খাতিরে ধরে নিলাম ৬ তারিখ আর এক ছাত্র নেতা পতাকা তুলেছেন ত লেংটা সুলেমানের কথা হল ৬ তারিখ এক ছাত্রনেতা কিশোরগঞ্জে পতাকা উত্তোলন করেছে বলে ৯ তারিখ আরেক ছাত্রনেতা পতাকা তুলতে পারবে না  লেংটা সুলেমানের দ্বিতীয় দাবি হলো বইয়ে ট্রেনিং এর কথা নেই এজন্য ট্রেনিং ছিল না অথচ সারা পৃথিবীতে সকল বইয়ে পত্রিকায় প্রতিবেদনে যেটাকে মুক্তিযুদ্ধ বলা হয়েছে সেটাকে সে মুক্তিযুদ্ধ বলবে না মানে লেংটা সুলেমান যা বলবে তা ই আমাদের মানতে হবে	None
10035835	আরো গাজাখুরি বয়ান দিছে ৮ কিলো দূরে যুদ্ধ করতে পারবেনা	Abusive
10035836	ফজা এক্টা শান্তির পোলা	None
10035837	সালার বেডা নামে যেমন পজু পাগলা কামেও ফজু পাগল	Profane
10035838	আসল যুদ্ধা কি তাহলে গুলাম আযম	Abusive
10035839	আমি আমি আমি	None
10035840	ফোজা পাগলা কি জাত্রাতে অভিনয় করছিলো নাকি	Abusive
10035841	ফজা দেখি পিনাকীর কাছে ধরা খাইল	None
10035842	ফজু পাগলাজয়বাংলা হয়ে গেল রে	Abusive
10035843	দুখ পাইলাম এইভাবে অসত্যর উপর আমাদের জাতীয় জীবন চলছে	None
10035844	জিনিয়াস দাদাএই পাগলা সেই পাগলাম	None
10035845	পিনাকির ফুল ফ্যামেলী ইন্ডিয়ায় আশ্রয় নেয় মুক্তিযুদ্ধের সময়  তখন উনার বাপের বয়স আছিলো ৩২  তা পিনাকির দামড়া বাপ তখন কেন মুক্তিযুদ্ধ অংশগ্রহন করে নাই কেন সে ইন্ডিয়া পালিয়ে গেলো সেটা নিয়ে এপিসোড কখন আসবে	None
10035846	আমর মনে হয় এ এক সেয়ানা পাবলিক ধান্দাবাজিতে সে সব সাইট কাভার কইরা আগাইছে মুলত সে শুরুতে ছিল একজন রাজাকার  এবং বেনিফিট নিছে পাক আর্মি থেকে শেষে অবস্হা বেগতিক দেইখা মুজিব বাহিনীতে নাম লিখাইছে রাজাকার থাকায় মুক্তিযোদ্ধাদের তালিকায় ঢুকতে পারে নাই৭৫ পর্যন্ত মুজিব বাহিনীর সদস‍্য হিসাবে ধান্দা করছে ৭৫ এর পরে মুক্তিযোদ্ধার পরিচয়ে ধান্দাবাজি  আর গত ১৬ বছরে মুক্তিযোদ্ধা মুজিব বাহিনীর সদস‍্য হিসাবে পুরাই নায়ক ওর শুধু স্বাধীনতার ঘোষনার দাবিটা বাকি ছিল ওরে তিন রাস্তার মোরে পাছার কাপর খুইলা চাবকাইলেই ও ফরফর কইরা কইয়া দিব ও আসলে কি ছিল	Abusive
10035847	পিনাকির ফুল ফ্যামেলী ইন্ডিয়ায় আশ্রয় নেয় মুক্তিযুদ্ধের সময়  তখন উনার বাপের বয়স আছিলো ৩২  তা পিনাকির দামড়া বাপ তখন কেন মুক্তিযুদ্ধ অংশগ্রহন করে নাই কেন সে ইন্ডিয়া পালিয়ে গেলো সেটা নিয়ে এপিসোড কখন আসবে	None
10035848	যারা অরিজিনাল মুক্তিযোদ্ধা তারা সবসময় সুন্দর কথা বলে দেশ নিয়ে ভাবে চুপচাপ থেজে দেশের জন্য কাজ করি যাআর যারা ভুয়া মুক্তিযোদ্ধা তারা নিজেকে প্রমাণ করার জন্য সব সময় আবোল তাবোল বলে মাঝখানে এভাবে ধরা খাইয়া যাসত্যিকারের মুক্তিযোদ্ধারা কখনো নিজের মুক্তিযুদ্ধে এটা দাবী করেনা ভুয়া মুক্তিযোদ্ধারা সবসময় নিজেকে মুক্তিযোদ্ধা দাবি করে	Abusive
10035849	লোকটার মান সম্মান ও ইজ্জত সব শেষ কে বলছিল টিভি সাক্ষাৎকার দিতে দাদার নজরে যে পড়ছে সেই খানখান হয়ে গেছে	None
10035850	ফজা পাগলাকে বীরশ্রেষ্ঠ উপাধি দেয়া হউক	None
10035851	দাদা অনেক্ক্ষণ হাসলাম	None
10035852	পিনাকীদা মানে বিনোদনের ১০০ প্যাকেজলাভ ইউ ম্যান	None
10035853	অসত্য বানোয়াট কথা দিয়ে সাজানো আমাদের ইতিহাস	Abusive
10035854	আপনার যুক্তি পুরা ই ভাউতা আপনাকে ওপেন চ্যালেঞ্জ করলাম পারলে আমার সাথে বিতর্ক করেন	None
10035855	আপনি যা বলবেন মানুষ তাই খাবে তাইনা	None
10035856	ঠিক বলেছেন দাদা	None
10035857	ফজলু পাগল হয় নাই পাগল হয়েছে পিনাকি পিনাকী এখন কখন কি বল নিজেও জানে না আলেকজান্ডারের জ্ঞান দিতে যেও না রয়েল এজেন্ট মানুষ বুঝতে পেরেছে	Abusive
10035858	এরা ভূয়া	None
10035859	অসাধারণ	None
10035860	ঢাকার গডফাদার হাজী সেলিমের সম্পদ রক্ষার দায়িত্ব নিয়েছে তারি এলাকার বিএনপির নেতা আসন্ন সংসদ নির্বাচনে প্রার্থী চকবাজারের বাসিন্দা হাজী টিপু সুলতান সে মোটা অঙ্কের টাকা খেয়ে হাজী সেলিমের সম্পদ রক্ষা সহ অন্যান্য আওয়ামী নেতাদের কে অবৈধ সুবিধা দিয়ে যাচ্ছে থানায় তদবির করছে মামলা বাণিজ্য করছে এমনকি প্রতিপক্ষের টাকা খেয়ে সে বিএনপি জামাত হেফাজত নেতাদের কেও মামলা বিয়ে ঘর ছাড়া করে রাখছে পিনাকী দাদার কাছে অনুরোধ আপনি তার সম্পর্কে ভিডিও বানান হাজী সেলিমের মতো একটা পান্ডার এলাকায় আপনি একটা তদন্ত চালান পুরান ঢাকা বাসির মন সফলতা করেন	None
10035861	ফজা আইজকা জয় বাংলা	None
10035862	উনার আরেক সাথী  আবু তাহের ঠাকুর	None
10035863	হাসিনার সময় ৭০ ভুয়া মুক্তিযোদ্ধার সর্টিফিকেট নিয়ে ভাতা খাচ্ছে তাদের ধরে শাস্তি দেয়া উচিত	Political Hate
10035864	ফজা সেইম সেইম কাউয়া	Abusive
10035865	ফজু পাগলার জন্য ডিম রেডি হোক	Abusive
10035866	ফজা পাগলা আসলেই একটা জাত পাগলা	Abusive
10035867	দাদা আদৌও কি ভূয়া মুক্তিযোদ্ধাদের কে কি বিচারের আওতায় আনা হবে সাধারণ মানুষ জানতে চায় বাকিটা ইতিহাস ইনকিলাব জিন্দাবাদ দাদার জন্য রিদয় থেকে দোয়া ও প্রেম রইলো	None
10035868	দাদা আপনি একটা জিনিষ	None
10035869	71 এর আগে ফজা পাগলার বয়স ছিলো কতো বছর জানতে চাই	None
10035870	আসলে ১৯৭১ সালের মুক্তিযুদ্ধ নিয়ে ফজুরা ব্যবসা করে আসোল মুক্তিযুদ্ধারা এসোব বলে বেড়ায় না	Abusive
10035871	ভূয়া মুক্তি যোদ্ধা ফজু পাগলা	None
10035872	ভুয়া ভুয়া ভুয়া	None
10035873	আওয়ামী লীগের মধ্যে যতগুলো মুক্তি যোদ্ধা আছে সবগুলো ভুয়াআওয়ামী মানেই অসত্যবাদি	Political Hate
10035874	কৃতজ্ঞতা দাদা সত্যি ৃ	None
10035875	ফজা পাগলা কত বড় অসত্যুক	Abusive
10035876	কৃতজ্ঞতা স্যার	None
10035877	ভূয়া মুক্তি যুদ্ধা	None
10035878	মুক্তিযোদ্ধারা তো পিনাকীর দৃষ্টিতে দেশের শত্রু সেক্ষেত্রে ফজলুর রহমান কতোটা খাঁটি মুক্তিযোদ্ধা তার হিসাব করে দেশবাসী কি করবে পিনাকী ক্রমশই পাগল হয়ে যাচ্ছে পিনাকী সামনে ঘোর দুর্দিন	Abusive
10035879	ডাঃ সাহেবের এ রকম ডায়াগনোসিসের মাধ্যমে ঐতিহাসিক সার্জিক্যাল অপারেশন ও ক্রস এক্সাম সত্যিই অসাধারণ	None
10035880	আজকে ভিডিওর শুরুতে অত্যন্ত ব্যথিত হলাম কারণ দাদা আপনি এতদিন বেশ সমালোচনা করলেও মুক্তিযুদ্ধকে মুক্তিযুদ্ধ বলেছেনআজকে প্রকাশ্যে মুক্তিযুদ্ধকে অপমান করলেন আপনার এজেন্ডা প্রকাশিত করলেন	None
10035881	ভুয়াযুদ্ধ	None
10035882	ভিডিওতে ফজা পাগলা র অসত্য গুলতানি দেয়া কাহানি লজিক হাত পা মাথা কিছুই নাই আপনি পারলে বুঝান ১৭৯ জনরে ৩ জন কিভাবে যুধ করে হারায় মেনে নিলাম হারাইছে তাইলে তাদের সে কি করছে যুদ্ধ বন্দি না হত্যা তাহলে এতবড় ঘটনার কোন রেকর্ড কোন নিউজ কিছু প্রমান নাইএইটা একটা এরপর আরো আছে যা একজন সাধারন নিম্ন স্তরের বুদ্ধি সম্পন্ন মানুষ যার হ্লুদ পদার্থ আছে বিশ্বাস করবে না করলে সে একজন উচ্চ স্তরের চুতিয়া ছাড়া আর কিছু না ভাল করে ভিডিও দেখেন এরপর উত্তর দেন	Abusive
10035883	দেখেন না বিশেষ বিবেচনায় পাশ দেয়া যায় কিনা	None
10035884	ফজলু পাগলার চেহারা দেখে মনে হয় না যে সে যুদ্ধ করেছে তার চেহারায় তো বলে তার বয়স ৬০ বছরের বেশি হবে না	None
10035885	এই লেংটা সোলেমান কিন্তু র এর এজেন্ট ভারতের যোগসাজশে এ দেশকে অস্থিতিশীল করার চক্রান্তে লিপ্ত	Abusive
10035886	ফজলুর কাম সারা	None
10035887	আরোও আরোও চাই সকাল সকাল ফুরফুরা টাটকা বিনোদন দাদা প্লিজ লাগে এরকম ল্যাব টেষ্টের নমুনা আরোও দেখতে চাই ভিতরের খোরাকি মিটে যায় ব্যাপকহারে বিনোদিত হয়েছি দাদা	None
10035888	ফজু পাগলারে ভুয়া মুক্তি যোদ্ধা	Abusive
10035889	আলুর দোষ বলে কি সতর্ক করলেন ভিডিও আছে নাকি দাদা	None
10035890	একটা ভূয়া পাগলের জন্য এত সময় নষ্ট করার দরকার ছিল কি পিনাকীদাকে আমাদের শহীদ ও আহতদের নিয়ে আর ও বেশী কথা বলার অনুরোধ করব সৈর শাসকের সব সহযোগিদের সরিয়ে তাদের বিচারের মুখোমুখি করার জন্য দা দা কে আরও বেশী সময় দিতে হবেকৃতজ্ঞতা	Abusive
10035891	ভাইরে লাস্টের কথা শুইনা হাসতেও পারলাম না কাদতেও না	None
10035892	হা হা হা হা হা হা হা হা হা	None
10035893	আদতেই তোরা বাংলাদেশে গৃহযুদ্ধ লাগাতে চাস	Abusive
10035894	তোরা ইয়াহিয়া খানের রেখে যাওয়া বীজ	None
10035895	ফজু পাগলার কথা শুনে মনে হয় পাকিস্তানি সেনারা গাধা ছিল	Abusive
10035896	আমি শুনছিলাম কিশোরগঞ্জে একটা নামকরা পাগলা আছে কিন্তু চিনতাম নাযাক এখন চিনা গেলো কৃতজ্ঞতা পিনাকি ❤	None
10035897	ইনকিলাব জিন্দাবাদ দাদা	None
10035898	পিনাকী আর ইলিয়াস প্রকৃত যোদ্ধা ৭১ মুক্তি যুদ্ধ নয়২০২৪ এর গণঅভ্যুত্থানে কি সাধারণ মানুষের আশার প্রতিফলন ঘটছে দ্রব্যমূল্যের দাম আগের চেয়েও বেশি মব জাস্টিস ফাঁসির আসামিগুলো মুক্তি পেয়েছেনিয়োগ দূর্নীতি চাঁদাবাজ সব কিছুই বেড়েছে	None
10035899	গু নিয়ে নারাচারা করলে তা নিজের মুখেই এসে পরে যার পকৃত উদাহরণ হচ্ছে এই ফজু পাগলা	Abusive
10035900	এমন ব্যক্তি আছে বলেই আমরা সথ্যি অসত্য শুনতে পাড়ি জানতে পারিএবং মুখুশধারি জানোয়ার চিনতে পারি	Abusive
10035901	দাদা আপনি ও যে কি কন হামগেরে ফজাপাগলা কি যে কয় আর কি যে খায়	Profane
10035902	পিনাকী দাদা এগিয়ে যান আমরা আছি আপনার সাথে	None
10035903	কথা সত্যি	None
10035904	কিয়া বাতহে চেতনার গোয়া মারা ওয়াও	Abusive
10035905	দাদা অনেক শুভেচ্ছা	None
10035906	হাস‍্যকর ভুয়া	Abusive
10035907	ফজু পাগলা	Abusive
10035908	ওনার মতন ভুয়া মুক্তি যোদ্ধাদের জন্যই আসল মুক্তি যোদ্ধারা সামান্য সুবিধা পায় নাই	None
10035909	দাদা আপনাকে অসংখ্য কৃতজ্ঞতা	None
10035910	কথায় কথায় অসত্য বলতে এদের অভ্যাসে পরিনত হয়ে গেছে	Abusive
10035911	দাদা আপনি একটা জিনিষ	None
10035912	ভুয়া ফজু পাগলা	Abusive
10035913	দাদা কৃতজ্ঞতা ফজুর পাগলার চেতনা ব্যাবসা বন্ধ করার জন্য	None
10035914	ফজু পাগলা মাস্টার ব্রিজ উড়াইয়া দেয় শুধু একটি স্টান গান এবং দুইটি LMG দিয়েই  “শুধু একটি স্টান গান এবং দুইটি দিয়ে ব্রিজ উড়ানো কি সম্ভব” না — শুধু একটি স্টান গান এবং দুইটি দিয়ে একটি ব্রিজ উড়ানো সম্ভব নয় কেন সম্ভব নয়  ১ স্টান গান  স্টান গান কোনো বিস্ফোরক নয়; এটি একটি বৈদ্যুতিক হাতিয়ার যা একজন ব্যক্তিকে সাময়িকভাবে অচল করতে ব্যবহৃত হয়এটি ব্রিজের মতো কাঠামো ধ্বংস করতে পারে না ২ লাইট মেশিন গান  গোলা ছোঁড়ে; গোলা কেবল কাঠের ব্রিজের দুর্বল অংশ বা ধাতব রেলিং ক্ষতিগ্রস্ত করতে পারে কিন্তু ব্রিজের মূল কাঠামো ধ্বংস করতে পারে না এমনকি ভারী মেশিন গান বা রাইফেলও ব্রিজ উড়াতে পারে না — তারা কেবল ছোট অংশ ক্ষতিগ্রস্ত করে ৩ ব্রিজ ধ্বংস করার জন্য বিস্ফোরক প্রয়োজন  একটি ব্রিজ উড়ানোর জন্য প্রয়োজন উচ্চ ক্ষমতার বিস্ফোরক যেমন বা গানপাউডার চার্জ এগুলো মূল বোঝা বহনকারী অংশে স্থাপন করতে হবে স্তম্ভ সাপোর্ট বিম সঠিক সময় এবং স্থাপন অপরিহার্য পূর্ণ ধ্বংসের জন্য ১৯৭১ সালের মুক্তিবাহিনীর প্রেক্ষাপট  মুক্তিযোদ্ধারা প্রায়ই ছোট বিস্ফোরক বা ডায়নামাইট ব্যবহার করত রেলওয়ে বা সড়কের ব্রিজ ধ্বংস করার জন্য গান LMGs রাইফেল ব্যবহৃত হত ধ্বংসকাজের সময় ঢাল হিসেবে বা শত্রু সৈন্যদের মোকাবিলা করার জন্য তাই LMGs + বিস্ফোরক  অভিযান ও ধ্বংস কিন্তু শুধুমাত্র LMG দিয়ে ব্রিজ উড়ানো সম্ভব নয় সংক্ষেপ  একটি স্টান গান এবং দুইটি দিয়ে ব্রিজ ধ্বংস করা যথেষ্ট নয় বিস্ফোরক থাকা আবশ্যক আর গান ধ্বংসকাজ চলাকালীন সুরক্ষা দেওয়ার জন্য ব্যবহৃত হয়	None
10035915	এই ছাগলের ইন্টারভিউ যে নিসে সেই তো বড় ছাগল	Abusive
10035916	পাকিস্তানের লিক হওয়া শুক্রানু থেকে যার জন্ম	Abusive
10035917	জামাতের আমির	None
10035918	মুজিব বাহিনী ছিল ভারতের এমেন্ডা বাস্তবায়নকারী ফজা ভুয়া মুক্তিযুদ্ধা	None
10035919	চোরের মায়ের বড় গলা তার প্রমান ফজু পাগলা	Abusive
10035920	ফজু পাগলার জন্য এক বালতি সমবেদনা	Abusive
10035921	শালায় যে বাটপারে এটা আগে থেকে জানতাম এত বড় বাটপার সেটা তো জানতাম না ওর মুক্তিযুদ্ধ সার্টিফিকেট বাতিলের জোর দাবি জানাচ্ছি	Profane
10035922	পিনাকী ভুয়া	Abusive
10035923	এই সমস্থ চুরের ছারাই চেতনার ব্যবসা করেকারণ প্রকৃত মুক্তি যুদ্ধ যারা করেছে তারা চেতনার ব্যবসা করেনা	Abusive
10035924	হাসতে হাসতে পেটে ব্যথা হয়ে গেছে	None
10035925	ফজা পাগলা যে বাটপার আগেই জানি এই ফজা পাগলা ইনডিয়ায় পলায়ে আছিল	Abusive
10035926	সলায় আসলে তো ভুয়া মুক্তি যুদ্ধা	None
10035927	বাঁশ টা তো একটু বেশি হয়ে গেলো	None
10035928	সরকারের পক্ষ থেকে এবিষয়ে সুষ্ঠু তদন্ত করে দোষী সাব্যস্ত হলে তার মুক্তিযোদ্ধা পদক কেড়ে নেওয়া হোক এবং সমস্ত ভাতা ফেরত নেওয়া হোক	None
10035929	ভুয়া মুক্তি যুদ্ধা	None
10035930	এবার কে আসবে মুক্তিযুদ্ধ চূদাইতেনেক্সট	None
10035931	পিঙ্কু	None
10035932	এবার মির্জা ফখরু‌লের কা‌হিনী উন্মোচন করা হোক	Abusive
10035933	পিঙ্কু	None
10035934	দাদা অসত্য মুক্তি বলার জন্য ফজা পাগলাকে পানিশমেন্ট দেওয়া দরকার বি এন পি আর কি মানুষ পেল না তাহার মত একজন পাগলকে এত বড় একটা দায়িত্ব দিল	Abusive
10035935	স্যালুট দাদাআলহামদুলিল্লাহ দেশে ৯৫ ভূয়া মুক্তি যোদ্ধা ফজা শেষ	None
10035936	তার কথা শুনলেই	None
10035937	ফজলুর রহমান একটা অসত্যবাদী	Abusive
10035938	হা হা হা হা	None
10035939	ভুয়া মুক্তিযুদ্ধা সেজে যে প্রতারকরা মুক্তিযুদ্ধার ভাতা নিয়েছে রাষ্ট্রের কোষাগার থেকে তাদের বিচারের আওতায় আনা হোক সারাদেশে ছবি টানিয়ে লিখে দেওয়া হোক ভুয়া মুক্তিযুদ্ধা	Abusive
10035940	ফজলু পাগলা রাজাকার ছিল 71	Abusive
10035941	দাদা চমৎকার বিশ্লেষণ	None
10035942	সুন্দরর	None
10035943	এই ফজু পাগলা চরম অসত্যবাদী	Abusive
10035944	লীগ কখনও বাংলাদেশের মানুষের দল না লীগ ভারতের দল রয়েরএজেন্ট	Political Hate
10035945	দাদা বর্তমানে নির্বাচন কমিশনের প্রধান সিইসি একটা গোষ্ঠীর হয়ে কথা বলছে প্রথম আলোকে দেওয়া একটা সাক্ষাৎকারে বলেছেন মবকারিরা নিবাচনে‌ সুবিধা করতে পারবে না ইদানিং তার কথা বার্তায় আওয়াল কমিশন ও হুদা কমিশনের গন্ধ পাচ্ছি আপনি উনার দেওয়া সকল বক্তব্য দেখলেই বুঝতে পারবেন তাই অনতিবিলম্বে উনাকে নিয়ে একটা সমালোচনা মূলক এপিসোড করলে খুব ভালো হতো বিপ্লবীরা যদি মব কারি হয় তাহলে তো উনি বিপ্লব মানেই না	Political Hate
10035946	খালি কলশি বাজেবেশী ফজাপাগলার বেলায তাই হয়েছে	Profane
10035947	যারাই ভোয়া মুক্তিযোদ্ধা তারাই কথা বেশি বলে	None
10035948	ফজু পাক্কা শয়তান এত দিন আমাদের অসত্য বলেছে সরকার এর উচিৎ ওনার মুক্তিযুদ্ধের সনদ বাতিল করা	Abusive
10035949	হাসিনার আমলে যত মুক্তিযদ্ধার লিষ্ট করা হয়েছে তার ৮০ ভুয়া	None
10035950	কি ট্রেনিং দিয়েছিল সে কি আগেই ট্রেনিং প্রাপ্ত ছিল	None
10035951	স্বাধীন হওয়ার মাত্র কয়েকদিন আগে যখন পাকাবাহিনীকে পিটিয়ে ঢাকায় জড়ো করেছিল করেছিল মুক্তি ফৌজ অস্ত্র শস্ত্র হীন পাকবাহিনীতখন ভারতীয় বাহিনী বাংলাদেশে ঢুকে ভারতীয় বাহিনীর সাথে স্বঘোষিত মুক্তিযুদ্ধারা ও বাংলাদেশে ঢুকে এ রকম ফজু পাগলা সহ অনেক চাটুকার মুক্তি যুদ্ধা হিসেবে নীজেদের জাহির করতে শুরু করে জয়বাংলা আর জয় বঙ্গবন্ধু বদৌলতে ভারতে বসে বসে তাস খেলে এবং বাংলাদেশকে ভারতের হাতে তুলে দেওয়ার চুক্তির মাধ্যমে ভারতের দাসত্বের শৃঙ্খলে আবদ্ধ হয়েভারতের বাহিনীর লুটপাট সহ সকল অপকর্মের সহযোগী হয় এরা মুক্তি যুদ্ধা ভারতের দাস দাসী শ্রেণীর এই অমানুষ গুলো এখনও বাংলাদেশকে অস্থিতিশীল পরিস্থিতিতে ফেলেছে শান্তি প্রতিষ্ঠা হলে এদের সকল ষড়যন্ত্র এবং অপকর্ম বেরিয়ে আসবে	Political Hate
10035952	ফজা মনে করছিলো যা কিছু বাল ছাল বইলা পার পাইয়া যাইবো বুঝে নাই কেউ তার তথ্য ডাবল চেক কইরা দেখতে পারে	Profane
10035953	শালা ফজা পাগলা খুব চাপা মারেকঠিন বাঁশ দিলেন দাদা	Profane
10035954	ফজা পাগলা ফজু	Abusive
10035955	খুব দ্রুত ভিডিও আসবে ১৯৭১ এ কোন যুদ্ধ হয় নাই আর মুরিদগুলা বলবে ঠিক হাঠিক হা দাদা আপনি যা বলছেন ঠিক	None
10035956	ফজা পাগলা আসতাছে পাবনা দিয়ে আসেন	Abusive
10035957	আমি ওপেখায় ছিলাম	None
10035958	অসংখ্য শুভেচ্ছা জানায় পিনাকি দাদা কে	None
10035959	দেশকে বাঁচাতে মুক্তিযুদ্ধ 71 নিয়ে যেন কেউ কথা বলতে এই ভাঙ্গা ক্যাসেট নিয়ে কেউ যেন রাজনীতি করতে না পারে এ বিষয়ে কঠিন আইন করা দরকার এই আবেগকে কাজে লাগিয়ে শেখ হাসিনার এসেছে এবং আবারো আসার চিন্তা করছে এবার বিএনপির ঘাড়ে চড়ে আসবে	Political Hate
10035960	দাদা ফজু পাগলাকে আমিও অপছন্দ করি কিন্তু সে কি আসলেই শূন্য পাওয়ার যোগ্য তার সব কথা অসত্য কিন্তু তার অংশগ্রহণ করাটা কি অসত্য হয়তো তার হাতে কোন পাকিস্তানী নিহত হয়নি কিংবা আত্মসমর্পণ করেনি কিন্তু অস্র হাতে তুলে নিয়েছিলেন কিনা দেশের জন্য তার সমসাময়িক অনেকেই তো অংশগ্রহন করেনি সে কি তাদের তুলনায় প্রসংশনীয় নয় ৫ ই আগষ্ট যারা রাজপথে ছিল তারা প্রত্যেকেই জীবনবাজি রেখে সেদিন রাজপথে নেমেছিলো তারা প্রত্যেকেই মুক্তিযোদ্ধা তাদের ভুল থাকতে পারে কিন্তু যেই ছেলেটা ৫ আগষ্ট রাজপথে ছিল সে তো ভূয়া হতে পারে না দাদা তাকে অবশ্যই আপনাকে পাস মার্কস দিতে হবে অংশগ্রহণের জন্য হয়তো তার এ প্লাসটা বাতিল হতে পারে বাংলাদেশের সৃষ্টিতে যুদ্ধে যাওয়ার মানসিকতাআনসার ট্রেনিং নেওয়াঅস্র হাতে নেওয়া তার যুদ্ধকালীন অবস্থান এগুলোই তাকে পাস মার্কস দেয় দাদা এই নূন্যতম সম্মানটা তাদের করা না হলে তাদের কি ২৫ শেষ মার্চের গনহত্যার পরে রাজপথে নামাটা ভুল ছিল আসলেই কি শূন্যে তাদের অস্বীকার করা যায় করা উচিত তাহলে তো বাংলাদেশকেও শূন্যতে অস্বীকার করা হয় দাদা আমি আপনার ভ্রাতাআপনার কোন ভিডিও এখন পর্যন্ত মিস হয়নি এই প্রথম আপনার শূন্য দেওয়ার সাথে দ্বিমত পোষণ করলাম নূন্যতম পাস মার্কস দেওয়ার পক্ষে অবস্থান করছিদৃষ্টতা ক্ষমা করবেন দাদা	None
10035961	এই দুই দিনের দেশে কত ধরনের নতুন পরিস্থিতি তৈরি হলো ছাত্রদের হত্যা করা হয়েছে এ বিষয়ে এপিসোড তৈরি না করে সেই আগের পুরনো ক্যাসেট মুক্তিযোদ্ধা 71 নিয়ে পড়ে থাকা ঠিক নয় এটা হচ্ছে বোকামি নির্বুদ্ধিতার পরিচয় এই ধরনের 71 মুক্তিযোদ্ধা নিয়ে আর কোন ধরনের রাজনীতি মানুষ দেখতে চায় না	Abusive
10035962	যে সকল নেতারা নিজেকে হাইলাইটস করার বক্তব্য পেষ করে এবং তা জনগণের কাছে ধরা পড়ে যায় তারা কি করে যোগ্য নেতা হয় এই সকল নেতাদের কারনেই বিএনপির ভাবমূর্তি নষ্ট হচ্ছে এই সকল ভন্ড জাহিরী করা নেতাদের বাচাই করার জন্য দলের মধ্যে চিরনী অভিযান পরিচালনা করা উচিত বিশেষ করে তারেক জিয়ার উচিত এই পরিচালনার নেতৃত্ব তার নিজের দেয়া দরকার ভবিষ্যতের জনগণের জন্য আমাদের দেশের যোগ্য নেতাদের দ্বারা দেশ পরিচালনা দরকার যে দেশ বিদেশিরা ২০০ বছর অবৈধভাবে দখল করে রেখেছিল সে দেশকে এত হেলাফেলা করার সুয়োগ নেই তাই ভবিষ্যৎ প্রজন্মের জন্য আসন্ন নির্বাচিত নেতাদের সেরকম হতে হবে আর সেই নেতা বাছাই এর জন্য একটি দলের দায়িত্ব তারেক জিয়া নিতেই পারে	None
10035963	অসাধারণ	None
10035964	ফজু পাগলার বিচার চাই	Abusive
10035965	ঠিককক	None
10035966	কৃতজ্ঞতা আপনাকে সত্য তুলে ধরার জন্য	None
10035967	প্নাকি দাদা ফোজু পাগ্লারে সব গুলোতে লাড্ডা গুড্ডা দিলে কেম্নে পাস করবে দুই এক জায়গায় কিছু পরেন্ট দিয়েন বিএনপির সব সালাদের পুটকি মেরে দিচ্ছেন আপনি একাই	Profane
10035968	ফজু পাগলা হকারী করলে জীবনে অনেক উন্নতি করতে পারতো	None
10035969	ডাকসু ইলেকশন হইলে  হাসনাত আব্দুল্লাহ সারজিস নাহিদ আলম নাসরদ্দিন পাটোয়ারীর মতো এক ঝাক তরুণ নেতা তৈয়ারি হবে  তখন আর মির্জা ফখরুল +জেনারেল ওয়াকার +অ্যাডমিন ক্যাডার সেক্রেটারি রা চুরি আর টাকা পাচার  মানুষের জায়গা দখল করে ডিওএইচএস বারিধারা পূর্বাচল এর হাউসিং প্লট বানাইতো পারবে না  তাই হাসিনার বদমাইশ ওয়াকার ডাকসু ইলেকশন বন্ধ করতে চাচ্ছে	Political Hate
10035970	ফজু পাগলা এবারে জয়বাংলা হবে	Abusive
10035971	ফজা আলু	None
10035972	ডাকসু ইলেকশন হইলে  হাসনাত আব্দুল্লাহ সারজিস নাহিদ আলম নাসরদ্দিন পাটোয়ারীর মতো এক ঝাক তরুণ নেতা তৈয়ারি হবে  তখন আর মির্জা ফখরুল +জেনারেল ওয়াকার +অ্যাডমিন ক্যাডার সেক্রেটারি রা চুরি আর টাকা পাচার  মানুষের জায়গা দখল করে ডিওএইচএস বারিধারা পূর্বাচল এর হাউসিং প্লট বানাইতো পারবে না  তাই হাসিনার বদমাইশ ওয়াকার ডাকসু ইলেকশন বন্ধ করতে চাচ্ছে	Political Hate
10035973	ডাকসু ইলেকশন হইলে  হাসনাত আব্দুল্লাহ সারজিস নাহিদ আলম নাসরদ্দিন পাটোয়ারীর মতো এক ঝাক তরুণ নেতা তৈয়ারি হবে  তখন আর মির্জা ফখরুল +জেনারেল ওয়াকার +অ্যাডমিন ক্যাডার সেক্রেটারি রা চুরি আর টাকা পাচার  মানুষের জায়গা দখল করে ডিওএইচএস বারিধারা পূর্বাচল এর হাউসিং প্লট বানাইতো পারবে না  তাই হাসিনার বদমাইশ ওয়াকার ডাকসু ইলেকশন বন্ধ করতে	Political Hate
10035974	ডাকসু ইলেকশন হইলে  হাসনাত আব্দুল্লাহ সারজিস নাহিদ আলম নাসরদ্দিন পাটোয়ারীর মতো এক ঝাক তরুণ নেতা তৈয়ারি হবে  তখন আর মির্জা ফখরুল +জেনারেল ওয়াকার +অ্যাডমিন ক্যাডার সেক্রেটারি রা চুরি আর টাকা পাচার  মানুষের জায়গা দখল করে ডিওএইচএস বারিধারা পূর্বাচল এর হাউসিং প্লট বানাইতো পারবে না  তাই হাসিনার বদমাইশ ওয়াকার ডাকসু ইলেকশন বন্ধ করতে চাচ্ছে	Political Hate
10035975	ডাকসু ইলেকশন হইলে  হাসনাত আব্দুল্লাহ সারজিস নাহিদ আলম নাসরদ্দিন পাটোয়ারীর মতো এক ঝাক তরুণ নেতা তৈয়ারি হবে  তখন আর মির্জা ফখরুল +জেনারেল ওয়াকার +অ্যাডমিন ক্যাডার সেক্রেটারি রা চুরি আর টাকা পাচার  মানুষের জায়গা দখল করে ডিওএইচএস বারিধারা পূর্বাচল এর হাউসিং প্লট বানাইতো পারবে না  তাই হাসিনার বদমাইশ ওয়াকার ডাকসু ইলেকশন বন্ধ করতে চাচ্ছে	Political Hate
10035976	ডাকসু ইলেকশন হইলে  হাসনাত আব্দুল্লাহ সারজিস নাহিদ আলম নাসরদ্দিন পাটোয়ারীর মতো এক ঝাক তরুণ নেতা তৈয়ারি হবে  তখন আর মির্জা ফখরুল +জেনারেল ওয়াকার +অ্যাডমিন ক্যাডার সেক্রেটারি রা চুরি আর টাকা পাচার  মানুষের জায়গা দখল করে ডিওএইচএস বারিধারা পূর্বাচল এর হাউসিং প্লট বানাইতো পারবে না  তাই হাসিনার বদমাইশ ওয়াকার ডাকসু ইলেকশন বন্ধ করতে চাচ্ছে	Political Hate
10035977	ডাকসু ইলেকশন হইলে  হাসনাত আব্দুল্লাহ সারজিস নাহিদ আলম নাসরদ্দিন পাটোয়ারীর মতো এক ঝাক তরুণ নেতা তৈয়ারি হবে  তখন আর মির্জা ফখরুল +জেনারেল ওয়াকার +অ্যাডমিন ক্যাডার সেক্রেটারি রা চুরি আর টাকা পাচার  মানুষের জায়গা দখল করে ডিওএইচএস বারিধারা পূর্বাচল এর হাউসিং প্লট বানাইতো পারবে না  তাই হাসিনার বদমাইশ ওয়াকার ডাকসু ইলেকশন বন্ধ করতে চাচ্ছে	Political Hate
10035978	ডাকসু ইলেকশন হইলে  হাসনাত আব্দুল্লাহ সারজিস নাহিদ আলম নাসরদ্দিন পাটোয়ারীর মতো এক ঝাক তরুণ নেতা তৈয়ারি হবে  তখন আর মির্জা ফখরুল +জেনারেল ওয়াকার +অ্যাডমিন ক্যাডার সেক্রেটারি রা চুরি আর টাকা পাচার  মানুষের জায়গা দখল করে ডিওএইচএস বারিধারা পূর্বাচল এর হাউসিং প্লট বানাইতো পারবে না  তাই হাসিনার বদমাইশ ওয়াকার ডাকসু ইলেকশন বন্ধ করতে চাচ্ছে	Political Hate
10035979	ডাকসু ইলেকশন হইলে  হাসনাত আব্দুল্লাহ সারজিস নাহিদ আলম নাসরদ্দিন পাটোয়ারীর মতো এক ঝাক তরুণ নেতা তৈয়ারি হবে  তখন আর মির্জা ফখরুল +জেনারেল ওয়াকার +অ্যাডমিন ক্যাডার সেক্রেটারি রা চুরি আর টাকা পাচার  মানুষের জায়গা দখল করে ডিওএইচএস বারিধারা পূর্বাচল এর হাউসিং প্লট বানাইতো পারবে না  তাই হাসিনার বদমাইশ ওয়াকার ডাকসু ইলেকশন বন্ধ করতে চাচ্ছে	Political Hate
10035980	চেতনার বেবসা এখন থেকেই বন্ধ	None
10035981	ডাকসু ইলেকশন হইলে  হাসনাত আব্দুল্লাহ সারজিস নাহিদ আলম নাসরদ্দিন পাটোয়ারীর মতো এক ঝাক তরুণ নেতা তৈয়ারি হবে  তখন আর মির্জা ফখরুল +জেনারেল ওয়াকার +অ্যাডমিন ক্যাডার সেক্রেটারি রা চুরি আর টাকা পাচার  মানুষের জায়গা দখল করে ডিওএইচএস বারিধারা পূর্বাচল এর হাউসিং প্লট বানাইতো পারবে না  তাই হাসিনার বদমাইশ ওয়াকার ডাকসু ইলেকশন বন্ধ করতে চাচ্ছে	Political Hate
10035982	ডাকসু ইলেকশন হইলে  হাসনাত আব্দুল্লাহ সারজিস নাহিদ আলম নাসরদ্দিন পাটোয়ারীর মতো এক ঝাক তরুণ নেতা তৈয়ারি হবে  তখন আর মির্জা ফখরুল +জেনারেল ওয়াকার +অ্যাডমিন ক্যাডার সেক্রেটারি রা চুরি আর টাকা পাচার  মানুষের জায়গা দখল করে ডিওএইচএস বারিধারা পূর্বাচল এর হাউসিং প্লট বানাইতো পারবে না  তাই হাসিনার বদমাইশ ওয়াকার ডাকসু ইলেকশন বন্ধ করতে চাচ্ছে	Political Hate
10035983	ডাকসু ইলেকশন হইলে  হাসনাত আব্দুল্লাহ সারজিস নাহিদ আলম নাসরদ্দিন পাটোয়ারীর মতো এক ঝাক তরুণ নেতা তৈয়ারি হবে  তখন আর মির্জা ফখরুল +জেনারেল ওয়াকার +অ্যাডমিন ক্যাডার সেক্রেটারি রা চুরি আর টাকা পাচার  মানুষের জায়গা দখল করে ডিওএইচএস বারিধারা পূর্বাচল এর হাউসিং প্লট বানাইতো পারবে না  তাই হাসিনার বদমাইশ ওয়াকার ডাকসু ইলেকশন বন্ধ করতে চাচ্ছে	Political Hate
10035984	মুরগি চুরি করতে গিয়ে ধরা পড়ে আঙ্গুল কেটে যুদ্ধাহত মুক্তিযোদ্ধা দেশে অসংখ্য	None
10035985	প্রমানিত হলো ফজা ভূঁয়া মুক্তিযোদ্ধা	None
10035986	ফজা পাগলা বুয়া মুক্তিযোদ্ধা আমার আগেই সন্দেহ ছিল এইবার ক্লিয়ার হইলো	Abusive
10035987	ভূয়া মুক্তিযোদ্ধা	None
10035988	ফজা পাগল লেংটা	Profane
10035989	গাজার নৌকা পাহাড়তলী যায় ফজা পাগলা	Abusive
10035990	এই পাগলের মতো হাজার হাজার লোক ভুয়া মুক্তিযোদ্ধা আছে	Abusive
10035991	ফজা পাগলার পাগলামি শেষ করতে হবে	Abusive
10035992	চমৎকার কথা বললেন	None
10035993	তিনজনের একজন মারা গেছে দুজন বেচে আছে একজন ফজু আরেকজন জীবিত আছে ওর কাছে বিস্তারিত জানা হোক কিভাবে ৩ জন ১৭৯ জন মিলিটারি পরাজয় বরন করাল	None
10035994	পরীক্ষার আগে আলু খেতে হয় নারে পাগলা	None
10035995	সফলতা বাংলা তোর মার বোদার ভিতর ​আক্রমণ	Profane
10035996	মজা মাড়ে ফজা ভাই আমরা শুধু শুধু হুদাই হুদাই নাও বাই	None
10035997	আমাদের বগুড়ায় শাজাহান পুর উপজেলা আমরুল ইউনিয়নের ভুয়ামুক্তি যুদ্ধা হ'য়ে আলীগশাসন আমালে সাটিফিকেট বাতিল হওয়ার পরেও বতমানে তারা সরকারি চাকরিতে বহাল রয়েছে দেখার কেউ নাই	Political Hate
10035998	সত্য তুলে ধরার জন্য কৃতজ্ঞতা	None
10035999	ফজু পাগলার সব দাবী অসত্য সে কোন যুদ্ধ করেনি সে একজন ভূয়া মুক্তিযোদ্ধা	None
10036000	খুনি হাসিনা ও তার দোসরদের ৫ই আগস্ট গনঅভ্যুত্থানের হাত থেকে কেন বাচিয়ে রেখছেন সুমহান সৃষ্টিকর্তা তায়ালা ভালো জানেন বাংলাদেশের জনগনকে শাস্তি দেওয়ার জন্য নাকি খুনি হাসিনা ও তার দোসরদের আরও অপমান ও অপদস্ত করে দুনিয়া থেকে শেষ বিদায় দেওয়ার জন্য এত অরাজকতা তৈরি করছে সব প্রতিষ্ঠান ও বিশ্ববিদ্যালয় গুলোতে  দেখে খুব কষ্ট হচ্ছে ইয়া সৃষ্টিকর্তা আপনি বাংলাদেশকে শান্তিপূর্নময় করে দিন আমিন	Political Hate
10036001	থিওরি আর বাস্তবতা এক না বয়ান সহজ কিন্তু যুদ্ধ না	None
10036002	ভালো করে খোজ নিলে দেখা যাবে ফজা কিছুই করেনি উল্টো পাক আর্মী দের সহযোগী ছিল	None
10036003	বেএনপির সব ভূয়া	Political Hate
10036004	এভাবে সব ভিডিও আপনি অকাট্য প্রমান দেন বলেই দিনকে রাত বললেও সত্যি মনে হয়	None
10036005	১০১০ শালায় কি কইলো এইটা আবু তাহের সে কি করে ঠাকুর হয়বে ছাগলের ছা ছাগল	Abusive
10036006	ফজা পাগলা আর তার নেতা তারেক রহমান কে সারদা অ্যাকাডেমীতে ১০টা রাত্রিযাপনের জন্য পাঠানোর দাবী জানাই	Abusive
10036007	ফজা পাগলা একটা ভোয়া মুক্তি যোদ্ধা ভন্ড চিটার বাটপার মোনাফেক	Abusive
10036008	অসংখ্য ভুয়া কাহিনী বলা মুক্তিযোদ্ধা ফুটকিওয়ালা যোদ্ধা আচগে আশে পাশে এমন ওদের পুন্দে আগুন লাগিয়ে দিলেন	None
10036009	এর কথা শুনলে মনে হয় সবই অসত্য ও বানোয়াট	None
10036010	তো এখানে এসেছেন কেন	None
10036011	টাউট বাটপার বলেই সে বেশি চিল্লায়	Abusive
10036012	অসুস্থ মানসিক রোগী এই পিনাকী	Abusive
10036013	পিনাকী দাদা বাংলাদেশের যেকোনো রাজনৈতিক দলের নেতার চেয়ে একহাজার গুণ বেশি জনপ্রিয়	None
10036014	উনাকে আর ইলিয়াস সাহেবকে নিয়ে BAL এর আদর্শ সন্তানেরা সমালোচনাও প্রচুর করে	None
10036015	পিনাকী দাদা বাংলাদেশের মানুষের প্রাণের স্পন্দন	None
10036016	পিনাকী দাদা জিন্দাবাদ	None
10036017	এতো ভুয়া মুক্তিযোদ্ধা	Abusive
10036018	আনসারের কাছে ট্রেইনিং নিয়ে হয়ে গেল কমান্ডার আর সে যে ঊকালতি করে তার পড়াশুনা শিক্ষাগত যোগ্যতা কি	None
10036019	ফজু পাগলা	Abusive
10036020	ও যে একটা বাটপার ভূয়া মুক্তিযোদ্ধা এটা আমি আগেই জানতাম ৷ প্রকৃত মুক্তিযোদ্ধা কখনো ওর মতো ফাল পারে না ৷ আপাদমস্তক একটা ভন্ড এবং বাটপার ৷	Abusive
10036021	ব্যাবহারেই বোঝা যায় কে মুক্তি যোদ্ধা আর কে রাজাকার	Abusive
10036022	ফজা তোর জায়গা পাগলা গারদেও হবে নারে	Abusive
10036023	জুলাই অভূথ্যান পরবর্তী স্বাধীন বাংলাদেশে মুক্তিযুদ্ধের চেতনার ব্যবসা বন্ধ করতে হবে	None
10036024	পিনাকী কাকা সাংবাদিক ইলিয়াস চাচার ভাষ্য মতে এই পাগল ছাগল সব বঙ্গবন্ধুর উম্মত যারা নিজস্ব ওহির আলোকে জীবন যাপন করে যার প্রভাব গত ১৫ বছর সবাই উপলব্ধি করেছে	None
10036025	স্বৈরাচার পালিয়ে যাওয়ায় ফজা পাগলার অন্তর জালায় জ্বলছে জুলাই গণঅভ্যুত্থানে ১৪ শত শহিদের রক্তের সাথে বেইমানি করতে চায় ফজা পাগলা	Abusive
10036026	সালা বাটপার ফজা	Profane
10036027	দুংখজনক হলেও সত্য মুক্তিযোদ্ধা দাবি করা অধিকাংশ মুক্তিযোদ্ধা ভূয়া	None
10036028	দাদা এরকম হাজার হাজার ভূয়া মুক্তি যুদ্বা আছে ৭১ এ আওমিলীগের একজন নেতা কর্মিও মুক্তি যুদ্ব করে নাই তারা ভাবছিল পাকিস্তানি সেনাদের সাথে যুদ্ব করে কখনই যুদ্ব করে দেশ স্বাধীন করতে পারবে না এই জন্যভয়ে তারা আগেই কলকাতা সোনাছি মাগি পল্লিতে আশ্রয় নিয়েছে ৮ মাস যুদ্ব চলা অবস্থায় তারা দেখছে দেশ স্বাধীনের পথে তখন দেশে এসে বলে আমি মুক্তি যুদ্বা সেক্টর কমান্ডারের হাত পা ধরে মুক্তি যুদ্বা হিসাবে লিখিত নেয়	Political Hate
10036029	মুজিবের যে বাহিনিরা লুটপাট ধর্ষন ডাকতি করেছে ফজা পাগলা তাই ছিল ফলে মুজিবের পাপ এত ভারি হয়েছে	Political Hate
10036030	দাদা ফজা পাগলা সহ আওয়ামিলীগের সেক্স ভিডিও দিয়া বাঁশ দিবেন	Abusive
10036031	মুক্তিযোদ্ধা না ভুয়াযোদ্ধা	None
10036032	দাদা আমি আগেই বলেছি এই ফজা পাগলা ভুয়া মুক্তিযোদ্ধা বাটপার চিটার ফজা পাগলা মুক্তিযোদ্ধা নামে অবৈধ টাকা ইনকাম করে	Abusive
10036033	আরে ভাই এত কথা না পেচাইয়া ডাইরেক্ট বলে দাও বাংলাদেশে কোন যুদ্ধ হয় নাই বাংলাদেশে একজনও মরে নাই	Abusive
10036034	সুযোগ সুবিধা বাগাতে অনেকে অসত্য মুক্তি যোদ্ধার তকমা লাগিয়েছিলো সে তাদের একজন মনে হয়	None
10036035	বর্তমান প্রশাসনের উচিৎ প্রতিটা মুক্তিযুদ্ধাদের সরাসরি ইন্টারভিউ নিয়ে ভূয়া ফজু পাগলাদের মুখুশ তুলে ধরা জাতির কাছে কে কোন কোন স্থানে অভিযান করেছে সাথে কোন কোন লোক ছিলো এবং প্রতিজনের আলাদা আলাদা জিজ্ঞাসা করা তাহলে আসল সত্যি ঘটনা বেরিয়ে আসবে	Abusive
10036036	মানুষিক রোগী দিয়ে চলছে বিম্পি	Political Hate
10036037	সালা একে ভুয়া বলে স্লোগান হোক	Profane
10036038	ধরা খাইছে	None
10036039	এই জন্যই মানুষ বলে চোরের মায়ের বড় গলা আজ তাই প্রমাণ পেয়ে গেলাম এই ফজু পাগলা মিডিয়ায় এতো চাপাবাজী কেন করে	Abusive
10036040	বাটপার ফজুর বিচার চাই	Abusive
10036041	এই সমস্ত ভুয়া পুটকি যোদ্ধা থেকে হাজারো গুন বেশি গুরুত্বপূর্ণ জুলাই আন্দোলনের যোদ্ধাগন	Profane
10036042	কোত্তার ছা মুক্তিযোদ্ধ ত করছ নাই বুঝবি কেমনে এর মাহাত্ত	Profane
10036043	আপনি করেছেন কাকে গালি দিচ্ছেন	None
10036044	854 আমি হাসতে হাসতে শেষ	None
10036045	ফজা পাগলা	Abusive
10036046	ফজু পাগলা মনে মনে সিনেমা বানাইছে	None
10036047	ফজা বজা	None
10036048	যদি সত্য বলে থাকেন তবে লিগ্যাল ব্যাবস্থা নিন	None
10036049	ফজা পাগলার মাথায় গ্যাস্টিক আছে	Abusive
10036050	ঐ ফজু বেঈমান  আস্ত  আস্ত একটা বেঈমান  মিথ‍্যুক  অসত্যবাদী ॥ দু দিন আগে বা পরে  হঠাৎ কবে কখন মুত্যু বরন করে কিন্তু কোন ডর ভয় নেই  সৃষ্টিকর্তা রসুল কে ভয় করে না  মিত্যু কে ভয় পায় না  কবরের আজাব কে ভয় করে না  বেহেস্ত দোজখ বিশ্বাস বা ভয় পায় না  ইনকিলাব জিন্দাবাদ ইনকিলাব জিন্দাবাদ	Abusive
10036051	দরিদ্র অথচ মেধাবী এই মুক্তিযোদ্ধা অইতে পারে	None
10036052	তর কপালটাই খারাপ রে ফজা পাগলা পরিক্ষার সময় কি আলু খাইছিলো শুভেচ্ছা পিনাকী দাদা ফজার মুল উঠানোর জন্য	None
10036053	আমি	None
10036054	আমি অনেক বড় অপরাধ করেছি কেউ আমাকে শাস্তি দে আমি কেন মোবাইল কিনলাম আর কেন এই সমস্ত সত্য কথাগুলো দেখতেছি  হায়রে ফজা পাগলা তুইতো সফলতা বাংলা	None
10036055	বই পড়ে সব মুখস্থ করে পরে এসব গল্প বলে বলে সে মুক্তিযুদ্ধা হইছে	None
10036056	তুই হ্লা রাজাকার মুক্তিযুদ্ধ নিয়ে কথা বলার কে তুই তিনিঞ্চি	Abusive
10036057	সৃষ্টিকর্তা তা'য়ালা দাদাকে হেদায়েত করুন ইসলামের জন্য	None
10036058	ফজা পাগলা আসিতেছে ফায়ার বললেই সব পালাইয়া যাইতো	Abusive
10036059	ফজা পাগলা আসিতেছে ফায়ার বললেই সব পালাইয়া যাইতো	Abusive
10036060	এভাবেই ভুয়া মুক্তি যোদ্ধা সেজে দিনের পর দিন এদেশের জনগণের সাথে বাটপারি ও তামাশা করছিলো এই ফজুদের মতে অনেকেই	Abusive
10036061	মুক্তি যুদ্ধের চেতনা বিক্রি করে আর কত খাবা ফজা অরফে ফজু পাগলা	Abusive
10036062	স্যালুট স্যার	None
10036063	আহা আমাগো ফজলু দাদা	None
10036064	যার জন্মের বৈধতা নেই সে আরেক জনের বৈধতা খুজে কি দিন আসলো	None
10036065	এই ফজলু ৫৫ বছর সরকারের কোটি কোটি টাকা ভাতা ও অন্যান্য সুবিধা নিয়েছেন এখন যদি প্রমাণ হয় উনি ভূয়া তাহলে কি রাষ্ট্র সব ফেরত পাবে কিভাবে আমরা ক্ষতিপূরণ পাবো	None
10036066	ওরে বলার দরকার ছিলো কিভাবে বন্দুক ব্যবহার করতে হয়	None
10036067	মুক্তি যুদ্ধই হয়	None
10036068	বাংলাদেশে হাজার হাজার ভুয়া মুক্তিযোদ্ধার অস্তিত্ব আসল মুক্তিযোদ্ধাদের মর্যাদাকে ক্ষুণ্ণ করছে এরা অসত্য কাগজপত্র বা প্রভাব খাটিয়ে সুবিধা ভোগ করছে যা জাতীয় সম্পদে বোঝা হয়ে দাঁড়ায় সত্যিকারের মুক্তিযোদ্ধারা জীবন বাজি রেখে দেশ স্বাধীন করেছেন আর ভুয়া তালিকাভুক্তরা শুধু অন্যায়ের মাধ্যমে সুযোগ নিচ্ছে এতে শুধু প্রকৃত মুক্তিযোদ্ধার সম্মান নষ্ট হয় না রাষ্ট্রের অর্থনৈতিক ক্ষতিও হয় তাই ভুয়া মুক্তিযোদ্ধাদের চিহ্নিত করে তালিকা থেকে বাদ দেওয়া জরুরি আর প্রকৃত মুক্তিযোদ্ধাদের যথাযথ সম্মান ও সুবিধা নিশ্চিত করা উচিত	None
10036069	হ তুই যে দালাল সেটা আর বলা লাগবে না	Abusive
10036070	সবাই জেনে রাখেন স্যার কখনো অসত্য বলে না	None
10036071	ফজু পাগলা সত্যি পাগলা	Abusive
10036072	বক্তব্য শোনার আগেই থাম্বেল দেখেই আমি বয়কট করলাম	Abusive
10036073	এই ফজলু ৫৫ বছর সরকারের কোটি কোটি টাকা ভাতা ও অন্যান্য সুবিধা নিয়েছেন এখন যদি প্রমাণ হয় উনি ভূয়া তাহলে কি রাষ্ট্র সব ফেরত পাবে কিভাবে আমরা ক্ষতিপূরণ পাবো	None
10036074	সত্য তুলে আনার জন্য কৃতজ্ঞতা	None
10036075	এই বেটা বড় মিরজাফর	Abusive
10036076	স্যার অসাধারণ	None
10036077	ফজা বুয়া”বুয়াবুয়া তা নাহলে নিজের ঢোল নিজে এত বাজানো প্রয়োজন হত না	Abusive
10036078	সত্য কোনদিন লুকাইয়া রাখা যায় না দাদা আপনাকে কৃতজ্ঞতা	None
10036079	দাদার তথ্য গুলো চমতকার হয় শুভেচ্ছা	None
10036080	ভুয়া মুক্তিযোদ্ধা সে যদি এতো যুদ্ধ করে থাকে তাহলে সে একটা বীর প্রতীক বা বীর উত্তম খেতাব পেতো	Abusive
10036081	ফজু পাগলা ভুয়া মুক্তিযোদ্ধা	Abusive
10036082	দাদা আমি শুরু থেকে বলতেছি যে ফজা পাগলা ভুয়া মুক্তিযোদ্ধা কারণ মুক্তিযোদ্ধারা যেভাবে কথা বলে ওর কথার সাথে তার কথা কোন মিল নাই	Abusive
10036083	ফজা পাগলা একজন ভুয়া মুক্তিযোদ্ধা	Abusive
10036084	মুক্তিযুদ্ধের নিয়ে বাটপার করে মানুষ কেন	Abusive
10036085	লীগের টুকাই এখন চান্দা তারেকের দল নেতা	Political Hate
10036086	লীগের টুকাই এখন চান্দা তারেকের দল নেতা	Political Hate
10036087	ভাই আমরা এসব গুয়া মার্কা বক্তব্য আমরা খাইনা	None
10036088	স্বাধীনতার পর থেকে বাংলাদেশে যত এমপিমন্তী হয়ছে তারা কোনো না কোনো ভাবে মুক্তিযুদ্ধের সাথে জরিত ছিলো বা তা তাদের আত্নীয়স্বজন জরিত ছিলো তো এত মুক্তিযুদ্ধের চেতনা তাদের ভিতর ছিলো তাহলে দেশের আজকে এই বেহাল অবস্থা কেন কোনো পাকিস্তানপন্তী লোকজন তো আর কখনো একক বাবে ক্ষমতায় ছিলো না তাহলে এই দেশটাকে লুটেপুটে খাইছে কারা এই মুক্তিযুদ্ধের চেতনা ব্যাবসায়িরা তারা কিভাবে মুক্তিযুদ্ধের চেতনা ব্যাবসা করে দেশ লুটেপুটে খাইছে এই বিষয়ে একটা ভিডিও করবেন	Political Hate
10036089	একেবারে সঠিক কথা	None
10036090	এইভা‌বে যাচাই হ‌লে ৫ প্রকৃত মু‌ক্তি‌যোদ্ধা তা‌লিকায় স্থান পা‌বে	None
10036091	তোর মত বিকারগ্র্রস্ত ব্যক্তি আপন মাতা কে ও তথ্যপ্রমান সহ শিশুবিবাহ সূত্রে কিছু দিন তোর বৌ হয়ে ছিল বললে এখন আর অবাক হব না অবাক প্রমান করা শৈশবকালের কিছু দিন তোর বৌ ছিল	Abusive
10036092	উনি এইভাবে আমাদের বোকা বানিয়েছে এতদিন	None
10036093	ভুয়া ফজা	None
10036094	ফজু পাগলা ৭১ টিভিতে বয়ান দিছে৭১ টিভি ভারতীয় দালাল আর ফজু ও ভারতের গুপ্তচর	Abusive
10036095	দাদা জিন্দাবাদ ইনকিলাব জিন্দাবাদ	None
10036096	এক কথায় মুক্তিযুদ্ধের চেতনা নিয়ে আর ব্যবসা করতে দেওয়া যাবে না না হেসে আর পারলাম নাসত্য তুলে ধরার জন্য কৃতজ্ঞতা দাদাকে	None
10036097	দালাল তুই পিনাইক্কা	Abusive
10036098	অন্তর থেকে সহমত পোষণ করি দাদা	None
10036099	আমাদেরগর্ব আমাদেরঅহংকার পিনাকী	None
10036100	ঠিক বলেছেন দাদা ফজু পাগলা একটা ভন্ড প্রতারক বেইমান অসত্যবাদী চাঁদাবাজি দুর্নীতিবাজ	Abusive
10036101	এর মুক্তিযুদ্ধের সার্টিফিকেট বাতিল করার জোর দাবি জানাচ্ছি	None
10036102	বাংলাদেশে ভূয়া মুক্তিযোদ্ধা অসংখএরাই দেশের অশান্তি সৃষ্টি করছেযেমন লতিফ সিদ্দিকী যুদ্ধের সময় ইন্ডিয়া ছিলতাহলে সে কিভাবে মুক্তিযোদ্ধা হয়এরকম অনেক মুক্তিযোদ্ধা আছেএই ভুয়া মুক্তিযোদ্ধাদের ধরে এদের শাস্তির ব্যবস্থা করা অত্যন্ত জরুরীযদি পারেন এদের একটা ব্যবস্থা করেন	Abusive
10036103	ফজা পাগলা আর কাদের পাগলা দুইটা মাল দেখতে অনেকটা একি রকম কাজকাম ও একি রকম	Abusive
10036104	আমি নামটা শুনে অসংখ্য খুশি হয়েছে	None
10036105	আমার মতে ফজলু চাচা মুক্তিযোদ্ধা ছিল কিন্তু ক্রেডিট নিতে এই ভিডিওতে অসংখ্য চাপাবাজি করছেব্যাড লাক আঙ্কেল	Abusive
10036106	কৃতজ্ঞতা ভাই	None
10036107	কুলাঙ্গার সন্তানের মুখোশ উন্মোচন করার জন্য কৃতজ্ঞতা দাদা	Abusive
10036108	ভুযা মুক্তি যুদ্ধ ফজা ছাগল এর বিচার চাই করতে হবে	Abusive
10036109	ভুয়া মুক্তিযোদ্ধা	None
10036110	ইনকিলাব জিন্দাবাদ	None
10036111	ওরে বাটপার ফজা মেন্টাল	Abusive
10036112	হা হা হা	None
10036113	ফজুকে নিয়ে এত সময় নষ্ট করার দরকার ছিল কি দাদা ওতো ভন্ড জনগণ জানে ইনকিলাব জিন্দাবাদ	Abusive
10036114	শুধু ফজু পাগলা নয় খুজলে ৬০ বের হবে	None
10036115	ভুয়া মুক্তিযোদ্ধাদের তালিকা তৈরি করতে হবে এবং আইনত ব্যবস্থা গ্রহণ করতে হবে ইনকিলাব	None
10036116	ফজা কামটা করল কি	None
10036117	সব দোষ আলুর ফজু পাগলা আলু খাই ছিল কেন দাদা	Abusive
10036118	পিনাকি তুই একটা বাটপার	Abusive
10036119	ফজু পাগল রাজাকার	Abusive
10036120	আসলে যা বুঝতেছি সবথেকে বড় রাজাকার অসত্যবাদি রাষ্ট্রদ্রৌহি সব অন‍্যায়ের হোতা এই লোক আরও বুঝতে পারলাম যারা একটু বেশি ভাব নেয় তারা সব ভুয়া	Abusive
10036121	দেশ স্বাধীন হওয়ার পর কোনো পাকিস্তানের দালাল পাকিস্তান পালাইনি কিন্তু ভারতের দালালেরা ঠিকই ভারত পালিয়েছে কথা কি ক্লিয়ার	Abusive
10036122	এদেশে চোর বাটপারদূর্নীতিবাজ ফ্যাসিস্টদের শেষ আশ্রয়স্থল হচ্ছে মুক্তিযুদ্ধের চেতনা	Political Hate
10036123	ইনকিলাব জিন্দাবাদ	None
10036124	সত্যের পথে অবিচল দাদা কৃতজ্ঞতা এভাবেই ভুয়া মুক্তি যোদ্ধা দের মুখশ খুলে দিতে হবে	None
10036125	হাজার হাজার ভুয়া মুক্তিযোদ্ধা আছে	None
10036126	ইনকিলাব জিন্দাবাদ	None
10036127	আমি হান্ডেট পার্সেন্ট ফজলু রাজাকারের ছা	Abusive
10036128	অসংখ্য কৃতজ্ঞতা প্রিয় পিনাকী দাদা ভাই	None
10036129	ফজু পাগলার মুক্তিযুদ্ধের গল্পের অবসান হল খুব দরকার ছিলো দাদার এই এপিসোড এর	None
10036130	ফজু পাগলা ৫০ বছর ধরে এদেশের মানুষ কে অসত্য গল্প শুনালো	Abusive
10036131	দারুণ মজা পাইলাম	None
10036132	ইনকিলাব জিন্দাবাদ	None
10036133	আমার আরেক সাথী আবু তাহের ঠাকুর কি আজব নাম বাবারে	None
10036134	দাদা হাসতে হাসতে পেটে ব্যথা হয়ে গেল দাদা	None
10036135	চাপার জন্য বিক্ষত পাগল	None
10036136	ফজু হালায়শেষ বয়সে এতো অসত্য গল্প মারায়হালায় মরার ভয় পায় নাহ	Abusive
10036137	আমি ফজা পাগলের কথা শুনে আমি আগে থেকেই সন্দেহ ছিল উনি প্রকৃত মুক্তিযোদ্ধা হতে পারে না কারণ প্রকৃত মুক্তিযোদ্ধা রা কখনো অধ্যায় সাপোর্ট করে না তারা বেফাঁস মন্তব্য করে না দেশের মানুষের ক্ষতি তাঁরা মেনে নিতে পারে না এই জন্য ঐ ফজা পাগলের কথা বার্তা প্রমাণ করে উনি মুক্তি যোদ্ধা কোনো ভাবেই না	Abusive
10036138	ফজা পাগলা	Abusive
10036139	এ তো স্বাধীনতার চাটুকদার ব্যক্তি ভালো পুণ্যের প্রচারণা করতে হয় না এর মুখে তো স্বাধীনতার কথা সর্বদা জপে এতো অসত্য বাদি	Abusive
10036140	এমন একটা বাজে লোককে খালেদা জিয়া গুরুত্ব পূর্ণ পদে কি ভাবে রাখলেন	Abusive
10036141	আমাদের এলাকায় আছে এমন ভুয়া মুক্তিযোদ্ধা যুদ্ধের সময় জন্ম হয় নাই তাও মুক্তিযুদ্ধা	None
10036142	বিএনপি আর লিগে ওনেক ফজা পাগলা আছে	Political Hate
10036143	দাদা	None
10036144	তোমার ভিডিও মানে আগুন দাদা	None
10036145	না হেসে আর পারলাম নাসত্য তুলে ধরার জন্য কৃতজ্ঞতা দাদাকে	None
10036146	ভন্ড ফজারে পাছা মাইরা দেন ভাই	Profane
10036147	দাদা আপনি যেমন ভাবে জানেন এই রকম মানুষ ই দেশে দরকার এই না জানা মানুষ গুলো ক্ষমতায় বসে দেশের মানুষ ক্ষতিগ্রস্ত হচ্ছে	None
10036148	এই ভিডিওটি ফজু পাগলারে কেও শিয়ার করেন	Abusive
10036149	ও পিনাকি দাদা অনেক তো উল্টাপাল্টা নিউজ করেন অনেক সময় কিছু সত্য নিউজ করেন অনেক সময় অসত্য নিউজ করেন এগুলোতে আসলে ঠিক না আপনি যা বলেন সবই কি সঠিক আর আপনি যেভাবে কথা বলেন উপস্থাপন করেন মনে হয় আপনি যা বলেন এটাই অকট্য দলিল এবং সঠিক আসলে আপনি ভুয়া নিউজ গুলা করা বন্ধ করেন আর একজন মুসলমানের যখন নাম রাখা হয় তখন আকিকা করে তার নামটা রাখা হয় আর আপনি সে নামটা বিকৃত করতেছেন আপনি নাম বিকৃত করার কে এর জন্য আপনার বিরুদ্ধে মানহানি মামলা হওয়া দরকার এর আগেও দেখলাম তাবলীগ জামাতের বিষয় একটা নিউজ করছেন যার মধ্যে ৯৯  ভুয়া কথা মানুষের মধ্যে উপস্থাপন করছেন এগুলো ভুয়া নিউজ করা বন্ধ করেন	Abusive
10036150	ভুয়া মুক্তিযোদ্ধাদেরকে চিহ্নিত করা খুবই জরুরি	None
10036151	ফজা ভুয়া মুক্তিযোদ্ধা	None
10036152	অপারেশন সার্চলাইট নামের যে বর্বরচিত খুন ও ধর্ষণ করেছিল পাকিস্তানি হানাদার বাহিনী এর মধ্যে প্রথম ধর্ষিতার সন্তান জনাব পিনাকী ভট্টাচার্য	None
10036153	আমলীগের কাঁচা মাল	None
10036154	একাত্তরের মুক্তিযুদ্ধকে আসলেই কি নাম দেয়া যায় পিনাকী ভাই একাত্তরের ইতিহাস এতবার পরিবর্তন করা হয়েছে এটা নিয়ে একটা পরিস্কার বয়ান দরকার	None
10036155	সত্য তুলে ধরার জন্য কৃতজ্ঞতা দাদা	None
10036156	বাংলাদেশের প্রতিটি গ্রামে মুক্তিযোদ্ধা আছে কিন্তু ফজল পাগলার মত এরকম ফাউল মুক্তিযোদ্ধা আর নেই যদি থাকতো তাহলে ফজু পাগলার মতোই পক পক করত সারাক্ষণ শুধু রাজাকার আল বদল বলে জিকির করত আর দেশের মানুষকে অতিষ্ঠ করে তুলতে এক ফজু পাগলার যন্ত্রণায় সহ্য হচ্ছে	Abusive
10036157	তরত জম্মর ঠিকনাই তর বাপ পাকিস্তনি	Abusive
10036158	বিনোদনের সঙ্গে সত্য ঘটনার উন্মোচন শুধু দাদা ই করতে পারে	None
10036159	আপনি এটা তারেক কে দেখান ফজা পাগলু	Abusive
10036160	ফজুর তিন বন্ধুর একজনের না নাকি আবু তাহের ঠাকুর ঠাকুর কোনো মুসলিমের নামের সাথে বসে নাকি	None
10036161	ফজা পাগলা হুমায়ুন ফরিদা সিন কপি করছে	Abusive
10036162	ও পিনাকী দাদা এরকম কাটপিস কথাগুলো উপস্থাপন কেন করতেছেন পুরা ভিডিওটা দেখান ওই চ্যানেলের প্রথম থেকে শেষ পর্যন্ত পুরা ভিডিওটা দেখান	None
10036163	বান্দীর পুত ফজু ৭১ ভারতে ছিলো পাকিস্তান চলে যাওয়ার পর কিশোরগঞ্জে চুরি ডাকাতি আর লুটতরাজ চালাইছে	Profane
10036164	আপনি এটা তারেক কে দেখান ফজা পাগলু	Abusive
10036165	ইনকিলাব জিন্দাবাদ	None
10036166	বাবু আপনাকে সুস্বাগতম	None
10036167	বান্দীর পুত ফজু ৭১ ভারতে ছিলো পাকিস্তান চলে যাওয়ার পর কিশোরগঞ্জে চুরি ডাকাতি আর লুটতরাজ চালাইছে	Profane
10036168	অসত্য বলার ও লিমিট থাকার দরকার তাও আবার মুক্তিযুদ্ধ নিয়ে	None
10036169	আপনি যাকে বাবা ডাকে বড় হয়েছেন সে কি আপনার বাবা	None
10036170	এতো আনন্দ কোথায় রাখি	None
10036171	বাংলাদেশ থেকে এখনো অসত্য শেষ হয়ে যায় ভাবতেই অবাক লাগে মানুষ কিভাবে এত সাজিয়ে গুছিয়ে অসত্য কথা বলতে পারি	Abusive
10036172	পিনাকি দাদা মানেই আগুন	None
10036173	১৯৭১ সালে বরিশাল জেলার মুলাদী উপজেলা আমাদের ইউনিয়নে কোনো পাকিস্তানি বাহিনী প্রবেশ করতে হবে পারে নাই আমাদের জন্য আর্শীবাদ হয়েছে নদী খাল গুলো	None
10036174	জানতাম এমন কিছুহবে	None
10036175	জানতাম এমন কিছুহবে	None
10036176	ফজা পাগলা	Abusive
10036177	ফজলুর রহমান বাবু একজন ভারতীয় রাজাকার	Abusive
10036178	এই ফজু পাগলা যে একটা অসত্যবাদী মুক্তিযুদ্ধের চেতনা ব্যবসায়ী এটা বেশ আগেই দেশের মানুষ বুঝতে পারছে কিন্তু শুধুমাত্র বিএনপির হাইকমান্ড বুঝতে পারে নাই আর এই বুঝতে না পারার অক্ষমতার কারণে তাদের অনেক মূল্য দিতে হয়েছে এবং সামনেও হবে	Abusive
10036179	এই ফজু পাগলা যে একটা অসত্যবাদী মুক্তিযুদ্ধের চেতনা ব্যবসায়ী এটা অনেক আগেই দেশের মানুষ বুঝতে পারছে কিন্তু শুধুমাত্র বিএনপির হাইকমান্ড বুঝতে পারে নাই আর এই বুঝতে না পারার অক্ষমতার কারণে তাদের অনেক মূল্য দিতে হয়েছে এবং সামনেও হবে	Abusive
10036180	জাতির পিতা পিনাকি জাতির আব্বা ইলিয়াস	None
10036181	সকল ভুয়া মুক্তিযোদ্ধাদের ভাতা বন্ধ করে ও সনদ বাতিল করা হোক	None
10036182	ভুয়া মুক্তিযোদ্ধা মুজিব বাহিনী ও রক্ষী বাহিনীর সদস্য নিষিদ্ধ ছাত্রলীগের সাবেক সভাপতি 24 এর মুক্তিযোদ্ধাদেরকে রাজাকারের ছা সম্বোধনকারী ফজু পাগলা the Mad কে ডাস্টবিনে ফেলার জন্য পিনাকী ভট্টাচার্য কে অশেষ কৃতজ্ঞতা হারামির ছা বলে সে নাকি 1200 মুক্তিযোদ্ধার কমান্ডার মাত্র দুই সপ্তাহের আনসারের ট্রেনিং নিয়ে 12 জন গেরিলা মুক্তিযোদ্ধার কমান্ডার হতে পারে কিন্তু সে যেহেতু মুজিব বাহিনী মুজিব বাহিনী বাংলাদেশে ঢোকার আগেই বাংলাদেশ স্বাধীন হয়ে গেছিল	Abusive
10036183	ভুয়া মুক্তিযোদ্ধা মুজিব বাহিনী ও রক্ষী বাহিনীর সদস্য নিষিদ্ধ ছাত্রলীগের সাবেক সভাপতি 24 এর মুক্তিযোদ্ধাদেরকে রাজাকারের ছা সম্বোধনকারী ফজু পাগলা the Mad কে ডাস্টবিনে ফেলার জন্য পিনাকী ভট্টাচার্য কে অশেষ কৃতজ্ঞতা হারামির ছা বলে সে নাকি 1200 মুক্তিযোদ্ধার কমান্ডার মাত্র দুই সপ্তাহের আনসারের ট্রেনিং নিয়ে 12 জন গেরিলা মুক্তিযোদ্ধার কমান্ডার হতে পারে কিন্তু সে যেহেতু মুজিব বাহিনী মুজিব বাহিনী বাংলাদেশে ঢোকার আগেই বাংলাদেশ স্বাধীন হয়ে গেছিল	Abusive
10036184	লাস্টের কটা ডায়লগ সেই মজা ছিল আলু খাইয়া 71 টিভিতে সাক্ষাৎ দিতে গিয়েছিল	None
10036185	এখন নিজেদের মুক্তিযোদ্ধা দাবি করতেছে ছাত্ররা যেই লাউ সেই কদু	None
10036186	ফজা পাগলা	Abusive
10036187	বাটপার পিনাকে ভট্টাচার্য	Abusive
10036188	অসত্য চেতনা ব্যবসা বন্ধ করার এখনই সময়	Abusive
10036189	এই সবকিছু পিনা কি ভট্টাচার্য করতেছে টাকা কামাই করার জন্য	Abusive
10036190	পিনাকি দাদা জিন্দাবাদ	None
10036191	পিনাকী ভট্টাচার্যের সমস্ত ফলোয়ারদেরকে বলবো আপনারা বীর মুক্তিযোদ্ধা ফজলুর রহমানের এই সাক্ষাৎকারটা ৭১ চ্যানেলে সার্চ করে দেখলেই বুঝতে পারবেন পিনাকী ভট্টাচার্য কত বড় বাটপার	Abusive
10036192	বাটপার পিনাকে ভট্টাচার্য	Abusive
10036193	অসত্যর কারখানা কারখানা পিনাকী ভট্টাচার্য	Abusive
10036194	ও পিনাকি দাদা উনিতো বলেন নাই যে সর্বপ্রথম পতাকাউনি উত্তোলন করেছেন কিশোরগঞ্জে জাতীয় পতাকা যে কেউ তো উত্তোলন করতে পারে	None
10036195	পুরাই অস্থির	None
10036196	কৃতজ্ঞতা দাদা	None
10036197	পিনাকী ভট্টাচার্যের ফলোয়ারদেরকে বলবো আপনারা ৭১ চ্যানেলের বীর মুক্তিযোদ্ধা ফজলুল রহমানের এই সাক্ষাৎকারটা যেটা পিনাকে ভট্টাচার্য বিকৃত করেছে সবাইকে দেখার জন্য অনুরোধ করতেছি আপনারা সবাই ৭১ চ্যানেলের সার্চ করে এই ভিডিওটা দেখুন পিনাকী যে কত বড় বাটপার সেটা বুঝতে পারবেন	Abusive
10036198	ফোজু পাগলার কথাই বুঝা যাই যে সারাদেশ ও একাই স্বাধীন করছে	None
10036199	এভাবেই সত্যকে উন্মোচন করে যান দাদা সমস্ত বাংলাদেশ আপনার সাথে আছে বিশেষ করে তরুণ সমাজ এই জেনারেশনের যুবকদের আর গল্পের বই পড়ে শিক্ষা দেওয়া সম্ভব না যুব সমাজ এখন সত্য জানতে চায় সত্যের অনুসন্ধান করে তাই সমস্ত ভুয়া মুক্তিযোদ্ধা পাগলের বালের কথা শুনলে আনন্দ পায় ফজা পাগলা	Profane
10036200	ওনার ফায়ার কথার সাথে কমান্ডার রাকিব সাহেবের মিল আছে না	None
10036201	দাদা আমি ওই ভিডিওটার মধ্যে দেখলাম উনি স্বাধীন বাংলাদেশে পতাকা উত্তোলন করেছেন এটা বলেন নাই উনি বলেছেন নয় মার্চ পতাকা উত্তোলন করেছি উনি ব্যক্তিগতভাবে পতাকা উত্তোলন করেছেন দাদা আপনি যত অসত্যবাদী এটা আগে বুঝি নাই মানুষকে আর কত ধোঁকা দিবেন টাকা কামাই করার জন্য	Abusive
10036202	সোনাগাছির যোদ্ধা	None
10036203	দাদা আমি ওই ভিডিওটার মধ্যে দেখলাম উনি স্বাধীন বাংলাদেশে পতাকা উত্তোলন করেছেন এটা বলেন নাই উনি বলেছেন নয় মার্চ পতাকা উত্তোলন করেছি উনি ব্যক্তিগতভাবে পতাকা উত্তোলন করেছেন দাদা আপনি যত অসত্যবাদী এটা আগে বুঝি নাই মানুষকে আর কত ধোঁকা দিবেন টাকা কামাই করার জন্য	Abusive
10036204	ও পিনাকি দাদা বীর মুক্তিযোদ্ধা ফজলুলুর রহমান সাহেবের যে ভিডিওটা আপনি দেখাইতেছেন ভিডিওটার পুরা ভিডিও আমার কাছে আছে আমি কমেন্টস এ পোস্ট করা অনেক চেষ্টা করলাম কিন্তু আসলে কমেন্টসে কোন ভিডিও পোস্ট করা যায় না দেখলাম ওটা পোস্ট করতে পারলাম না এগুলো উল্টাপাল্টা পোস্ট করা বাদ দেন দাদা টাকা কামাই করার জন্য আর কত কি করবেন	None
10036205	আই হাই এগুলো কি শুনলাম	None
10036206	তুই এইটা রাজাকার পিনাকী	Abusive
10036207	ফজলু একটা পাগল এটা আমরা আগেই বুঝতে পারছি	Abusive
10036208	ভুয়া মুক্তি যোদ্ধা পজু পাগলা শুভেচ্ছা পিনাকী দাদা	None
10036209	মুখে মধু অন্তরে বিষ এরই নাম ফটকা সাধু	Abusive
10036210	হায় হায় এতদিন আমরা বই পুস্তকে কি পড়লাম	Abusive
10036211	তর বাপ ফাকিস্থানী এইডা নিশ্চিত	Abusive
10036212	মুক্তিযুদ্ধের চেতনা বিক্রি করে ৫৪বছর করছে লুটপাট	Political Hate
10036213	পিনাকী দাদার এপিসোড দেখার জন্য কে কে অপেক্ষায় থাকেন	None
10036214	সহমত	None
10036215	ও পিনা নাকি দাদা মুক্তিযুদ্ধের সময়কার সমস্ত ঘটনা কি ইতিহাসে আছে অনেক জেনুইন মুক্তিযোদ্ধার নামই তো নাই অসংখ্য ঘটনা পুস্তকে উল্লেখিত নাই তাই বলে কি ওই ঘটনা গুলো বাদ দেওয়া যাবে মানুষকে হে প্রতিপন্ন করা বাদ দেন পিনাকী দাদা	None
10036216	এসলো মুজিব বাহিনীর লোক এ কোন মুক্তিযোদ্ধা ছিল না আর মুক্তিযোদ্ধা ওটাতো বাংলাদেশের মানুষের ভুল ইতিহাস খাওয়ানো হয়েছে বাংলাদেশ কখনো মুক্তিযোদ্ধা হয়নি পাকিস্তান আমাদের পরবর্তী অত্যাচার করেনি ভারতের প্ররোচনায় বাঙালিরা পাকিস্তানের সাথে গন্ডগোল বাদী দেশ আলাদা করেছে আমরা দুর্বল হয়ে গেছি এর জন্য	None
10036217	পিনাকী ভট্টাচার্যের সমস্ত ফলোয়ারদেরকে বলবো এই কাটপিস ভিডিও দেখে দয়া করে কেউ কোন মন্তব্য করবেন না আপনারা সবাই ৭১ চ্যানেলের ভিডিওটা দেখেন আগে ভিডিওটা দেখলে পিনাকী ভট্টাচার্যের কুট কৌশল ধরা পড়ে যাবে	None
10036218	ফায়ার	None
10036219	আপনি দেশের বাইরে না থেকে দেশে যান	None
10036220	আমি তো পরথম থেকে বলেছিফজা পাগলা ভুয়া মুকতি যোদ্ধা মুজিবর বাহিনী তো যুদ্ধ করে নি	Abusive
10036221	হালায় দেখি কঠিন বীর	None
10036222	পিনাকী জামাতের দালাল	Political Hate
10036223	পিনাকী দাদা যুগ যুগ জিও	None
10036224	উনার কাজ ই হলো মানুষ কে কিভাবে ছোট করা যায় অনেকদিন ধরে উনার বুক্তব্য শুনি উনি মানে পিনাকি সাহেবের তবে অনেকে উনার বক্তব্য এখন আর শুনেনে না করেন কারন উনার টেন্ডেন্সী মানুষের পিছে লাগা দেশ প্রেম দেশে এসে দেখান বিদেশে বসে কি করেন	None
10036225	বাংলাদেশে বর্তমানে যতগুলি মুক্তিযোদ্ধা আছে তাদের মধ্যে অনেক ভুয়া মুক্তিযোদ্ধা রয়েছে	None
10036226	পিনাকী দাদা এ ফজা পাগলা আর মজা পাগলা যাই বলেন না কেন এটা হচ্ছে সেক্কাসুরার মতন সেকাছুরা ও সৈরাচার প্রতিবাদ হাসিনা মতন অসত্য কথা বলে এই পঝা পাগলারে আজকে একটু সাইজ কইরা দিয়েন টেক্কা ছোড়ার মতন আর হাসিনার মতন অসত্য কথা দেন কমায় বলে	Abusive
10036227	ও পিনাকী দাদা এরকম কাট পিস করে ফজলুর রহমান সাহেবের ভিডিওটা উপস্থাপন করলেন সমস্ত ফলোয়ারদেরকে বলবো ৭১ চ্যানেলের সার্চ করে সাহেবের পুরা ভিডিওটা দেখার জন্য পিনাকী ভট্টচার্য একটা অসত্যবাদী এটা বোঝা যায় আমি এইমাত্র দেখলাম পুরা ভিডিওটা	Abusive
10036228	ও পিনাকি দাদা এই কাটপিস উপস্থাপনা বন্ধ করেন পারলে পুরা ভিডিওটা দেখান	None
10036229	আবু তাহের ঠাকুর	None
10036230	এই চ্যানেলের ফলোয়ারদেরকে বলবো আপনারা ৭১ চ্যানেলের মুক্তিযোদ্ধা ফজলুর রহমান সাহেবের এই অনুষ্ঠানেরপুরা ভিডিওটা আগে দেখুন তারপর সবাই মন্তব্য করুন	None
10036231	অসাধারণ কৃতজ্ঞতা দাদা	None
10036232	চমৎকার ভিডিও দাদার	None
10036233	ভট্টাচার্য ইসলামিক মূল্যবোধ প্রচার করেন কি অবস্থা আমাদেরভট্টাচার্য দের কাজ এর সাথে ওরওর সাথে এর লাগাই দিয়ে মজা দেখাভারতের রএর এজেন্ট যেদিন আমাদের অবস্থা ইউক্রেন অথাবা সিকিমের মতো আবস্তা হবে সেদিন মানুষ বুঝতে পারবে	Abusive
10036234	৭১ সালে কোন যুদ্ধই হয়নি এই কথাটা শোনার অপেক্ষায় আছি	None
10036235	এই প্রথম নিজের থানর কথা শুনলাম পিনাকি দাদার কাছ থেকে	None
10036236	যেই অতিরিক্ত কথা বলেছে সেই ফেসেছে ফজা পাগলার ভিমরতিতে ধরেছে	Abusive
10036237	ফায়ার একটা ফায়ার	None
10036238	ফজু পাগলা হইল চাপাবাজ বাটপার শালা শালা চিটার অসংখ্য কৃতজ্ঞতা পিলাকি দাদা	Abusive
10036239	ফালতু লোকদেশের বাইরে বসে সেই দেশের সরকারের ভাতা খায় আর ফালতু কথা বলে	Abusive
10036240	এই রকম লাকো ভুয়া মুক্তিযোদ্ধা আছে	Abusive
10036241	বড়ই হাস্যকর	None
10036242	আজকের ভিডিওতে পেনিক গলাপাঠিয়ে আপনাকে জারজসন্তান হিসেবে নিজেকে পরিচিয় করাবে আসুন আমরা সবাই মিলে তার মায়ের রঙ্গমঞ্চে বেশ্যাবাজি করার যুক্তিগুলো শুনে আসি	Profane
10036243	ওরে কে কোথায় আছিস মুক্তিযোদ্ধা মন্ত্রণালয় ওর নামে লিখে দে	None
10036244	একদম সত্যি বলছেন দাদা	None
10036245	গোলাম আযম	Abusive
10036246	মাশাসৃষ্টিকর্তা চমৎকার বিশ্লেষণ	None
10036247	উনার জন্য দোয়া চাই আমিও করি সৃষ্টিকর্তা যেন তাকে মুসলিম হওয়ার জন্য এবং মুসলিম উম্মাহর ঐক্য শান্তি ও সমৃদ্ধি কামনার জন্য সৃষ্টিকর্তা তায়ালা কবুল করুন আমীন	None
10036248	চেতনা ব্যবসায়ীরা বলেন কিছু	Abusive
10036249	দাদা আপনি এটা কি ভিডিও বানালেন এই মুক্তিযোদ্ধা নাকি অন্য কিছু ভালো করে একটু খতিয়ে দেখুন এই খালি রাজাকার রাজাকার বলে আমার মনে হয় এই প্রকৃত রাজাকার	None
10036250	আপনার বিশ্লেষণধর্মী সুন্দর প্রতিবেদনে দেখে মনটা ভরে গেলো ফজু পাগলারে জুতা পেটা করা উচিৎ ৭১ এর চেতনা আর বিক্রি হবে না রে পাগলা ইনকিলাব জিন্দাবাদ	Abusive
10036251	বেশিরভাগ মুক্তি যোদ্ধা ভুয়া	None
10036252	ফজু পাগলা আওয়ামী লীগের দোসর	Abusive
10036253	ফজা পাগলা ভুয়া মুক্তিযোদ্ধা	Abusive
10036254	ফজা পাগলা বাটপার মুক্তিযোদ্ধা	Abusive
10036255	ফজু শয়তান য়ে সোনাগাছির খাট যোদ্ধা ছিলো আগেই বলেছিলাম	None
10036256	তুই বালে বালে গিডাই কি দেখাস	Profane
10036257	ফজা পাগলার যুদ্ধ হচ্ছে ঢিসুম ঢিসুম ওই যে ছোট্টবেলা যে আমরা দুইটা লাঠি নিয়ে খেলতাম	None
10036258	খাই ছে রে পজু পাগলা দরা খাইছে	None
10036259	মুক্তিযোদ্ধা ভুয়া মুক্তিযোদ্ধা সদস্যপদ বাতিল করা হোক	Abusive
10036260	ফজলু চাপাবাজ	Abusive
10036261	পিনাকী তোমাকে ধনেবাদ	None
10036262	স্যার সবচেয়ে মজার বিষয় হলো আপনার এখানে যারা কমেন্ট করে তারা সবাই আপনাকে হয়তো অন্ধভাবে বিশ্বাস করে আপনি এখন যা বলেন তাই তারা সত্য ভেবে নেয় হয়তো ইতিহাস কিছুদিন পর পাল্টে যাবে তখন আপনি যা বলেছেন এগুলো হয়তো এভাবে উদঘাটন কোন ব্যক্তি করবো সত্য না অসত্য বলেছেন আপনি মুক্তিযুদ্ধকে নিয়ে বিভিন্ন ভাবে উপস্থাপন করেন যে যা বলছেন সব সঠিক আগে মুক্তিযুদ্ধকে নিয়ে শেখ হাসিনা তার মনমতো উপস্থাপন করেছে জনগণের সামনে এবং বাধ্য করেছে অবিকল আপনার ই আগস্ট গণঅভ্যুত্থান কে দেশ স্বাধীন থেকেও উপরে নিচ্ছে সালের স্বাধীনতা যুদ্ধ ছিল দেশের বিরুদ্ধে আমাদের ন্যায্য অধিকারের আদায়ের লক্ষ্য এখন যেটা হয়েছে এটা অত্যাচারের জুলুম ফ্যাসিবাদ স্বৈরাচার শেখ হাসিনার বিরুদ্ধে দুটাকে এক করে কখনো মাপা যায় না	None
10036263	ফজা পাগলার মতই হাজার হাজার ভূয়া মুক্তি যুদ্বা এভাবেই রাজনীতি করে সুবিধা নিয়ে গেছে	Abusive
10036264	চেতনা বাজদের কারনে দেশটা পিছিয়ে আছে	Political Hate
10036265	কৃতজ্ঞতা আপনাকে সত্য তুলে ধরার জন্য	None
10036266	কিশোরগঞ্জ থেকে দেখছি দাদা	None
10036267	নেংটা সোলেমান পিনাক্কী তুই যে একটা বাটপার আবার প্রমান করলি	Abusive
10036268	দাদা আমি তো হাসতে হাসতে পেট ব্যথা হয়ে গেলো	None
10036269	তুই ত পাকিস্তানের রক্ত রাজাকারের দোসর তুই কি ভাবে মুক্তিযোদ্ধ ও মুক্তিযুদ্ধাদের সম্মান করবি	Abusive
10036270	আমি কি কারেও ডরাই ভাঙতে পারি মাটির কড়াই	None
10036271	এটা আরেক ওবায়দুল কাদের	Abusive
10036272	আমি প্রথম বলেছিলাম যে ফজু থেকে ফজা নাম হবে	None
10036273	ভাই ফজা পাগলার কথা শুনলেই আমার যা মনে কয় কি কমু	None
10036274	দাদা আপনার সাথে আমি একমত মুক্তি যোদ্ধ বলা ঠিক না	None
10036275	স্যার আপনার কথাগুলো সবাই এমন ভাবে বিশ্বাস করে কিছুদিন পর হয়তো ইতিহাস বিকৃত করে ও যদি উপস্থাপন করেন তার পর সবাই আপনার কে বিশ্বাস করবে	None
10036276	শেখ হাসিনার আমলে যেমন তিনি যা বলেছেন সবকিছুই ইতিহাস হয়ে গেছে আজ আপনি যা বলছেন ঠিক সেম একই ভাবে মানুষ বিশ্বাস করতেছে আমরা দেখলাম শেখ হাসিনায় ক্ষমতা থাকাকালীন আগস্টে 400 থেকে 450 মানুষ মারা গেছে বা গুলি করে হত্যা করেছে পরবর্তীতে এই জোলাই নিয়ত সংখ্যা দাঁড়ালো ২০০০ অধিক পরবর্তীতে অন্ত কোন দল বিভিন্নভাবে যেই মানুষগুলো নিহত হয়েছে তাদেরকেও জুলাই যোদ্ধা নিহত হিসেবে অন্তর্ভুক্ত করা হয়যার ফলশ্রুতিতে বেড়ে দাঁড়ায় এখন ২০০০	None
10036277	পিনাকিনী দাদা জিন্দাবাদ ফজা পাগলা মুর্দাবদ	Profane
10036278	ও আমার ধোনের মুক্তিযোদ্ধা	Abusive
10036279	দাদা পনাকে দেখলেই পাগল পাগল লাগে ওনার কাপড পডার স্টাইল কথা নলার ধারণ সবকিছু একদম পাগলের মত	None
10036280	শেষের ডায়লগ গুলা সেই ছিল দাদা  প্রাণ খুলে হেসেছি	None
10036281	ভুয়া ফিজু	None
10036282	ফোজা এটা কোন কাজ হইলো রে তো বুড়া বয়সে	None
10036283	চেতনার ব্যবসা বাংলার জমিনে আর চলবে না	None
10036284	দাদা এই সব পাগল ছাগলের বিষয়ে কথা বলা আপনার মানায় না আপনাকে আমারা দেশের গুরুত্ব পূর্ণ বিষয় মনে করি	Abusive
10036285	পিনাকি দাদা জিন্দাবাদ	None
10036286	কিছু ভুয়া মুক্তিযোদ্ধাদের দৌড়াত্বে আসল মুক্তিযোদ্ধাদের কোণঠাসা	Abusive
10036287	পীর সাহেব নতুন ওহী পেয়েছেন  এখন নাকি সালে মুক্তিযোদ্ধা ছিল না  দিনে দিনে আরো কত ওহি যে আসবে পীর সাহেবের কাছে	None
10036288	ফজু পাগলা আইতাছে	None
10036289	পুরো মুজিব বাহিনী স্বাধীনতাবিরোধী রাজাকার	Political Hate
10036290	আবু তাহের ঠাকু	None
10036291	ও যখন আলেম ওলামাদের নিয়া কথা কইছিলো তখন ই কিনছিলাম ও ভুয়া মুক্তিযোদ্ধা	Religious Hate
10036292	৭১ এর ইতিহাস ভারত তৈরি ইতিহাস আমরা সঠিক ইতিহাস জানতে চাই	None
10036293	পৃথিবীর সমস্ত চাটামিস্ট রা চাটাম দেয়ার সময় যখন কোনো সংখ্যা বলার ক্ষেত্র আসে তখন দেখবেন সবসময় বেজোড় সংখ্যা বলে	Abusive
10036294	তুই শুধু একা যুদ্ধ করছোস	None
10036295	দাদ আপনাকে মহান সৃষ্টিকর্তা আপনার হায়াত বাড়িয়ে দিন	None
10036296	ফায়ার	None
10036297	বাংলাদেশের যত ভুয়া মুক্তিযুদ্ধা আছে তাদের সকলকে শনাক্ত করে এত দিন রাষ্ট্রীয় অর্থ আত্মসাতের দায়ে শাস্তির আওতায় আনা উচিত	Abusive
10036298	এখন বুঝতে পারছি ২৪ এর গণঅভ্যুত্থানে যাত্রাবাড়ীর কমান্ডার রাকিব কমান্ডার ফজার কাছ থেকে ট্রেনিং নিয়েছিল	None
10036299	পিনাকী দাদা জিন্দাবাদ ইনকিলাব জিন্দাবাদ	None
10036300	ফজা পাগলা ভুয়া মুক্তিযোদ্ধা চাপাবাজ	Abusive
10036301	ফজা পাগলা	Abusive
10036302	নেক্সট কাদের সিদ্দিকী	None
10036303	হাসিনার বিতাড়িত সন্তান ফজু পাগলার কথা শুনে মনে হচ্ছে ও একাই বাংলাদেশের সব যুদ্ধ করে দেশ স্বাধীন করছে একমাত্র অনন্ত জলিলের পক্ষেই ফজু পাগলার মতো অসম্ভবকে সম্ভব করা সম্ভব	None
10036304	যত মুক্তিযোদ্ধা আছে তার ৯০ ভুয়া	Abusive
10036305	বেশ্যার পুত পিনাকি এটাই প্রমাণ	Profane
10036306	আম্বালীগে সকল বাল যুদ্ধাই ফজ্জার মত মুক্তি যুদ্ধ ব্যাবসা করে	Profane
10036307	অসাধারণ ভিডিও ফজু রে আমার আগেও সন্দেহ হইতো এখন ক্লিয়ার হইলাম	None
10036308	কি কয় পাগল	Abusive
10036309	খনিকের ছেলে ১৯৭১ এ তোর ভুমিকা কি	None
10036310	এরকম আরও অসংখ্য ফজা মারকা আহাম্মক বি এন পিতে আছেএই সকল ফজা খজা মাজা দলথেকে বাদদিতে হবে নচেত দল খতম হয়েজাবে	Political Hate
10036311	এই ফজা কে পুরা উলঙ্গ করতে হবে	Abusive
10036312	উনি একজন চুক্তি জোদধা	Abusive
10036313	ফজু পাগলা অসত্য কথা বলছে	Abusive
10036314	আমরা আগেই জানি ভারতীয় এজেন্ট ফজু পাগলা বাকশালি ভুয়া মুক্তিযোদ্ধা	Political Hate
10036315	ভন্ড মুক্তিযোদ্ধা	Abusive
10036316	হারামজাদা ভূয়া ওর কথা সবাই জালফাজিল কোথাকার	Profane
10036317	বাংগালী শুধু নিজের বিপক্ষে থাকা ব্যাক্তির সমালোচনা শুনতে ভালোবাসে	None
10036318	ফজা পাগলা একটা ছাগল আর মিত্থুক	Abusive
10036319	এইটা চরম লেগেছে দরিদ্র অথচ মেধাবী	None
10036320	আমি হাসব নাকি কানবো	None
10036321	পৃথিবী বিখ্যাত ফাইটার ফজা পাগলা সে তার পিতার আইডলপিতা বলেছে ৩লাক্ষ৩০লাক্ষফজা ও ফাইজলামি কইরা কোন মতে চালায় দিল আর কি	None
10036322	ফজা পাগলার ভুয়া মুক্তিযোদ্ধা ক্যানসেল করা হোক এবং তাকে প্রতারণার মামলায় অভিযুক্ত করে জেলে পাঠানো হোক	Abusive
10036323	আরেকবার স্লোগান উঠুক ভুয়া ভুয়া ফলু পাগলা ভুয়া	None
10036324	একাত্তরের ফলতো জিরো দেখালেন এর ফল কত পাইলেন সেটা তো দেখাইলেন না	None
10036325	বেশিরভাগ মুক্তিযোদ্ধাদেরকে দেখলে মনে হয় তাদের চেহারা এবং চালচলনে তাই মনে হয়	None
10036326	শুদু ফজা পাগলা নয় বাংলাদেশের অধিকাংশ মুক্তিযুদ্ধা ওই ভুয়া আর আওয়ামীর দাবী তো তাদের দল ছাড়া দেশের সবাই রাজাকার গত ২০২৪ এর ৫ এ আগষ্টের আগে ফ্যাসিষ্ট এর বিরুদ্ধে যারাই কথা বলতো তাদের কে রাজাকার বলে জেলে ঢুকাইতো	Abusive
10036327	ফজু পাগলার বয়স কত	Abusive
10036328	আপনারাই জাতীয় বেইমান আওয়ামী লীগের মতো ২৪শে আন্দোলনে আমরা ছিলাম একাত্তর এখানে কোন প্রসঙ্গ ছিল না এটা তখনই একটা প্রসঙ্গ হয়েছে যখন আপনি এবং আপনার মত কিছু লোক যারা আওয়ামী লীগের বিরোধিতা করেও তাদের স্পিরিট ধারণ করেন তাদের জন্য ২৪ এর পরে জামাতশিবির আপনাদের ব্যাকিং নিয়ে একাত্তরকে আক্রমণ করা শুরু করল তখনই সাধারণ মানুষ আপনাদের উপর আর ভরসা করতে পারতেছে না যারা সত্যিকারের দেশ প্রেমিক তারা ৭১ নিয়ে বাড়াবাড়িও করে না ৭১ কে অস্বীকারও করে না ৭১ কোন টানাটানির বিষয় না তাদের কাছে কেননা এটা স্বীকৃত ইতিহাস বাংলাদেশের ২৪ কে নিয়েই আমরা সামনে আগাতে চাইসিলাম আপনারা সেটা ধ্বংস করছেন আপনারাই জাতীয় বেইমান আওয়ামী লীগ যেমন ভাবতো তাদের পিছনে অনেক লোক আপনারাও সেটাই ভাবতেছেন এখন কারণ হাসিনার আশপাশের যেমন পা চাটার দল হয়েছিল আপনার আশপাশে এখন ঐরকম দল জুটসে আন্দোলন যখন হয়েছে তখন হাসিনার ভুল ভাঙছে এরকম আপনারও ঘুম ভাঙবে যখন দেখবেন আসলেই সাধারণ মানুষ আপনাদের পিছনে নাই	Political Hate
10036329	একদম ঠিক একসময় উনার কথা আমিও শুনতাম কিন্তু এখন বুঝি হাসিনার সাথে উনার খুব একটা পার্থক্য নাই	None
10036330	ফোজা তুই শেষ	Abusive
10036331	কি বলব অসাধারণ দাদা	None
10036332	এই একটা এপিসোড এর জন্য অপেক্ষা করছিলাম দাদা বহুদিন ধরে পজা পাগলার জেলা কটিয়াদি কিশোরগঞ্জ থেকে	None
10036333	ভুয়া মুক্তিযোদ্ধা এমন ফয়জা পাগলা অলিতে গলিতে অনেক আছে	None
10036334	ফজু তো কোনো মুক্তিযোদ্ধাই ছিলনা	None
10036335	আমি ও মনে করতাম তাই ভূয়া	Abusive
10036336	এরকম আরও ভুয়া যোদ্ধা আছে	Abusive
10036337	বাংলাদেশের ক্ষমতার চেয়ার নির্লজ্জ চেতনা ব্যবসায়িদের দখলে ছিলো নির্লজ্জ আর চেতনা ব্যবসায়িদের ক্ষমতায় আর নয়	Political Hate
10036338	ফজা কে ধর আবার গল্প টা শুনা দরকার	None
10036339	পিকু তুমি যতোই ইতিহাস বিকৃত করার চেষ্টা করো বাংলাদেশের মানুষ খাবে না খাবে একমাত্র পাকি বীজেরা	Abusive
10036340	গাঞ্জা পিনিক বলে ঠিক কিনা বলেন বট বাহিনী বলে ঠিকঠিক	Abusive
10036341	আমি আপনার মত হব	None
10036342	দাদা আপনি আসলেই অসাধারণ আপনার জন্য সব সময় শুভকামনা ফজা পাগলা রে সাইজ করার জন্য কৃতজ্ঞতা দাদা	None
10036343	জেনুইন পাগল ফজা পাগলা একজন ভুয়া মুক্তিযোদ্ধা	Abusive
10036344	ফজলু পাগলা যা বললো সব অসত্য	Abusive
10036345	আলহামদুলিল্লাহ অসাধারণ সিদ্ধান্ত নেওয়া জন্য কৃতজ্ঞতা দাদা এই হয়েছে ফজু পাগলা জাতীয় বেইমানের মুখোশ খোলার জন্য কৃতজ্ঞতা এরাই হলো ভারতীয় দালাল	Abusive
10036346	ভুয়া ফজা ভুয়া	Abusive
10036347	ফজু তো কোনো মুক্তিযোদ্ধাই ছিলনা	None
10036348	ভুয়া মুক্তিযোদ্ধাদের সনাক্ত চাই শাস্তির আওতায় আনা হোক যারা এতোদিন বিভিন্ন সুযোগ সুবিধা নিয়েছেন	None
10036349	মালটার কথা বলার ধরণ অনেকটা কাউয়ার নতো	Profane
10036350	আবু তহের ঠাকুর	None
10036351	সোজা পাগলার মুক্তিযোদ্ধা সনদ বাতিল করা হোক এছাড়া বহু মহাম মুক্তিযোদ্ধা ভাতা গ্রহণ করতেছে অন্যান্য সুযোগসুবিধা নিতেছে তাদের মুক্তিযোদ্ধা সনদ বাতিল করা হোক	Abusive
10036352	হ হারামি তুই যে বলিস তার সত্যি প্রমাণ দিসস	Profane
10036353	প্রতিদিন অপেক্ষায় উন্মুখ থাকি আরো একটা সত্য জানার জন্য	None
10036354	আপনার কাছ থেকে দাদা একটা গুরুত্বপূর্ণ জিনিস জানলাম যে আরেকটা রাষ্ট্র এসে যদি মুক্তি করে দিয়ে যায় তাহলে এটা মুক্তি না ২৪ জালিম হাসিনার জুলুম থেকে মুক্তি পাওয়ার জন্য জনগণ যাদের ডাকে রাস্তায় নেমেছে তারা আমেরিকান অ্যাম্বাসির দিকে তাকিয়ে ছিল তাদের সাহায্যের জন্য যা উপদেষ্টা আসিফ মাহমুদের বক্তব্যে পরিষ্কার ছিল তাহলে এখানেও তো আমরা আমেরিকার সাহায্যের বিষয়টা দেখতে পাচ্ছি তাহলে এটা কেউ কি আমরা মুক্তি বলতে পারি শেখ হাসিনা আমাদের সার্বভৌমত্ব ভারত ও ব্রিটেন এর কাছে বিলিয়ে দিয়েছে আর বর্তমান সরকার আমাদের সার্বভৌমত্ব আমেরিকার কাছে বিলিয়ে দিয়েছে দাদা সৃষ্টিকর্তা আপনাকে অনেক নলেজ দিয়েছে যদি ঠিকভাবে জনগণের মুক্তির জন্য কাজে লাগানো যেত তাহলে জনগণ আল্টিমেট স্বাধীনতা পেত	None
10036355	ফজা এই রচনা কতদিলে লিখছে	Abusive
10036356	শেখ পরিবারে মুক্তিযুদ্ধের সঠিক তথ্য জানতে চাই ভাই	None
10036357	ইনকিলাব জিন্দাবাদ	None
10036358	আগে ই৷ সন্দেহ ছিল৷ খালি কলসি৷ বাজে বেশি দাদা ফজাকে মজা করে গজা খাওয়া ন	Abusive
10036359	কৃতজ্ঞতা পিনাকী দাদা কে ভুয়া মুক্তিযুদ্ধা ফজু পাগলার সব ফাঁস হয়ে গেলো	None
10036360	দাদা আমারা জানি ফজা পাগল তবুও দযা করে ওকে পাশ করিযে দেণন না হলে ব উ কাছেওর সন্মান থাকবে না ওর হাব ভাব দেখে মনে হয়েছিল ও একা ই এক শত পানজাবি সৈন্য মেরেছিল সালা কতবর নমরুদ মুক্তিযুদ্ধ নাম ভাংগিযে নেয	Profane
10036361	ফজু পাগলা ভূয়া মুক্তিযুদ্ধ	None
10036362	দাদাকে অসংখ্য শুভেচ্ছা	None
10036363	ফজা পাগলা	Abusive
10036364	অসাধারণ অসাধারণ ইতিহাস	None
10036365	ভুয়া পিনাকী দাদাকে অনেক অসংখ্য কৃতজ্ঞতা সঠিক তথ্য তুলে আনার জন্য	None
10036366	হালার পুতে আসার আগে মদ খাইছে গাঁজা খেলে একটু ব্যালেন্স থাকতো তারি খাইছে	Profane
10036367	ফজু পাগলা	Abusive
10036368	ফুজু পাগলার কথা আর বুইল্লেননা	None
10036369	সত্য তুলে ধরার জন্য অসংখ্য কৃতজ্ঞতা দাদা	None
10036370	এই বদ্ধ উন্মাদ ও এর বিকৃত মাথার সঙ্গী কতো প্রমাণ দিলো এ পর্যন্ত বঙ্গবন্ধু স্বর্ন ও ডলার চুরি করেছিল বেশ্যা খানায় যেতো কবি রবীন্দ্রনাথ বেশ্যাখানায় পড়ে থাকতো ১৯৭১ এ বাংলাদেশে মাত্র দুই হাজার বাঙালি মারা গিয়েছিল আরো কতো কি কিন্তু ওহে শিষ্যগণ তোমরা কি জানো তোমাদের এক গুরুর বাবা পাকিস্তানের লাহোরের এক মুসলিম ১৯৬৬ সালে বগুড়ায় এসডিইও ছিল সে পিনাকির কি হয় জানার জন্য ইত্তেফাক পত্রিকা ঘাটুন নাম তারিখ বললাম না গিবৎ হয়ে যায় তাই তবে এর পরে ও যদি আবার অসত্য কথা বলে ওর বাপের নাম বলে দেব ওর সঙ্গীরও ইতিহাস আছে	Abusive
10036371	ফজু কোন জায়গায় যুদ্ধ করেছে	None
10036372	গুজব ছড়িয়ে লাভ নাই জামাত যদি 201 টা আসন পায় কোন এক জাতীয় সংসদ নির্বাচনে সেদিন আপনার মনের এইসব আশা এইসব দলিল সব ডকুমেন্টারি বৈধতা পাবে তবে তার জন্য আপনার বংশধরদের কাছে এইসব ডকুমেন্ট সংরক্ষিত রেখে দেন তারা বংশ পরম্পরায় এগুলো রক্ষণাবেক্ষণ করলে কোন একদিন আপনার মনের আশা পূর্ণ হবে তখন গুজব সত্য হবে	Political Hate
10036373	কৃতজ্ঞতা সত্য কথা বলার জন্য	None
10036374	চেতনা বিক্রি করে আজও এরা রাজনীতি করতে চাই	Political Hate
10036375	পিনাকি দাদার ভিডিওর শেষে আনন্দ আটকাইতে পারলাম না	None
10036376	ফজার লুঙ্গি তো খুলেগেলো	Abusive
10036377	সত্যিকারের মুক্তিযোদ্ধারা কখনো ফজা হয়না তারা হয় কর্ণেল অলি মেজর জলিল ইত্যাদি	None
10036378	গোপন রহস্য উন্মোচনে পিনাকি দাদু সেরা রে	None
10036379	ফজা পাগলা কি ওবায়দুল কাদের এর ভাই	Abusive
10036380	সমস্যা হয়েছে আমরা পড়াশোনা করি না তা যে যা বলে তা বলে ই পার পেয়ে যায়	None
10036381	পিনাকি দাদা	None
10036382	ও ফজা পাগলা অসত্যবাদী মুক্তিযোদ্ধা	Abusive
10036383	উনি তো হিন্দি সিনেমার কাহিনী বল্লেন যেখানে সব কিছু সম্ভব	None
10036384	বীরশ্রেষ্ঠ পিনাকী ভট্টাচার্য	None
10036385	ফজলুর রহমান যে একটা বাটপার ও বাচাল আগেও কিছুটা আন্দাজ করতে পারছিলাম মানুষ অতি বাড়লে ধরা খায় এর উদাহরণ তিনি	Abusive
10036386	ফজু পাগলারে নেংটা করে দিয়েছে দাদা	Abusive
10036387	বাংলাদেশ মহান মুক্তিযুদ্ধের ৯ মাস এই সঘোষিত মুক্তিযোদ্ধা বাটপার চাটুকার দালাল কুওালীগের পা চাটা পালিত কুকুর ফজা পাগলা মুক্তিযুদ্ধের নামে হিন্দুদের সম্পদ লুটপাট করেছে	Political Hate
10036388	এরা করছে ১ হাত গপ্পো মারে ২২ হাতের ফজা পাগলার যা নিয়ে এত গর্ব ছিল তাও গেল এখন কী করবে	None
10036389	দাদার জন্য শুভকামনা	None
10036390	ফজা পাগলা যে ভাবে সাক্ষাতকার দিতাছে তার কথাতেই বোঝা যায় ও ভুয়া মুক্তিযোদ্ধা	None
10036391	চোরের মায়ের বড় গলা ভূয়া যোদ্ধা ঠজু পাগলা	Abusive
10036392	না বুঝে কমেন্ট কইরেন না	None
10036393	যারা ই চেতনা ব্যাবসা করছে তারা প্রত্যেকেই ভূয়া মুক্তি যোদ্ধানা হয় খাছ রাজাকারকোন সেক্টর কমান্ডার চেতনা ব্যাবসা করে নাই এরাই শেখ মজিবুর রহমানের চামচামি করে মুক্তি যোদ্ধা সার্টিফিকেট নিয়েছে জেনারেল উসমানী মেজর জেনারেল জিয়াউর রহমানমেজর জলিল কেউই চেতনা ব্যাবসা করে নাই	Political Hate
10036394	১৯৭১ এ প্যান্টে হিসু কইরাই মুক্তিযোদ্ধা অগনিত	Abusive
10036395	বেচে খাওয়া শেষ	None
10036396	যারা ফটর ফটর করে বেশী তারা ভূয়া এটা বোঝা যায় আসল মুক্তিযোদ্ধা এত চেতনা ব্যবসা করে না	Abusive
10036397	ফজুপাগলা হলো অসত্য বাদী	Abusive
10036398	ফজা ভুয়া তাই এতো দাপট পিনাকি আসলেই আগুন	None
10036399	তাহলে মুক্তি যুদ্ধ হয়েছে এটা সত্যিই	None
10036400	আমি দেখতেছি ডোমার থানা নীলফামারী জেলা থেকে	None
10036401	লীগ অথবা লীগের দালালরা অসত্য কথা বলে	Political Hate
10036402	ফজা পাগলা	Abusive
10036403	পিনাকি ভন্ড	Abusive
10036404	ফজু পাগলা কে আইনের আওতায় এনে কঠিন ফয়সালা করতে হবে তার কারণ ফজুপাগলা হয়েছে আওয়ামী লীগের ভাষায় কথা বলে ও কাউয়ার পাট নিয়েছে	Abusive
10036405	এবার ফজা পাগলার খেলা শেষ করতে হবে অসংখ্য মুক্তিযোদ্ধাদেরকে অপমান করেছে কারণ তিনি নিজেই একজন ভুয়া মুক্তিযোদ্ধা	Abusive
10036406	ফজু পাগলা মনে হয় তামিল মুভি দেখে	None
10036407	আম্বালীগের কেউ যৃদ্ধ করেছে বলে তো মনে হয় না সব শালাই অসত্য বলে	Political Hate
10036408	গাঁজার নৌকা পাহাড়ে চলে এই কথাটা আমার খুব ভালো লাগছে কারা কারা একমত লাইক দিন	Abusive
10036409	সত্যের সফলতা হোক অসত্য বিলুপ্ত হোক	None
10036410	ভুয়া ফজু পাগলি	Abusive
10036411	মিথ্যের বেসাতি সাজিয়ে বসেছে ওনার মাজননীর কাছথেকে মিথ্যে বলতে শিখে ঝুঁড়ি ঝুঁড়ি মিথ্যে উগলে দিচ্ছে	Abusive
10036412	কিছু রাজনৈতিক দল ও নেতা মুক্তি যুদ্ধের চেতনা নিয়ে ব্যাবসা শুরু করে দিয়েছে	Political Hate
10036413	পিনাকির সাথে মূর্খরা তাল মিলায়	Abusive
10036414	ফজলুর রহমানের দেখলে আর কথাবার্তা শুনলে আমার যে কি পরিমান রাগ ওঠে এটা আমি কন্ট্রোল করতে পারিনা শালা এটা ভারতের পালিত পাঠা	Profane
10036415	ভন্ডামো বাদ দিয়ে ভালো হয়ে যান	Abusive
10036416	ফজু পাগল ছাগল	Abusive
10036417	প্রমাণ তৈরি করতে এত সময় লাগলো সালা মাল্লু	Profane
10036418	হাতে যাই পাইবা সাথে তাই যাইবেফজা পাগলার বামবু টা সেই হয়েছে দাদা	None
10036419	তার কথা বার্তা শুনলেই বুজা যায় সে যে একজন চাপাবাজ মুক্তিযোদ্ধা	Abusive
10036420	বাংলাদেশের জন্ম হয় কিন্তু ভারতের তাবিতারি থেকে যায় ভারতকে জন্যই ঘেন্না করি আমি	Political Hate
10036421	খালি কলসি বেশি বাজে দাদাকে অশেষ কৃতজ্ঞতা ফজুর মুখোশ খুলে দেয়ার জন্য	None
10036422	সত্য তুলে ধরার জন্য কৃতজ্ঞতা দাদাকে	None
10036423	সার আপনাকে কৃতজ্ঞতা দিয়া খাট করবোনা আমাদের জন্য এইসব জানা অতি প্রয়াজন আপনার প্রতি আমাদের দোয়া রইল অনেক অনেক	None
10036424	১০৩৩ এইডা দারুন দারুন	None
10036425	সত্যিই আমরা বোনাস জীবনে বাসে আছি আমরা তো পাশে আগস্ট বারবার ফিরে আসলেও স্বর্গ করব	None
10036426	পাগল পাগল মানুষ গুলো পাগল সারা দনিয়া কেহ পাগল রুপ দেখিয়া কেহ পাগল শুনিয়া	Abusive
10036427	দাদা আপনার কথা শুনে কিছু খন হাসলাম এরা কি ভাবে আমাদের বোকা বানিয়ে রাখছে	None
10036428	৭১ কি যুদ্ধ হয়েছে নাকি সব গোপালের গপ্প না দাদা	None
10036429	দাদা ফজলুর রহমানের সাক্ষাৎকার টা সঠিক আছে কারণ আমি নিজেই উনার সাথে যুদ্ধ করেছি  ঘটনা সব সত্য উনি শুধু আরেকজনের মুখে গল্প শুনে তার জায়গায়উনার নামটা বসিয়ে সাক্ষাৎকার দিয়েছিল বিএনপিকে ধ্বংস করার জন্যই র এই সমস্ত পান্ডা কে বিএনপির মধ্যে সুকৌশলে ঢুকিয়ে রেখেছে গত ১৫ বছরে বিএনপির দুঃসময়ে উনার ভূমিকাতে তা প্রতীয়মান হয় বিএনপির উচিত দলের মধ্যে সংস্কার করা বিএনপি এভাবে সুবিধাবাদী লোক দ্বারা সুবিধাবাদী দল হিসেবে চলতে থাকলে দল ক্ষতিগ্রস্ত হবে শহীদ জিয়া খালেদা জিয়ার দল ক্ষতিগ্রস্ত হতেই থাকবে	None
10036430	৭১ কি যুদ্ধ হয়েছে নাকি সব গোপালের গপ্প না দাদা	None
10036431	পরিক্ষার আগে আলু খাইছুলু পাল্গা	Abusive
10036432	৭১ কি যুদ্ধ হয়েছে নাকি সব গোপালের গপ্প না দাদা	None
10036433	পিনাকি	None
10036434	ভুয়া ভুয়া ফজা মুক্তি	None
10036435	ফজা পাগলা নামটা সেই হয়েছে	Abusive
10036436	নুনুর আগা না কাটা মুক্তিযোদ্ধা	None
10036437	বাংলা ছবিতে যেভাবে নায়ক সবাইকে মারে কিন্ত মার খায়না উনি নায়কের ভূমিকায় আছে	Abusive
10036438	হাসতে হাসতে শেষ গো সৃষ্টিকর্তা্	None
10036439	ভাইনির্বাচন পরবর্তী বাংলাদেশ এর অবস্থা কেমন হবে তা নিতে একটা ভিডিও বানান	None
10036440	ফজু পাগলা যাহাই বলে সবই অসত্য এবং যুক্তিতর্কে প্রমানিত	Abusive
10036441	স্যার ওর নাম ফজু পাগলা ‌	Abusive
10036442	বাংলা ছবিতে যেভাবে নায়ক সবাইকে মারে কিন্ত মার খায়না উনি নায়কের ভূমিকায় আছে	Abusive
10036443	ফজা পাগলা মনে করছে সে নিজেই একশো কিন্তু একশোর উপরে যে শোয়া শের হয় সেটা ফজা পাগলা ভুলে গেছে তাই কৃতজ্ঞতা দাদা আপনাকে ফজা পাগলার মুখ উন্মোচন করার জন্য ইনকিলাব জিন্দাবাদ	None
10036444	দাদা যে ব্যক্তি ডক্টর আব্দুল্লাহ মুহাম্মাদ তাহেরের বিরুধীতা করলো  ডাক্তাররা টাকা নেই কোম্পানি থেকে এই বলার কারনে তার আমলনামা বের করার জন্য অনুরোধ করছি	None
10036445	পুন্দাকির জারজ গুলোও সেই লেভেলের	Profane
10036446	দামড়া তুই যদি জারজ না হইস একবার দেশে এসে প্রমাণ কর তুই দেশ প্রেমিক তুই একনম্বর ভারতীয় দালাল  র তোকে তার বিরুদ্ধে কথা বলার জন্য পেমেন্ট করে	Profane
10036447	দাদা এই রকম একটা ধোলাই দিলেন আমার কাছে মনে হয়েছিল ও যেহেতু বেশি কথা বলে কিছুটা অতিরঞ্জিত আছে কিন্তু এই রকম ভুয়া এটা চিন্তার বাইরে ছিল দাদা স্যালুট আপনাকে	None
10036448	একজন নিকৃষ্ট অসত্যবাদী	Abusive
10036449	ফজু পাগলার মুক্তিযোদ্ধার সনদ বাতিল এবং যেসব সুযোগ সুবিধা এ পর্যন্ত সে সরকার থেকে নিয়েছে সব ফেরত চেয়ে তার বিরুদ্ধে মামলা করা হোক এবং তাকে জাতীয় চোর ঘোষণা করা হোক	Profane
10036450	মুক্তিযুদ্ধের সাইনবোর্ড খোসে পড়লো পূজা পাগলা	Abusive
10036451	অরিজিনাল মুক্তিযোদ্ধাদের বেশিরভাগই লাইমলাইটে নাই সুবিধাবাদীরাই মুক্তিযুোদ্ধ সাজে	Abusive
10036452	ওবায়দুল কাদেরের বড় ভাই ফজা পাগলা ও আবার যুদ্ধ করবে ও শালা তো প্রতিবন্ধী ওবায়দুল কাদেরের মত	Abusive
10036453	ফজু পাগলা তাহলে মুক্তি যুদ্ধা হলো কেমনে	Abusive
10036454	ফজু পাগলারা একটা বালুর ট্রাক সরাইতে পারে নাই এতো বছর এখন কতো কাহিনী সাজিয়ে কথা বলে রে সৃষ্টিকর্তা	Abusive
10036455	ধর ধর ধর	None
10036456	অংশ শুভেচ্ছা	None
10036457	ফজলু পাগলা কে আইনের আওতায় আনা উচিত	Abusive
10036458	ফজাপাগলাভুয়ামোনাফেকবেজরমাজানোয়ার অসত্যবাদি	Religious Hate
10036459	ফজু পাগলা শেষ পেজ ফেল পড়ে গেল হালা ফুজ পাগলার সিজিপিএ বানরের লিঙ্গের চাইতেও কম	Profane
10036460	একদম সঠিক বলেছেন দাদা	None
10036461	একসোপারছেনসঠিক	None
10036462	ফজা পাগলা কে পাছায় দিতে হবে গজা	Profane
10036463	আসসালামু আলাইকুম পিনাকি দাদা কেমন আছেন আশা করি ভালো আছেন আমি একজন প্রবাশি রেমিট্যান্স যোদ্ধা দাদা আমি বিএনপিকে শহীদ প্রেসিডেন্ট রাষ্ট্রপ্রতি জিয়াউর রহমান ও বেগম খালেদা জিয়ার জন্য তাদের আদর্শের জন্য আমার পছন্দের দল বাংলাদেশ জাতীয়তাবাদী দল বিএনপি ডাকসু নি একটু কথা বলেন দাদা আমি ত আবিদের ভিতরে ছাএলীগের কালচদর দেখছি শিবির রীতিমত প্রমাণ করেছে করতাছে কেন তারা ছাএদের পছন্দের আর ছাএদল এই ১৪১৫ মাসে বিশ্ববিদ্যালয়ের জন্য কি করেছে আজকে আবার শিবিরের বিরুদ্ধে নারী কেলেংকারী করতাছে আবিদ শিবির কিন্তু নির্বাচনের আগেই জিতে গেছে আবিদ এমন কেন করছে তাদের উদ্দেশ্যেটা কি এগুলো নিয়ে কথা বলেন	None
10036464	লাড্ডাগুড্ডা	None
10036465	ভুয়া মুক্তি যুদ্ধা ফজলু পাগলা	None
10036466	এইরকম অসংখ্য ভুয়া মুক্তিযোদ্ধা বাংলাদেশে আছে যারা সন্ত্রাসী কার্যক্রম করছে মুক্তিযোদ্ধাদের সম্মান নষ্ট করছে তাদেরকে খুঁজে বের করে শাস্তির আওতায় আনা হোক	None
10036467	দাদু সেই মজা পাইছি	None
10036468	আসসালামু আলাইকুম পিনাকি দাদা কেমন আছেন আশা করি ভালো আছেন আমি একজন প্রবাশি রেমিট্যান্স যোদ্ধা দাদা আমি বিএনপিকে শহীদ প্রেসিডেন্ট রাষ্ট্রপ্রতি জিয়াউর রহমান ও বেগম খালেদা জিয়ার জন্য তাদের আদর্শের জন্য আমার পছন্দের দল বাংলাদেশ জাতীয়তাবাদী দল বিএনপি ডাকসু নি একটু কথা বলেন দাদা আমি ত আবিদের ভিতরে ছাএলীগের কালচদর দেখছি শিবির রীতিমত প্রমাণ করেছে করতাছে কেন তারা ছাএদের পছন্দের আর ছাএদল এই ১৪১৫ মাসে বিশ্ববিদ্যালয়ের জন্য কি করেছে আজকে আবার শিবিরের বিরুদ্ধে নারী কেলেংকারী করতাছে আবিদ শিবির কিন্তু নির্বাচনের আগেই জিতে গেছে আবিদ এমন কেন করছে তাদের উদ্দেশ্যেটা কি এগুলো নিয়ে কথা বলেন	None
10036469	ফজলুতে মিছা কথা কয় আমি জানি আমি আরো আগে তার কাছে প্রমাণ চাইছি চিন্তা ফজলু মিছা কইলে ধরা খায়	Abusive
10036470	ফজু পাগলা	Abusive
10036471	বাশ দেওয়ার জন্য পিনাকি সেরারে	None
10036472	আসলেই তো ভূয়া মুক্তিযুদ্ধা	None
10036473	ফজলুতে মিছা কথা কয় আমি জানি আমি আরো আগে তার কাছে প্রমাণ চাইছি চিন্তা ফজলু মিছা কইলে ধরা খায়	Abusive
10036474	মুভির মতো লাগতেছে	None
10036475	সহমত দাদা ভাই	None
10036476	সহমত ইনশাসৃষ্টিকর্তা	None
10036477	আরে শালায় এত বড় দেশপ্রেমিক বাটপার এতো রাজাকারের বাপএদের ফাঁশি দিতে হবে	Abusive
10036478	আমি আগে থেকেই বুঝছিলাম এই হালায় মুক্তিযুদ্ধা না অতি ভক্তি চোরের লক্ষণ এই পাগলায় অনেক বেশি যোদ্ধা যোদ্ধা করছে	Profane
10036479	আসলে সে ভুয়া মুক্তিযোদ্ধা কারণ তার কথায় বুঝা যায় কোথায় আছেনা ভরা কলশি নড়াচড়া করে না আর কলিশি কলসি বাজে বেশি	Abusive
10036480	এই কারণে খালি কলসি বাজে বেশি	None
10036481	সত্য কখনো গোপন থাকে না ফজু পাগলা আপনি যে কতবর চাপাবাজ তা প্রমাণ হয়ে গেল	Abusive
10036482	দাদার ধোলাইটা কঠিন ছিল	Abusive
10036483	আমাদের গ্রামে এরকম অসংখ্য মুক্তিযোদ্ধা আছে যারা চার দোকানে বসে এরকম ভুলভাল গল্প বলতে থাকে আর আমরা সেই গল্পগুলোকে বসে বসে গিলতে থাকি এরকম গল্প যারা বলে আমার কাছে মনে হয় এরা সবাই ফজা পাগলা	None
10036484	ভজা পাগলা	Abusive
10036485	ভজা পাগলা	Abusive
10036486	পড়লে কি না কয় ছাগলে কি না খায়	None
10036487	এডিটরকে রিভিল করেন সার	None
10036488	মুক্তিযুদ্ধ পরবর্তি সময়ে তারা ডাকাতি ও করত	Abusive
10036489	ফজাকে ভরে দিলো	Abusive
10036490	ফজা পাগলা	Abusive
10036491	বিদেশে বসে অসত্য নিউজ ছাড়া আর কি করতে পারিস	Abusive
10036492	এডিটরকে রিভিল করেন সার	None
10036493	তোর মত গাঞ্জা খোর গুলো তোর কথা বিশ্বাস করবে	Abusive
10036494	দাদা এতো বড় মুক্তিযোদ্ধা রে মাত্র দুটি সুন্য দিলেন কেন সুন্য কি কমপরেগেছিলো  আট দশটা সুন্য দিতেন  আপনি দাদা এতো কিপটা এটা জানতাম না ছী দাদা	None
10036495	আসলে বুদ্ধিজীবী আছে হাউকাউ পার্টি	Abusive
10036496	অজু বাংলা যা বলে অসত্য কথা	None
10036497	তর বাপের নাই ঠিকসারা দুনিয়া জানে ফজলুর রহমান স্যার কোন সাধারণ মুক্তিযুদ্ধা নয়কমান্ডার ছিল বেজন্মা	Abusive
10036498	চাপার জোরে দুনিয়া চলে নাহফজু পাগলা ওরফে ফজা চরম লেভেলের অসত্যবাদী প্রমানিত	Abusive
10036499	কে যে লেটার নম্বর পাবে তাই ভাবি	None
10036500	দাদা আপনার কাছে একটা অনুরোধ ডাকসু এস এম ফরহাদ এর বিরুদ্ধে রিট করেছে সেই মহিলার নাম হচ্ছে ফাহমিদা আলম তার বিরুদ্ধে একটু খতিয়ে দেখুন তো	None
10036501	যে চাপা মারলো চাপাতেই সন্দেহ হয় যে ভুয়া মুক্তিযোদ্ধা	Abusive
10036502	৭ মার্চ সারা বাংলাদেশ স্বাধীনতার পতাকা উত্তোলন শুরু হয়েছে আর কিশোরগঞ্জে ৬ মার্চ উত্তোলন হয়েছে এই পিনাকী একজন বাটপার	Abusive
10036503	জয় ফজু বাবার জয়	None
10036504	দাদা তুমি মনে হয় বাংলার পরিনতি ইরানের ওই নারী গুপ্তচরের মত কিছু একটা করবা কার তুমিও কথায় কথায় সৃষ্টিকর্তা খোদা এই সব বলেবলে কিছু হুজুরের মন জায়গা নিয়েছো পরে ছুরি চালাতে অসুবিধা না হয় কামাল দাদা কামালদাদা তোমার পিছনে নাকি জামায়াতের বড় ইনভেস্টমেন্ট আছেও বুঝনাই কি ইনভেস্টমেন্ট টাহা পয়সা আর কি খাও ফুর্তি করো একটা নাচ দেখলাম তোমার দারুণ হয়েছে কি করে মানুষকে বুকা বানানো যায় তা তো তোমার আগেই জানা বুজনাই আরে ঐ যে ওষুধ কি জানি করেছিলে ও দুই নাম্বার ওষুধ আর কি	Abusive
10036505	7ই মার্চ সারা বাংলাদেশ স্বাধীনতার পতাকা উত্তোলন করা শুরু করেছে কিশোরগঞ্জে পতাকা উঠালো পিলা কি তুমি ভুয়া তুমি ফকর ফকর বক বক কর বকবক করতে করতে নিজেই যে কত ভুল করে ফেলো সেটা তো তুমি নিজেও বুঝতে পারো না এটাও এক ধরনের মেন্টালিটি	None
10036506	পিনাকীর দাদার সাথে লাগা মানি মৌমাছিরে ঢিল মারা সেম	Abusive
10036507	তুই মুক্তিযোদ্ধা পিনাকি	None
10036508	এখন তো দেখি সফলতা বাংলার অধিকাংশ নেতারাই রাজাকার ছিলমাইরের ভয়ে অধিকাংশ ভুয়া মুক্তিযোদ্ধারা আওয়ামী লীগের সময়ে মুক্তিযোদ্ধের সার্টিফিকেট ভাগিয়ে নিয়েছে	Political Hate
10036509	দাদা ফজু পাগলা অসত্য কথা বলে শান্তি পেল না আপনার জন্য ভাবছিল আমার অসত্য ধরার মত কেউ নাই আন্তাজে কিছু তারিখ বইলা দেই কে দেখতে যাবে	Abusive
10036510	দেশের অনেক খারাপ অবস্থা	None
10036511	রাইট	None
10036512	আমি জানি না দাদা আমার কমেন্ট পড়বেন কিনাআমি জানতে চাই হাসিনা পালানোর পর তো কথা ছিলো বিশ্ববিদ্যালয় কোন রাজনীতি চলবে না তাহলে কেন এখন আবার বিশ্ববিদ্যালয় এর মধ্যে রাজনীতি প্রবেশ করছে শিক্ষা যদি রাজনীতিমুক্ত না হয় তাহলে ওই দেশের ওই দেশের নাগরিকের উন্নতি কখনো সম্ভব না	Political Hate
10036513	ভূয়া মুক্তি যোদ্ধাদেরকে এই ভাবে জয়বাংলা করে দেওয়ার জন্য কৃতজ্ঞতা	None
10036514	তুই মুক্তিযোদ্ধা পিনাকি	None
10036515	শুভেচ্ছা সত্য তুলে ধরার জন্য দাদাকে অসংখ্য কৃতজ্ঞতা	None
10036516	সালা তুই পাকিস্তানের বীজ একথা দেশের মানুষ খুব তাড়াতাড়ি জানতে পারবে	Profane
10036517	সত্যিকার অর্থেই বলতে গেলে ফজা যা বলে আমার কাছে সবই অসত্য মনে হয়আজকে দাদা তা প্রমাণ করে দেখালেন	None
10036518	ফজা পাগলা চেতনা ব্যবসায়ী বাহ ফজা আর এগুলো খায়না জনগণ	Abusive
10036519	ভূয়া মুক্তিযোদ্ধা এর জন‍্যই তার এতো চেতনা  শালা চেতনা ব‍্যাবসায়ী	Profane
10036520	ফজা পাগল হইছে পাবনা ভর্তি করেন সালা ভুয়া মুক্তি যোদ্ধা	Profane
10036521	ফজা পাগল হইছে পাবনা ভর্তি করেন সালা ভুয়া মুক্তি যোদ্ধা	Profane
10036522	ওরে বাটপার আম ছালা দুটোই শেষ	Abusive
10036523	আহ্ দাদা অসাধারণ	None
10036524	মুক্তিযুদ্ধের ইতিহাস যারা মুক্তিযুদ্ধ নিয়ে এত কেচাল করেন চলেন আপনাদের সাথে মুক্তিযুদ্ধ নিয়ে কিছু বাস্তব অভিজ্ঞতা শেয়ার করি না না সেটা আবার আমার ইতিহাস না; তবে ঘটনা সত্য এবং যাচাইযোগ্য সাল ১৯৭০ আমার দাদা হাজী আজমত আলী মাস্টার তখন ২৪২৫ বছরের তাগড়া যুবক সবেমাত্র বিয়েও করেছেন আমার বাবার জন্ম ১৯৭০ সালের নভেম্বর মাসে অত্র গ্রামে দাদার বাবা ছিলেন অনেক সম্মানিত এবং ধনী ব্যক্তি—মানে বড় বাড়ি আছে গবাদি পশু ঢেঁকি ভরা ধান হাঁস মুরগি তা ছাড়া চাষাবাদ করা যায় এমন জমিও আছে তখন বিভিন্ন এলাকা থেকে আমাদের বাড়িতে মানুষ কাজ করতে আসতেন এবং বৈশাখে এখানেই থাকার ব্যবস্থা থাকত বাড়িতে প্রতিদিন ৩০ জনের খাবার রান্না করা ছিল স্বাভাবিক ব্যাপার আমাদের ভৌগোলিক অবস্থান হচ্ছে ব্রাহ্মণবাড়িয়া জেলার নাসিরনগর উপজেলার চাতলপার ডাকঘর বড়নগর গ্রামে আমার দাদার বাবা ছিলেন আত্মীয়তাপরায়ণ ব্যক্তি যার দরুন আশেপাশের ১৪১৫ গ্রামের মানুষের সাথে ভালো সম্পর্ক রেখে চলতেন গ্রামে কোনো মুসাফির এলে সব সময় আমাদের বাড়িতে থাকার ব্যবস্থা ছিল এই হলো আমাদের সর্বোপরি পরিচিতি যা সামনে প্রাসঙ্গিক হবে সাল ১৯৭১ সারা দেশ এখন স্থবির হয়ে গেছে যুদ্ধ যুদ্ধ ভাব রেডিওতে শেখ মুজিবুর রহমানের ৭ মার্চের ভাষণ শুনতে পেল সমগ্র বাংলাদেশ সবার আগ্রহের কেন্দ্রে ছিল—দেশে কি তাহলে যুদ্ধ শুরু হয়ে গেল ২৬শে মার্চ আবার রেডিওতে ভাষণ ভেসে উঠল আমি মেজর জিয়া বলছি আজকে থেকে বাংলাদেশ স্বাধীন হলো গ্রামে মিটিং শুরু হলো এখন কী করা যায় আমরা তো যুদ্ধ চাইনি আমরা শান্তি চাই সব মুরুব্বীরা সিদ্ধান্ত নিলেন শান্তিকমিটিতে নাম লেখাবেন স্বাধীনতা ঘোষণার ৩৪ মাসের মধ্যে ২০ জনের একটা গ্রুপ গ্রামে প্রবেশ করে এরা নিজেদের মুক্তিযোদ্ধা হিসাবে পরিচয় দিলে গ্রামের মানুষ তাদের সম্মান দেখাতে শুরু করে তখন ২০ জনের থাকার ব্যবস্থা করা হলো আমাদের বাড়িতে মুক্তিযোদ্ধারা গ্রামের মানুষকে আশ্বস্ত করল যে অত্র ১০ গ্রাম তারা পাহারা দেবে যেন পাকবাহিনীপাঞ্জাবিরা গ্রামে ঢুকতে না পারে সমস্যা শুরু হয় যখন মুক্তিযোদ্ধারা গ্রামের মানুষের সব হাঁসমুরগি অনেকটা জোর করেই খাওয়া শুরু করে তখন তারা হয়ে গেল গ্রামের মাতব্বর তাদের কথায় সবার চলতে হবে না হলে নিরীহ মানুষের উপর অত্যাচার শুরু হতো এরা ৪ মাস গ্রামে অবস্থান করে এই সময়ে তাদের কারণে কোনো বাড়িতে আর হাঁসমুরগি দেখতে পাওয়া যায়নি মানুষ যখন অতিষ্ঠ হতে শুরু করে তখন কিছু ছেলেছোকরা সকালবিকাল বলতে শুরু করে এই বুঝি পাঞ্জাবিরা আসছে—এই দিক থেকে না হয় অন্য দিক দিয়ে এই গুজবগুলো শুনলে তারা ভয় পেত তো ঘটনাক্রমে ৪ মাস পরে আমাদের থেকে ভালো দূরে একটা গ্রামের নাম 'বাগী' যা একটি হিন্দু গ্রাম সেখানে কোথাও আগুন লেগেছে যা আমাদের গ্রাম থেকে কালো ধোঁয়া দেখা যাচ্ছে আবছা আবছা তো গ্রামে গুজব বের হলো পাঞ্জাবিরা পাকবাহিনীকে এই নামে চিনত মানুষ গ্রামে ঢুকছে এবং আগুন লাগিয়ে দিচ্ছে এগুলো শুনে মুক্তিযোদ্ধাদের অবস্থা হলো ফ্যাকাসে তখন গ্রামের সবাই তাদের প্রস্তুতি নিতে বলল কিন্তু সন্ধ্যা হতে হতে তাদেরকে অত্র গ্রামের আশেপাশে কোথাও হারিকেন দিয়েও খুঁজে পাওয়া গেল না এই যে তারা গায়েব হলো ৫৬ বছরের মধ্যে তাদেরকে মানুষ আর গ্রামে চোখেই দেখেনি যাইহোক সেদিন আসলে পাঞ্জাবিরা গ্রামে আসেনি আমাদের গিলানো ভারতের ন্যারেটিভ মুক্তিযুদ্ধের গল্প আর বাস্তব মুক্তিযুদ্ধের ইতিহাস দুইটি ভিন্ন এই ৯ মাসের মুক্তিযুদ্ধে আমাদের উপজেলায় সংবাদ পাওয়া গিয়েছিল ১ জন মারা গেছে কিন্তু কে মেরেছে তার সত্যতা যাচাই করার সুযোগ ছিল না তবে একটা কথা হলফ করে বলতে পারি পাকবাহিনীরা আমাদের যতটা ক্ষতি করেছে তার থেকে বেশি ক্ষতি করেছে মুক্তিযুদ্ধের নাম নিয়ে একটা গোষ্ঠী যারা ১৯৭১ সালের সময়কালে প্রাপ্তবয়স্ক ছিল তাদের অভিব্যক্তি ছিল যে এই গোষ্ঠীরা মুক্তিযুদ্ধের নাম নিয়ে মানুষকে গুম খুন ধর্ষণ এবং তাদের জমি দখল করেছে যার বিচার আজ পর্যন্ত কেউ করেনি এবং মিডিয়ায় প্রচার করতে দেয়নি এই ঘটনাগুলো মানুষের মনে মুক্তিযুদ্ধ নিয়ে মিশ্র প্রতিক্রিয়া সৃষ্টি করেছে মুক্তিযুদ্ধ নিয়ে মানুষের কাছে কখনোই সত্য এবং প্রকৃত ইতিহাস প্রকাশ করা হয়নি	None
10036525	ফজু পাগলা	Abusive
10036526	ভূয়া মুক্তিযোদ্ধা	Abusive
10036527	দাদা মুক্তিযুদ্ধ নিয়ে আপনার নিজের একটা ডকুমেন্টারি উপস্থাপন করেন দেখার অপেক্ষায় রইলাম দেখি কেমন পারেন অন্যেরটা বলেতো ভালোই মজা নেন	None
10036528	ও ছিলো ডাকাত দলের প্রধান ভাটির মানুষের কাছে আতংকের মধ্যে দিয়ে রাখতেন পুঁথিতে লেখা আছে	None
10036529	যে যুদ্ধে জাতি মুক্তি লাভ করে নাই এখনো মুক্তি মুক্তি করে হাজার হাজার মানুষের মৃত্যুএটা হাস্যকর	Abusive
10036530	মুক্তি যুদ্ধের দোয়াই দিয়ে এযাবতকাল যত সুযোগ সুবিধা নিয়েছে ফজা তার সব কিছু ফজার এসথবর অসথবর সম্পত্তি থেকে রাষ্ট্রিও কোষাগারে জমা করা হোক	None
10036531	এগুলা একমাত্র রাজাকার ও তাদের চাটুকারিতা লেজপেন্চার এবং তাদের থেকে জন্ম নেয়া মধু না খাওয়া রা বিশ্বাস করবে আর কেহ না	Abusive
10036532	এত অসত্য কথা কেমনে বলেন আর এত বেয়াদব কেন তুই পিনাকী ৭১ কে তুই মুক্তিযুদ্ধ হিসেবে মানস না তুই কিসের বাঙালী ধিক তোকে সহস্র কোটি বার ধিক	Abusive
10036533	মজা পেলাম	None
10036534	দাদা আপনার এডিটরকে দেখার খুব ইচ্ছা	None
10036535	ওরে বাটপার আম ছালা দুটোই শেষ	Abusive
10036536	ফজু পাগলা স্বপ্নে যুদ্ধ করেছে এখানে ভোল কি	Abusive
10036537	একদম আগুন	None
10036538	ইনকিলাব জিন্দাবাদ	None
10036539	দাদার ভিডিও এর জন্যে অপেক্ষায় থাকি	None
10036540	ফজু পাগলা থেকে ভূয়া ফজু	Abusive
10036541	আমি জানিনা কে আমার কমেন্ট পড়বে  আমি পিনাকী ভট্টাচার্য ইলিয়াস আরো অনেক লোকের কাছে কৃতজ্ঞ থাকবো যে তারা হাসিনা কে হাটিয়েছে কারন বাংলাদেশি রা কনভার্টেড ডুপ্লিকেট মুসলিম আর হারামী জাতি পিনাকী ভট্টাচার্য ইলিয়াস এরা এদের ধ্বংস করছে তাই আমি তাদের সাধুবাদ জানাই	Abusive
10036542	বাটপার মুক্তিযোদ্ধা ধরা খাইছে খাইছেরে ভুয়া মুক্তিযোদ্ধা ধরা খাইছে ফজলু পাগলা ধরা খাইছে	Abusive
10036543	ফজা পাগলা	Abusive
10036544	এত কাহিনী করা তো দরকার নাই উনি সহযোদ্ধাদের নাম নিয়েছেন আপনার কাছে সংবাদ নেন তিনি আসলে যুদ্ধ করেছেন কিনা খালি কাহিনী আর কাহিনী চলে	None
10036545	ভুয়াবলেই তারা এত নীচ সত্যিকারের মুক্তিযোদ্ধারা কখনোই এত জঘন্য না	Abusive
10036546	ফজু পাগলা আসছে রাজ পথ কাপছে হালা সত্যিই পাগল ৪৪ বছরেও এক বার এমপি হইতে পারলো না এবার হালা ভাইরাল হইয়া এমপি হইতে আসছে কিশোর গঞ্জ বাসি যদি নুন্যতম ঙান থাকে এই পাগল্কে ভোট দিবে না	Profane
10036547	বর্তমানে যারা মুক্তিযুদ্ধা দাবি করে তার 99বন্দুক ই দেখে নাইযুদ্ধ করা তো দুরের থাক সবচেয়ে বড় মুক্তিযোদ্ধা ছিল জাওড়া লীগ ও রাক্ষস মুজিব	Political Hate
10036548	ফজা পাগলা অসত্যর উপরে পিএইচডি করছে না হয় এত সুন্দর করে অসত্য বানোয়াট এই কাহিনী গুলো কিভাবে উপস্থাপন করে সে	Abusive
10036549	দাদা মুক্তি যুদ্ধের চেতনা একেবারে শেষ হয়ে গেল	None
10036550	চেতনা ব্যাবসায়ী	Abusive
10036551	র ফাইনাল খেলছে সরিষা র ভিতর ভূত আছে কি দিয়ে ভূত তাড়াবেন ভাবুন ভাবতে থাকুন একমত কাদে ফজু আর ও অসংখ্য আছে লীগ কোন ষুদধ করে নি বাটপার নং এক বাটপার ধরা ডাকতার সাংবাদিক ক জন আছে পুরা বাটপার মুক্তি ষোদধা এ রকম গাজাখরি গল্প করে ধরা খেল কতাশুনেই বাটপার	Political Hate
10036552	ফজলু পাগলা মদ খোর	Abusive
10036553	পাগল ত পাগলই পাগলের প্রলাপ শুনে লাভ কি শালারে সফলতা বাংলা করা হোক	Profane
10036554	এই জারজ এর কথা যে বিশ্বাস করে সে ১০০ জারজ সন্তান	Profane
10036555	আমার বয়স বর্তমান থেকে এর মাঝামাঝি অবস্থানে রয়েছে এই বাটপার যে ভুয়া মুক্তিযোদ্ধা তার ব্যবহারে আমি বুঝতে পারছিলাম সর্বপ্রথম প্রশ্ন ছুড়ে দিয়েছিলাম কোনো একটি ইউটিউব চ্যানেল কমেন বক্সে আজ শতভাগ নিশ্চিত হলাম পিনাকি দাদার এই ভিডিও থেকে কৃতজ্ঞতা দাদা আপনাকে	None
10036556	ফজা পাগলা সারা বাংলাদেশে একাই যুদ্ধ করছে	Abusive
10036557	ফজু মুক্তিযোদ্ধার নাম দিয়ে এতোদিন যতো গুলা টাকা খাইছে সব গুলা ওর পেট থেকে বের করা দরকার	None
10036558	ফজা পাগলা	Abusive
10036559	ফজা পাগলার মতো শত শত ভূয়া মুক্তিযোদ্ধা নিজেদের বাঘ বলে জাহির করার চেষ্টা অবিরত করে যাচ্ছে আর ফায়দা হাসিল করে যাচ্ছে	Abusive
10036560	অসত্য বাদী কতো প্রকার ও কিকি এর একটা হলো ফজা পাগলা মিথাবাদী	Abusive
10036561	আপনার সব কথাই তো মুখরুচকদেশটাকে অরাজকতা করার কারিগর	Political Hate
10036562	ফজা ভূয়া ভূয়া	Abusive
10036563	বাংলাদেশ মুক্তিযুদ্ধ নিয়ে কত রকমের অসত্য আছে সৃষ্টিকর্তাই ভাল জানে কৃতজ্ঞতা দাদা সত্যটা তুলে ধরার জন্য	None
10036564	ফজার কথাবার্তায় আমার কাছে আগে থেকে সন্দেহ হতো যে ভুয়া মুক্তিযোদ্ধা আজকে একেবারে পুরোপুরি বিশ্বাস হলো সে ভুয়া	Abusive
10036565	হারামজাদা অসত্যবাদী	Profane
10036566	শুভম মানুষ এখন খায় না একটু দালালি বন্ধ করেন দেশের জন্য কিছু করেন পারলে এস সৃষ্টি করে আরো ঝগড়া বিবাদ বাড়তেছে বাংলাদেশে	Abusive
10036567	দাদা গো দাদাকি বাশ দেলেন গো দাদা	None
10036568	পিনাকি দাদা এমন মানুষ যাকে ধরে তাঁর ঘুষ্ঠি সোদ্দা বাঁশ দিয়ে দেয়কৃতজ্ঞতা দাদা এই সত্য উদঘাটন করার জন্য	None
10036569	ফজা যে পাগলা এটাই তার প্রমান	Abusive
10036570	এই বদমাইশ মেয়াদোত্তীর্ণ গাঁজা সেবন করে যুদ্ব করতে গেছিল	Abusive
10036571	পিনাকী সবাইকে বোকা বানিয়ে ইউটিউব এর ব্যবসা ভালোই করতেছে	None
10036572	মানুষকে নিয়ে ব্যঙ্গ করা বন্ধ করো নাম বিকৃতি করে ঢাকা ইসলামী সম্পূর্ণ হারাম কবিরা গুনা তোমারে কেমনে হুজুরের ফলো করে আমি সেটাই বুঝিনা হুজুরদের কি আসলেই কোন আদর্শ আছে একজন বিধর্মীকে কিভাবে পির বানায়	Religious Hate
10036573	দাদা বাংলাদেশের বেকার সমস্যা নিয়ে একটি ভিডিও তৈরি করুন	None
10036574	তিন ইঞ্চি জিন্দাবাদ	None
10036575	আগে তুই স্বয়ং প্রমাণ কর তুই বাংগালি কিনা	None
10036576	ইনকিলাব জিন্দাবাদ	None
10036577	ফজু সাহেব তাহলে ভুয়া মুক্তিযোদ্ধা	None
10036578	ফজুর চেহারা আর কথার স্টাইল অনেকটাই ওবায়দুল কাদের এর মতো কাদের এর কপি	Abusive
10036579	তুই কি সপনে দেখচ্ছে	None
10036580	কি বলুম দুঃখের কথা আমার বাড়ির এক মানসিক বিকারগস্ত দাদাকেও আওয়ামী লীগ মুক্তিযোদ্ধা বানিয়ে তার ছেলেদের আওয়ামীলীগের নেতা বানিয়ে দিয়েছে  মুক্তিযোদ্ধা বাতাও পেত রীতিমতো ওর সহোদর ভাই থেকেই শুনেছি উনি ছোট থেকেই মানসিক বিকারগস্ত হয়েও আজ সে মুক্তিযোদ্ধা বাহ বাংলাদেশ বাহ	None
10036581	দেশ শেষ করার পরিকল্পনা পিনাকী মালাইয়ুন	None
10036582	আলহামদুলিল্লাহ	None
10036583	তোরবাবা ছিলো আসল মুক্তি যোদ্ধা কমান্ডার আর তুই ছিলি স্বাধীনতার ঘোষক	None
10036584	কৃতজ্ঞতা দাদা	None
10036585	ফজা যে ভুয়া মুক্তিযোদ্ধা তা আমি আগেও শিওর ছিলাম এখন আরো প্রমান পাইলাম কৃতজ্ঞতা পিনাকি দাদা এরকম কয়েক লাখ ভুয়া মুক্তিযোদ্ধা এখনো আছে সম্পুর্ন ভাবে মুক্তিযোদ্ধা ভাতা বন্ধ করার দ্বাবি রইল	None
10036586	তর প্রমাণ তুই পাকিস্তানের বীজ তা ও প্রমাণিত	None
10036587	ভালো কথা তুই রাজাকার নিজেই তো বীর শ্রেষ্ঠ	Abusive
10036588	স্বাধীনতার ঘোষকে নিয়ে কিছু বলবেন তার শুরু এবং শেষ কিভাবে হলো  একটা ভিডিও দেখলাম এক মহিলা তার কবরের কাছে বললো এখানে লাশ নাই এটা কতটা সত্য	None
10036589	বিগত আওয়ামী ফ্যাসিস্টের দোসররা এভাবেই মুক্তিযুদ্ধের চেতনায় ব্যবসা করেছেচেতনার ব্যবসার ফলাফল জিরো জিরো জিরো জিরো ফেল ফেল	Political Hate
10036590	দাদা তারেক আম বেচা পাটি রে একটু দিয়েন	Abusive
10036591	পিনাকি ভট্টাচার্য বাংলাদেশের মাত্র একটাই মাস্টারপিস হাস্য রসাত্মক ভাবে মাশাল্লাহ কত সুন্দর ভাবে ফজা পাগলার ভুয়া মুক্তিযোদ্ধার বাম্বুটা দিলেন সেলুট দাদাক	None
10036592	এ তো এক ফজা বের আছে বাকি ফজাদের কিভাবে বের করবেন কয়েকজন ফজার ছাদের অত্যাচারে অতিষ্ঠ হয়ে পরেছি	Abusive
10036593	মজা মারে ফজা ভাই	None
10036594	অসাধারণ হইছে দাদা	None
10036595	সে ত প্রথম পতাকা উত্তোলনের দাবি করে নাই;	None
10036596	কৃতজ্ঞতা দাদা সত্য কথা প্রচার করার জন্য ্	None
10036597	জোশ	None
10036598	বাংলাদেশের সব ভুল তুই সঠিক	None
10036599	দাদার কথা গুলো অসাধারণ	None
10036600	ফজা আলু	None
10036601	হাসিনার মত স্বৈরাচারী বারং বার এই জাতিকে শাসন করবে ২৪শের চেতনা ২৫শেই শেষ২৪শের আকাঙ্খা আজ নিজ নিজ ব্যাক্তি স্বার্থের কাছে পরাজিত	Political Hate
10036602	ফজলু পাগলা ভুয়া মুক্তিযোদ্ধা এবং রাজাকার ছিলেন তার ফাঁসি চাই	Abusive
10036603	লাগাও পলটি মুক্তি যোদ্ধা রা কি রাজাকার হত পারে না পরবর্তীতে	None
10036604	আওয়ামিলীগ বিএনপি জাতিও পাটি নিষিদ্ধ চাই	Political Hate
10036605	চেতনা ব্যাবসা শেষ	Abusive
10036606	এই লোকটা ভারতীয় র এর দালাল নাকি পাকিস্তানের এজেন্ট এটা পরিস্কার হওয়া খুব যন্ত্রণা সাধ্য ব্যাপার	Abusive
10036607	পাগল একটা	Abusive
10036608	তর মার হেটা তর মারে চুদি	Profane
10036609	আওয়ামিলীগ বিএনপি জাতিও পাটি নিষিদ্ধ চাই	Political Hate
10036610	এর অনেক ইমেজ নষ্ট করেছে এর সাবেক নেতা বছরে বছরে দল বদলকারী ফজলুর রহমান তাকে আগে বহিস্কার করা উচিৎ ছিল সে ছিল দলের ভিতরে এর গুপ্তচর একজন এর সর্মথক হিসাবে তা মনে করি সাবেক সভাপতি ছাত্রদল বানিয়াচং উপজেলাহবিগঞ্জ ১৯৯৩১৯৯৭	Abusive
10036611	দাদা আমরা ৭১ বুঝি না চব্বিশ বুঝি না বুঝি শুধু পিনাকী দাদা আর ইলিয়াস ভাই আপনারা যেটাই বলবেন সেটাই হবে সঠিক আপনারা যদি বলেন এদেশ বাংলাদেশ না পূর্ব পাকিস্তান সেটাও সঠিক সব সময় আপনার সাথে আছি	None
10036612	এই আবালের মুক্তিযোদ্ধা সার্টিফিকেট ভুয়া এটা একটা আপাদমস্তক টাউট যে ভাবে মুক্তিযুদ্ধ ফেরী করে যেন এটা ওর বাপ দাদার আশা করি আজকের ভিডিওর পরে লাফাবে না	Profane
10036613	অসাধারণ কৃতজ্ঞতা	None
10036614	আগেই মনে হয়েছিল পাগলা বুয়া	Abusive
10036615	দাদা আপনাকে অসংখ্য কৃতজ্ঞতা	None
10036616	দাদা আপনাকে অসংখ্য কৃতজ্ঞতা	None
10036617	এটা তাড়াইল হবে	None
10036618	ফজা ভুয়া ভুয়া ভুয়া	Abusive
10036619	ফজু পাগলা নামডা আজ সার্থক হয়ে গেছে	None
10036620	এই পিনাকী দা এই ফজা পাগলা নাকি বি এন পির উপদেষ্টা তার মানে কি এই পাগলের আছরে কি পরো দলকে কি বানিয়ে দেওয়া পরিকল্পনা ছলছেযাগগা দাগো ভুত পেরেতের তাবিজ বানাইয়া গলাই জুলায়া রাইখেন নয়লে ফজা পাগলার আছর আপনার উপর পরতই পারেগো দাদা বুচচো	Political Hate
10036621	একটা টোকাই মেথর রিকশাওয়ালা ভাইয়েরা ও ওর চেয়ে ভালো কথা বলতে পারে ও কেমনে এডভোকেট  আমার মনে হয় এটাও ভুয়া দাদা এটাও বের করেন ওরে একদম লেংটা করে দেন	Abusive
10036622	আমার মনে হয় ৫০  মুক্তিযোদ্ধাই ভুয়া	Abusive
10036623	পিনকি দাদা জিন্দাবাদ বি এন পি মুর্দা বাদ ছাত্র দল ছাত্র লীগ একই চেতনার অধিকারী	Political Hate
10036624	মুক্তিযুদ্ধমুক্তিযুদ্ধ না কেউ মুক্তি যোদ্ধা না একমাত্র ৩ ইঞ্চি পিংকু যুদ্ধ করছে৷৷৷	None
10036625	ব্যাপক ন্যারেটিভ ভূখন্ড পাওয়ার যুদ্ধ	None
10036626	চেতনা ব্যবসায় লস	Abusive
10036627	ফজা পাগলা আজ ধরা খাইছে	Abusive
10036628	ফজা পাগলা শুধু নয় মস্ত একটা বাটপারও	Abusive
10036629	ফজা শেষ	None
10036630	সেই	None
10036631	আছি	None
10036632	দাদা ত জয় বাংলা করে দিলেন ফজু পাগলা এখন কি বলবে	Abusive
10036633	ফজা পাগলার বেলুন ফুট্টুস	Abusive
10036634	যারা ভারতের মদদে জয় বাংলা বলা চিটার বাটপার ব্যবসায়ী মানে শেগ মুজিব মানুষকে ধোকা দিয়ে ত্রাসের রাজত্ব মুজিব শাসন কায়েম করেছে  যেখানে রক্ষীবাহিনী ও কাদেরিয়া বাহিনী দিয়া দেশটাকে অরক্ষিত ও জনজীবন অতিষ্ঠ করে রেখেছিল  যেমনটা ব্রিটিশ মীরজাফরকে মসনদে বসিয়ে বাংলা শাসন করেছিল  আর ভারত তার চেয়েও বেশি করেছে মুজিবকে দিয়া  ভারতের প্রভাব বিস্তার তৎকালীন সময় থেকে  এটা নিয়ে একটা সুন্দর ইপিসোড করবেন	Political Hate
10036635	সত্যি কথা বলতে আমার হাসতে হাসতে পেট ব্যাথা হয়ে গেছে আলহামদুলিল্লাহ প্রত্যেক অসত্যবাদীকে সৃষ্টিকর্তাতালা এভাবেই লাঞ্ছিত করেন	None
10036636	হাসতে হাসতে পেট বেথা হয়ে গেলো	None
10036637	রাইট হাসিনার তৈরী ভূয়া মুক্তিযুদ্ধা আমার এক আত্তীয়ের কাছে অফার আসছিল ১৫০ টাকা দিয়ে ফরম কিনে মুক্তিযুদ্ধা হওয়া কিন্তু উনি তা ফিরিয়ে দেন	None
10036638	ভাই আপনি একটা কঠিন জিনিস	None
10036639	নেগেটিভ মার্ক কোথায়	None
10036640	ফজু পাগলা ভুয়া ভুয়া ভুয়া মুক্তিযুদ্ধ	Abusive
10036641	কেমনে ভুয়া সে যুদ্ধ করছে হাজার হাজার মানুষ সাক্ষী আছে তারা এখনো বেচে আছে ফজলুর রহমানের কথা ১০০ সঠিক	None
10036642	করে নাই উনি ভারতীয় রাজাকার	Abusive
10036643	অসংখ্য অনেক শুভকামনা সত্য প্রকাশের জন্য	None
10036644	আমার এক মামা বীরপ্রতীক যোদ্ধাহত বীর মুক্তিযোদ্ধা কিন্তু মামা ওনার করা একটা যুদ্ধের কথাও বলতে পারে নাই একজন বীরপ্রতীকেরই যদি এমন হয়তাহলে অন্যরা কি যুদ্ধ করেছিলো	None
10036645	সেই বিনোদন	None
10036646	কৃতজ্ঞতা দাদা ওর মুক্তিযুদ্ধের বীরত্ব ওর পাছায় ঢুকিয়ে দিলেন	None
10036647	আমি মনে করিপিনাকি একজন বেশ্যার ছেলেপিনাকী একজন খানকির ছেলেপিনাকী একজন জারজ সন্তানকারন হিসাবে বলবসে বাংলাদেশের স্বাধীনতা মানেনামানতে চায়নাআর অনেক কারন আছে আজকে বললামনা	Profane
10036648	ইনকিলাব জিন্দাবাদ	None
10036649	কে ভুয়া মুক্তি যোদ্ধা কে ভুয়া	None
10036650	চিন্তা কইরা সেল মারবেন তাহলে ভালো লাগে	None
10036651	কে কে সফলতাবাংলা হবার চাচ্ছিন আস	None
10036652	সিল মারেন তিনটা সিল মারেন	None
10036653	শ্রীজনাব পিনাকী বাবু ফরাসীতে বসে আর কত উস্কেনীদিয়ে তখন তুমি কলেজ না রাজসাহী মেডিকেল কলেজ কোন ইয়ারে ছিলে ৷ নাকি প্রাইমারী স্কুলে নাকি হাই স্কুলে পড়েছো ৷ তোমার ৭১ সালে তোমার বয়স কতো ৷ নাকি সঠিক মুক্তিযোদ্ধা তোমার শিক্ষক বাবা মার কাছে সোনা গল্প ৷ পিনাকী বাবু তুমি যদি সত্যিকারের দেশ প্রেমকি হাও তাহলে বাংলার মাটিতে এসে ডঃ ইউনুচ স্যার এর সরকার এর সাথে সহযোগীতা কর ৷ ফরাসীতে বসে শুধুু আবুল তাবুল কথা না বলে দেশের জনগনের জন্য কিছু কর ৷ তুমিও তো নকল ওষুধ তৈয়ার না করলে আজকে দেশ ছাড়তে হতো লা ৷ আগে নিজের হাতের বাগলে কত গন্ধ আছে তা শুকিয়ে দেখেো ৷ এই রাশিয়ানপন্থী ছাত্র ইউনিয়ন মিঃ পিনবাবু ৷ লেলিন ষ্টালিন মাকর্স বাদ বামপন্থী এখন হলো মীর জাফরপন্থী ৷ পিনবাবু বয়সতো ৭০ এর কোঠায় একদিন এইপৃথিবীর প্রত্যেক প্রানীকে মৃত্যুর সাধ গ্রহন করতে হবে ৷ তাই ফরাসীতে প্রবাস জীবন না কাটে কারো পাছায় বাঁশ না দিয়ে দেশের সাধার মানুষ এর জন্য নতুন কিছু করেন নতুন কিছু ভাবেন ৷ প্রিস প্রিস প্রিস	None
10036654	বাটপার মুক্তিযোদ্ধা	Abusive
10036655	ফজু পাগলা কতো বরো যে চাপাবাজ	Abusive
10036656	পিনাকী দা নাম্বার ওয়ান ব্যান্ড	None
10036657	দাদা আমার বাড়ি কিশোরগঞ্জ	None
10036658	নেক্সট	None
10036659	দাদা আপনাকে অনেক শুভেচ্ছা সত্য কথা বলার জন্য এবার একটা কনটেন্ট করেন বাংলাদেশে কোন মুক্তিযুদ্ধ হয়নি পাকিস্তানি সেনাবাহিনী নির্যাতিত হয়েছেপাকিস্তান সেনাবাহিনী অসংখ্য মারা গিয়েছে	None
10036660	দাদা আমার ফ্রান্সে বইসে বাংলা মালের সাপ্লাই পায় কেমনে	None
10036661	চ্যনেল ৭১ এর কামই এমনঅসত্য বলা আর প্রচার করা ওরাই ভালো পারেহলুদ মিডিয়া ফাজালামি রাজনিতি বাদ দে এখনও	Abusive
10036662	দাদা আপনার দেনা আমরা কি দিয়ে শোধ দেবো তাই বলি যাঝাকাল্লাহু খাইরান দাদা	None
10036663	চেতনা ব্যবসায়ী রাজনীতি করার দিন শেষ	Political Hate
10036664	ফজা পাগলা	Abusive
10036665	অশেষ কৃতজ্ঞতা আপনি না হলে বুজতেই পারতাম না এই সবই ভুয়া বানাট গল্প	None
10036666	জনগনকে ভুল কেনো বুঝান ওখানে লেখা আছে তিনি প্রধান সংগঠকএতে তার দাবি প্রমান হয়কারন সে বলছে তারা ট্রেনিং দিছেওখানে লেখা প্রধান সংগঠক কথাতো মিলে গেলোআমায় আবার দালাল ট্যাগ দিয়েননা দয়া করে আমি কোনো পলিটিক্স করি না	Abusive
10036667	আসলে এত ভনিতা না করে বলেদিলেই হয় ৭১ কোন যুদ্ধয় হয় নাই	None
10036668	দাদা ছুলেই গুস্টি উদ্ধার হয়ে যাচ্ছে	Profane
10036669	এই কথাটা আমিও ভাবতাম যে এখনো আমরা মুক্ত হতে পারি নাই তাহলে এই যুদ্ধের নাম মুক্তিযুদ্ধ হয়েছে কিভাবে	None
10036670	পরে শুনতে হবে কাদের সিদ্দিকীও মুক্তিযোদ্ধা না আকাডা পীরের সন্তানরা বলবে মারহাবা মারহাবা	Religious Hate
10036671	কৃতজ্ঞতা দাদা আমার করিমগঞ্জ উপজেলা সম্পর্কে সঠিক তথ্য তুলে ধরার জন্য	None
10036672	এই ফজলুর কথা শুনলেই বুঝা যায় যে বানানো গল্প ১৬৯ আর মাত্র তিন জন তাও আবার ৩ জনের কোথাও কোনো আহত হয় নাই	None
10036673	ফজলু পাগলা বুয়া বুয়া যুদ্ধ না করেও সে হয়েছে যোদ্ধা	Abusive
10036674	যারা ৭১ এর চেতনা ব্যবসা করে তাদের অধিকাংশই এই ধরনের ভুয়া	Abusive
10036675	প্রকৃত মুক্তিযোদ্ধা আছে জামায়াতে ইসলামী আর ফজু পাগলা কিভাবে জানতো তার আগমনে সব রাজাকার পালিয়ে যেতো সব ভণ্ডামি	Religious Hate
10036676	বাংলাদেশের সবচেয়ে গুরুত্বপূর্ণ বিষয় আলোচনা করেন পিনাকি দাদা	None
10036677	চোদাভাই তোমার কি মালাউট	Profane
10036678	ওরে চাপাবাজ ফজা পাগলা	Abusive
10036679	পিনাকি দাদা বেস্ট একে একে সবাই শেষ হা হা হা	None
10036680	ফজা পাগলা সহ বেশিরভাগ মুক্তি যোদ্ধাই ভূয়া ছিল	Abusive
10036681	পিনাকি হারাম জাদামালু	Profane
10036682	আমি আগে থেকে জানতাম ফজা ভুয়া মুক্তিযোদ্ধা আমার তো আরো সন্দহ হয় সে আইনজীবী পড়াশুনা না করে অন্যের সার্টিফিকেট নিয়ে ব্যারিস্টার হইছে	Abusive
10036683	দাদা এভাবেই যারা ভুয়া মুক্তিযোদ্ধার লেবাসে এদেশের রাজনীতির অঙ্গনে বিচরণ করছে তাদের মুখোশ উন্মোচন করে দিবেন ইনশাসৃষ্টিকর্তা	Abusive
10036684	যারা মুখে মুক্তিযোদ্ধা মুক্তিযোদ্ধা বলে তারা কখনই প্রকৃত মুক্তিযোদ্ধা নয়	Abusive
10036685	দাদা কামডা করলো কি জাতির সামনে পর্দা ফাস	Abusive
10036686	তোর মতো বেশ্যার ছেলে আর কোনো দেশে যেনো জন্ম না নেয়	Profane
10036687	দাদা মাঝে মধ্যে আপনার ডাইলগ শুনলে না হেসে থাকা জায় না	None
10036688	লেংটা সুলেমান আসলেই একটা বাটপার	Abusive
10036689	অসাধারণ	None
10036690	২৪ সালের যুদ্ধ এখনো শেষ হয় নাই সকল যোদ্ধারা সতর্ক অবস্থায় থাকুন	None
10036691	এই দেশে কিছু বলদ আছে যারা এই জারজের কথা বিশাস করে  মুক্তিযুদ্ধাদের আপমান করে	Profane
10036692	কাদের লাইট	None
10036693	তোর বাপ আছে আসল মুক্তিযোদ্ধা	Abusive
10036694	পিনাকী দাদা আই লাভ ইউ	None
10036695	এটা তোর বয়স দে নাকি সার্টিফিকেট	None
10036696	দাদা আর দিয়েন না মিঠা লাগে	None
10036697	দাদা আপনার কারনে আমরা সত্য জানতে পারি	None
10036698	ঠিক বলেছেন আপনাকে সেলুট	None
10036699	পিনাকী দাদা কোন প্রমাণ ছাড়া কথা বলে না এটা আমি সর্বদা বিশ্বাস করি তাই দাদাকে শুভেচ্ছা	None
10036700	এই হালায় মুক্তিযোদ্ধা আমার ভাবতেই লজ্জা লাগে	Profane
10036701	যে জারদ বলতে পারে মুক্তিযুদ্ধে ২ হাজার লোক মারা গেছে সেই জারজের কথা জামাতের কিছু নাপাক লোক ই বিশ্বাস করবে আর কেউ না	Profane
10036702	ফজলুর রহমান যদি মুক্তিযোদ্ধা না হয় তাহলে তুই ও তোর মায়ের বৈধ সন্তান না	None
10036703	হা লা রে দ্রুত গ্রেফতার করতে হবে	Abusive
10036704	ভন্ড	Abusive
10036705	ভুয়া মুক্তি যোদ্ধা ধরো আর জেলে ভরো	Abusive
10036706	ইনকিলাব জিন্দাবাদ	None
10036707	ভূয়া মুক্তিযুদ্ধারা বাংলাদেশ কেবলমাত্র না পৃথিবীতে কলঙ্কিত সন্ত্রাসী নরপিশাচ ও পৈশাচিক গাঁজার টাইপের মানুষ	Abusive
10036708	আমরা গর্বিতআমাদের একজন পিনাকী দাদা আছে	None
10036709	আমরা গর্বিতআমাদের একজন পিনাকী দাদা আছে আমরা গর্বিতআমাদের একজন সাংবাদিক ইলিয়াস ভাই আছেন	None
10036710	আমি আগেই বলেছিলাম ফজু পাগলা একজন ভুয়া মুক্তিযোদ্ধা প্রকৃত মুক্তিযোদ্ধারা কখনোই বলে বেড়াবে না আমি মুক্তিযোদ্ধা অসত্যবাদীরা বলে বেড়াবে কারণ অসত্যকে এরা বারবার বলে সত্য বানাইতে চাই কথায় আছে না যে কুকুর ঘেউ ঘেউ করে সে কুকুর কামড়ায় না	Abusive
10036711	ভারত খেদাও বাংলাদেশ বাঁচাও	Abusive
10036712	হেবা	None
10036713	সাফ কবলা	None
10036714	হেবা বিল এওয়াজ	None
10036715	তুই হইলি ইন্ডিয়া দালাল	Abusive
10036716	পিনাকি দা	None
10036717	আসল মুক্তিযোদ্ধা গোলাম আযম আর বর্তমানে মুক্তিযুদ্ধের সার্টিফিকেট দেওয়া হচ্ছে ঘেটুপুত্র আর লেংটা চলমানের হাত ধরে	Abusive
10036718	পাগলছাগল আসলেই ওর আলোর দোষ	Abusive
10036719	এই ফজার কথা বার্তাই চিটার দের মতো	Abusive
10036720	ফজু পাগলার পাগলামি ধরা খেয়ে গেছে	Abusive
10036721	ফজা পাগলা যে কতটা চাপাবাজ এইটা আজ বাঙালি জানতে পারলো	Abusive
10036722	দাদা দেখেনতো কষ্ট কইরা আরেকটা ভিডিও ব্যনাইয়া বলেন মুক্তিযোদ্ধা হয়েই নাই আমরা বাংলারা খারাপ লোক তাই পাকিস্তানিরা এমনিই দিয়া লাইছে দাদা আমার অনুরোধ টা রাখবেন আশাকরি	None
10036723	চল চল চল পিনাকির দাদার বাড়ি চল	None
10036724	রাজশাহী জেলা গোদাগাড়ী ডাইংপড়াতে ১৪৪ ধারা জারি করেছে উপজেলা নির্বাহী ম্যাজিস্ট্রেট	None
10036725	চল চল চল পিনাকির দাদার বাড়ি চল	None
10036726	ফজা পাগলার কন্ঠ শুনলে আমার গায়ের মধ্যে জ্বলে	Abusive
10036727	চল চল চল পিনাকির দাদার বাড়ি চল	None
10036728	চল চল চল পিনাকির দাদার বাড়ি চল	None
10036729	মুক্তিযুদ্ধের গালভরা ভূঁয়া গল্প দিয়া মজা মারে ফজলু ওরফে ফজা মিঁয়া	Abusive
10036730	চল চল চল পিনাকির দাদার বাড়ি চল	None
10036731	চল চল চল পিনাকির দাদার বাড়ি চল	None
10036732	চল চল চল পিনাকির দাদার বাড়ি চল	None
10036733	উকিলপাড়া বাংলাদেশ	None
10036734	উকিলপাড়া	None
10036735	উকিলপাড়া নীলফামারীর সদর	None
10036736	ভুয়া মুক্তিজোদদা	Profane
10036737	আমার ৪ টা ভিডিওতে ফজা পাগলার ভিডিও ব্যবহার করছিআজ আমি successful	None
10036738	খারিজ	None
10036739	ফজা পাগলার মত মুক্তি যোদ্ধারা কিছুই করে নাই তবে পাকি মামারা হারল কেন তাও আবার ৯৬০০০০০ পাকি মামা ও রাজা চাচা	Abusive
10036740	পিনাকী দাদা জিন্দাবাদ	None
10036741	সত্ত তুলে ধরার জন্ন দাদাকে ধন্নবাদ	None
10036742	আরে যুদ্ধ তো করছে তোর মা আর গোলাম আজম গোলাম আজম তোর মা কে পাকিস্তানি সেনাবাহিনীর কেম্পে রেখে আসছে সেখানে তোর জন্ম হইছে	Abusive
10036743	দাদা পল্লী বিদ্যুৎ নিয়ে একটু ভিডিও দেন	None
10036744	জয় ইনকিলাব	Abusive
10036745	ফায়ার ফায়ার	None
10036746	তোর এই ভিডিও দেখার প্রয়োজনীয়তা অনুভব করলাম না কিন্তু তোর যেটা শুয়োরের ঘরে জন্ম এ ব্যাপারে কোন সন্দেহ নাই জাতিকে ধ্বংস করে দেওয়ার প্রচেষ্টায় তোমরা লিপ্ত	Profane
10036747	এই হায়াওয়ান ফজা রে একটানা ৬ মাসের রিমান্ড দিলেই আসল সত্য তথ্য বেরিয়ে আসবে	Abusive
10036748	আমি ফরিদ উদ্দিন আছি	None
10036749	সত্যি উন্মোচন করার জন্য দাদাকে কৃতজ্ঞতা	None
10036750	ভারতের অভ্যন্তরীণ রাজনীতি নিয়েও বেশি বেশি ভিডিও চাই বাংলাদেশের দৃষ্টিকোণ থেকে	Political Hate
10036751	ফুজুরে রিমান্ডে নিয়ে সত্য বের করার দাবী জানাচ্ছি ওই মুক্তি যুদ্ধের বাতা কত পাইছে সেটা ওর পেট থেকে বের করা হোক	None
10036752	আমার মনেহয় ফজা পাগ্লা শুধু বইয়ের মলাট পড়ে পড়ে প্রত্তেক টা সেক্টরের নাম মুকস্ত করে করে মুক্তি জুদ্দার কিচ্ছা সাজাইছে	Abusive
10036753	ভুয়া মুক্তিযোদ্ধা ফজা পাগলা	Abusive
10036754	পিনাকি দার ভিডিও আর দেখি না  মিছেই একগুলা বিষয় নিয়া আলোচনা করে  জাতি ভাল আলোচনা আশা করে	None
10036755	দারুণ সুন্দর চমৎকার উপস্হাপনের মনোমুগ্ধকর বক্তব্য	None
10036756	রাজাকার প্রো ম্যাক্স দরবেশ পিনাকী	Abusive
10036757	জীবন দিল সাধারণ মানুষ আর মজা মারে ফজা পাগলারা	Abusive
10036758	আমার এলাকার একজন মুক্তিযোদ্ধা আমাকে অনেকদিন আগে বলেছিল বাবা আমার থানায় তিনজন লোক ছাড়া আমি মুক্তিযোদ্ধা এই কথা বলার সাহস নাই কারণ তিনজন ছাড়া সবাই ভুয়া মুক্তিযোদ্ধা	None
10036759	ফজু পাগলা অসংখ্য চাপাবাজী করে খুবই চতুর লোক	Abusive
10036760	আমি আছি	None
10036761	ভুয়া মুক্তিযোদ্ধায় ভরে গেছে দেশটা	Abusive
10036762	ভুয়া মুওি যুদ্ধা নাস্তিক ফজু পাগলা	Religious Hate
10036763	ফজা পাগলের মিত্যা কথা সুন্দর করে বলে	Abusive
10036764	কৃতজ্ঞতা দাদা	None
10036765	শুধু ফজু পাগলা না বেশির ভাগ মুক্তিযোদ্ধাই ভুয়া	None
10036766	৭১ এ মুক্তি হয়নি এ জন্মভূমির বড়ং ভারতের আধিপত্যের কাছে চলে গেছে এ দেশটি	None
10036767	ফজু পাগলা সব লাড্ডু গোল্লা পাইছে	None
10036768	বাংলার জন্ম ১৯৪৭	None
10036769	তুই আর তোর বাবা মুক্তি যুদ্ধা	Abusive
10036770	দাদা ফজা পাগলারে সফলতা বাংলা করা যায় না	None
10036771	সোনাগাছির খাট যোদ্ধা	None
10036772	এই ফজা পাগলাকে সারদার ঘোড়া থেরাপি দেয়া যায় না দাদাআমার প্রস্তাব টা একটু বিবেচনা করিয়েন	None
10036773	কৃতজ্ঞতা দাদা সটিক টা তুলে দরার জন্য	None
10036774	কৃতজ্ঞতা আপনাকে দাদা সত্য উন্মোচন করার জন্য খাজা পাগলার মতো ভারতীয় দালালদের সবার সামনে পরিচিত করার জন্য	None
10036775	ফজা পাগলা যে গাজা খাইয়া সাক্ষাৎকার দিয়েছে তার মেয়াদ ছিলনা অন্তত আমি কফার্ম৷	Abusive
10036776	মানুষ কত ননসেন্স হলে এমন ভিডিও বানাতে পারে ও কমান্ডার ছিল তার অধীনে যারা যুদ্ধ করেছিল তারাই তো জানে সে কোথায় যুদ্ধ করেছে এগুলো বন্ধ করুন আপনি যে পরিকল্পনায় এগুচ্ছেন তা কখনো সফল হবে না	Abusive
10036777	ফজা পাগলার আলুর দোষ আছে	Abusive
10036778	পিনাকি এভাবেই সবাইকে সাবান' ছোটা ছাড়া ধোলাই করে যেই ধোলাই খায় তারার ইজ্জত থাকে না ফজা পাগলার ও সেই অবস্থা	Abusive
10036779	এনাকে দাদা যখন আঙ্গুল নিয়া ভিডিও টি আর পদ্ধতিতে আঙ্গুর সেই আঙ্গুলের ভিডিওতে কেউ লাইক কমেন্ট করে নাই বট বাহিনী আজকে বেশ লাইক কমেন্ট ভাই তোরা সবাই পাগল হয়ে গেছো পিনাকির মতো তোরাও পাগল হয়ে গেছোস	Abusive
10036780	কিশোরগঞ্জ সদর কিশোরগঞ্জ	None
10036781	সাবাস দাদা ইনকিলাব জিন্দাবাদ	None
10036782	তুইতো শ্যামল ভট্টাচার্য পোলানা তুই হলে লাহোরের এইচডি ওর পোলা তুই ফজলু ভাইয়ের মুক্তিযোদ্ধার সার্টিফিকেট কিভাবে দেশ	Abusive
10036783	দাদা মব এর গড ফাদার	None
10036784	এই শালি ফজু পাগলার সব গুলো দাবি দাদা অসত্য প্রমানিত করার কারণে ফজু পাগলা এই পরিক্ষায় পায় ঘোড়ার ডিম00 দাদা পাইছে ১০০তে ১০০	Profane
10036785	শেষ অনেক হাসলাম	None
10036786	ভিডিওর সাউন্ড নাই কেন	None
10036787	আমার বিশ্বাস আপনি বীর মুক্তিযোদ্ধা	None
10036788	ফজু পাগলা ভুয়া মুক্তি যোদ্ধা	None
10036789	পিংকি দাদা আপনাকে ঐ ১৯২০২১ সালে আওয়ামী বিরোধী ভাম্ভু ডায়লগ সেই এখন গেছের গেছের মজা নাই আপনার বিপক্ষে বললে পুটকি মারা	Profane
10036790	ফজা পাগলা চোর	Abusive
10036791	দাদা আপনাকে হাজার সালাম	None
10036792	পিনাকি দাদার বিশ্লেষণ গুলো অসাধারণনেক্সট	None
10036793	ফজা পাগলা বুয় বাটপার দালাল অসত্য বাদী বেয়াদব ধান্দা বাজ ধোঁকা বাজ বাজ চাটুকার দুর্বৃত্ত তেল বাজ এই সমস্থ চোর বাটপার দুর্নীতি বাজ গুলোর মুখোশ উম্মচন করতে হবে অসংখ্য কৃতজ্ঞতা আপনাকে	Abusive
10036794	চোদাভাই তোমার কি মালাউট	Profane
10036795	ফজারে দিসে ল্যাংটা কইড়া পিনাকী একটা জিনিস বাংলার বুকে পিনাকী ইলিয়াস যে বিশ্লেষণ করে তা মনে হয় না কেউ ধারে কাছে আছে	Abusive
10036796	চেতনা ব্যবসায় ধস	Abusive
10036797	ইনকিলাব জিন্দাবাদ	None
10036798	ইনকিলাব জিন্দাবাদ	None
10036799	দাদা চট্টগ্রাম বিশ্ববিদ্যালয় নিয়ে কিছু বলুন	None
10036800	অসত্যবাদী রে ফজলু ফজা ফজা পাগল অসত্যবাদী রে	Abusive
10036801	অনেক সুন্দর হয়েছে দাদা	None
10036802	ফজলু কমান্ডার আসিতেছে	None
10036803	ভুয়া আরও অনেক খুঁজে বের করতে হবে	None
10036804	তিনি যদি মুক্তিযোদ্ধার সকল সরকারী সুযোগ সুবিধা পেয়ে থাকেন তাহলে তার সকল সুযোগ সুবিধা প্রত্যাহার করা হোক এবং ইতিপূর্বে গুলো ও ফেরত নেওয়া হোক	None
10036805	ফজা ভুয়া ভুয়া ভুয়া কৃতজ্ঞতা দাদা কে স্যালুট জানাই আন্তরিক শুভেচ্ছা	None
10036806	ফজা পাগলা অরজিনাল ভুয়া মুক্তিযোদ্ধা	Abusive
10036807	প্রকৃত যোদ্ধারা ফটর ফটর করে না	None
10036808	গুড পিনাকী দাদা	None
10036809	সকল ভুয়া মুক্তি যোদ্ধা দের সনাক্ত করতে হবে	None
10036810	এতগুলা মন্তব্য কোন চামচিকা দেখলাম না হতাশ  বহুত হতাশ	None
10036811	গাঁজাখোরফি নাকি কি নিয়ে আসে সেটা বুঝি না সারাদিন গাঁজা খেয়ে পড়ে থাকে তাই আবোল তাবোল বকে আরে ব্যাটা তোদের তো নুনু নাই নুনু থাকলে দেশে আইসা কথা বলতেই এখন তো তোদের ক্ষমতা তোরা বলিস আর কি দেশের জনগণ না নুনু কাটে দেশে আয় যদি তোর কাছে মনে থাকে	Abusive
10036812	এইসব মুক্তিযোদ্ধারা মুক্তিযোদ্ধা লাইসেন্স কে চাঁদাবাজি এর ব্যবসার হাতিয়ার হিসেবে এত বছর ব্যবহার করেছে	Abusive
10036813	ভালো করে খোজ নেন দাদা ও ফজা পাগলা রাজাকার ছিলো	Abusive
10036814	ভূয়া মুক্তিযোদ্ধা ফজু পাগলা কে রাষ্ট্রদোহী মামলা দেওয়া হোক	None
10036815	দাদা ফজার মুক্তিযুদ্ধ ব্যাবসায় তো লালবাতি জ্বালায় দিলেন	None
10036816	ফজা কট	Profane
10036817	পিনাকি বেজন্মা	Abusive
10036818	যদিও আমি আগে থেকে ধারণা করেছি সে কখনোই মুক্তিযোদ্ধা হতে পারে না তবে আজ তার কথা সাথে আপনার উত্তর শুনে শিওর হলাম এবং অনেক হাসলাম	None
10036819	সেরা দাদা সেরা	None
10036820	করিমগঞ্জ থেকে দেখছি	None
10036821	লতিফ সিদ্দীকি	None
10036822	দাদা পরের মালটা কে	Profane
10036823	ফজা পাগলা কঠিন চাপাবাজ	Abusive
10036824	জীবনে তোমারে কৃতজ্ঞতা দেই নাই দাদা আজ আমার চির শত্রু ফজলুর বিরুদ্ধে বলায় আপনাকে কৃতজ্ঞতা জানাই ফজলুর পাছায় বাঁশ ঢুকাতে চাই	Abusive
10036825	একটা মানুষের দোষ ত্রুটি থাকতেই পারে বর্তমানে সে অনেক বিতর্কিত বক্তব্য দিয়েছে যেটা কোন ভাবেই সমর্থন করা যায় না তাই বলে তার সকল অবধানকে অশ্বিকার করা গাদ্দারি ছাড়া কিছু না	Political Hate
10036826	যারা সত্যিকারের দেশপ্রেমিক তারা কখনো দেশ স্বাধীন করে এতো গলাবাজি আর চেতনা শেখায় না	Abusive
10036827	মুক্তিযুদ্ধইতো ভূয়া	None
10036828	দাদা আপনি দেশে এসে ভুয়া মুক্তিযোদ্ধা বের করতে পারবেন  দাদা আমাদের কোন মূল্য নেই  দেশে আপনাদেরকে দেখতে চাই	None
10036829	হালায় কি গপ্পোটা মারলো	None
10036830	সব ঠিক আছে কিন্তু এই ব্যাটা তো নিজেই একটা ভুয়া জোচ্চোর বিদেশে না থেকে দেশে এসে কথা বলেনা কেন শুধু দেশটারে অস্থিতিশীল করার ধান্ধা	Abusive
10036831	দাদা ইতিহাসের সেরা ভিডিও	None
10036832	ইন্ডিয়ান দালালি করে নিজেকে মুক্তিযুদ্ধে দাবি করার মুক্তিযোদ্ধাকে বাংলাদেশের মানুষ পিছন দিয়ে ঢুকিয়ে দিবে	Abusive
10036833	ইন্ডিয়ার দালাল আর ভারতীয় রক্ত যাদের শরীরে তারাই শুধু ওযু পাগলা হয়	Abusive
10036834	আমার ও মনে হয়েছে সে চাপাবাজ ভুয়া মুক্তিযুদ্ধা	Abusive
10036835	ফুয়া খুর আবু তালেব আকাশ পিনাকি ভট্টাচার্যকে বলছে এই বলাৎকার ইয়াবা খুর ফেরেস্তা নাকি বাংলাদেশের সবাই খারাপ	Abusive
10036836	ফজা পাগলা নাম টা ভালোই বলেছেন দাদা	None
10036837	হাচায় নি হালা পাগলামি করতোছো একজন ফজু কাকারে নিয়ে এমন সত্য কথা বলা উচিৎ হয়নি আর ২১ বার বলে আর বলেন না দা দা	Profane
10036838	অবশেষ ফজা পাগলা কট	Abusive
10036839	দাদা এ ভাবেই সত্যটা কে প্রকাশ করার জন্য কৃতজ্ঞতা	None
10036840	আমি	None
10036841	ফজা পাগলা নতুন চেতনা ব্যবসায়ী	Abusive
10036842	ওকে	None
10036843	ফজারে পাবনা কোন দিকে	None
10036844	খুবই ভালো লাগলো	None
10036845	ফজা পাগলার প্রত্যেকটা কথা অসত্য ও বানোয়াট কেননা ফজা পাগলার কোনো কথার সাথে যুক্তি মূলক কোনো মিল নেই	None
10036846	ইনকিলাব জিন্দাবাদ	None
10036847	এইজন ভাল না ঐ জন ভাল না সব থেকে ভাল আপনি	Abusive
10036848	মিথুক ফজা পাগলর বিচার চাই	Abusive
10036849	ফজার মত পাগল যুদ্ধ কর‌বেনা এটা আগের থেকেই বুঝ‌তে পে‌রে‌ছিলাম	Abusive
10036850	দাদা সালাম নিবেন দাদা শুধু উনি একা ভুয়া মুওিযোদা না এদেশে অরিজিনাল যোদ্ধা ৩৫০০০ হাজার থেকে ৪০০০ হাজার যাহা অকপটে বলেন কনেল আলি আহমেদ বীর বিএম অথচ বতমানে ভাতা ভোগী ২১৬০০০ হাজার এরা ভুয়া মুওিযোদা পরিচয় দিয়ে দেশের হাজার কোটি টাকা নিয়ে যাচ্ছে এদের নিয়ে একটা এপিসোড করেন	None
10036851	ফজু যে আগে থেকেই পাগলা তা জানা ছিলনাআমরা ইদানিংকালে তার আচার আচরণে বুঝতে পারলাম সে পাগলা	Abusive
10036852	আমরা তো আগেই বলেছি খোজা পাগলা ভুয়া মুক্তিযোদ্ধা সব সাজানো নাটক	Abusive
10036853	শুভেচ্ছা দাদা	None
10036854	শুভেচ্ছা সঠিক তথ্য তুলে ধরা জন্য	None
10036855	প্রফেসর ডঃ মোঃ ইউনুস স্যার আপনি আগে নিজেকে রাষ্ট্রপতি হিসেবে ঘোষণা করেন তারপর আওয়ামী লীগ ও জাতীয় বেইমান পার্টি কে চিরতরে নিষিদ্ধ ঘোষণা করেন এবং সমস্ত আইন কানুন নিয়মনীতি ও সংবিধানের সংস্কার ও সব খুনের ফয়সালা করেন তারপরে নির্বাচন হবে  এর আগে কোন নির্বাচন হবে না  ইনকিলাব জিন্দাবাদ	Political Hate
10036856	দাদা ঠিক কথা	None
10036857	ফজু পাগলা রাজাকার ভূয়া মুক্তি যোদ্ধা তার কথা সব পাস হয়ে গেছে	Abusive
10036858	ফজা পাগলার ধ্বজা ভংগ হইয়া সে এখন কলিকাতা হারবালের স্থায়ী কাস্টমার	Abusive
10036859	ফজা পাগলারে ভরে দিলে	Abusive
10036860	পিনাকী আমাদের এ যুগের আবু তালেব	None
10036861	কিরে ফজা পাগলা এইসব কি সুনি তুই তো বীরশ্রেষ্ঠ বাটপার খেতাব পাওয়ার কথা	Abusive
10036862	দাদা ঠিক কথা	None
10036863	ফজলুর কথিত পাক আর্মিদের কাহিনী বানোয়াট ভারতীয় সেনার নিকট আত্মসমর্পণের পূর্বে কোন পাক বাহিনী কোথাও আত্মসমর্পণ করে নাই কেবল রাজাকাররাই আত্মসমর্পণ করে দেশের সর্বত্রবরং কিশোরগঞ্জে অবস্থান করা পাক বাহিনী ১৭ ইং ডিসেম্বর আত্মসমর্পণ করে	None
10036864	দাদা আমি জানতে চাই আসলে কতজন মুক্তিযোদ্ধা দেশে আসল	None
10036865	আমি আছি	None
10036866	দাদা হাসবো না কাঁদবো বুঝতে পারছি না আমাকে একটু শান্তনা দেন	None
10036867	ফজা পাগলা মুক্তি যোদ্ধা না আমি মানি কিন্তু আমার মনে হয় মুক্তি যোদ্ধা পিনাকী ভট্টাচার্য	None
10036868	কিশোরগঞ্জ ও নেত্রকোনা অঞ্চলের মুক্তিযোদ্ধা কমান্ডার ছিলেন মেজর পীর মতিউর রহমান উনার অধীনে থেকে তাকে যুদ্ধ করার কথা ছিল কিন্তু ফজলু তা বলতে পারবে না কামরুজ্জামান কমরু ভাইয়ের সাথে ও কোন দিন মুক্তিযুদ্ধের সময় ছিল নাসে মুজিব বাহিনীর সদস্য হয়ে পরবর্তীতে মাওঃ আতাহার আলী সহ অনেক আলেম হত্যার সঙ্গে ফজলু জড়িত	None
10036869	পিনাকে ভট্টাচার্য স্যার কে আমার বুকে জড়াই দিতাম বেশ অনেক কৃতজ্ঞতা দোয়া করি	None
10036870	তাঁর আচার ব্যবহারে বুঝ যায় সে মুক্তিযুদ্ধা করে নাই	None
10036871	আমরা যারা সূফীবাদ মতে বিশ্বাসী তারা আশঙ্কা করছি জামাতি ইসলাম ক্ষমতায় থাকলে আমাদের অলিআউলিয়াদের মাজার সব ধ্বংস হয়ে যাবে এবং তারা এই সুফিবাদের প্রতি বিদ্বেষপূর্ণ মনোভাব ধারণ করে পিনাকী দা দয়া করে এটা নিয়ে যদি কিছু একটা বলতেন আমাদের অলি আউলিয়াদের মাজার ভাঙচুর কিভাবে বন্ধ হবে এটা নিয়ে কিছু একটা এপিসোড বানান কারণ এখানে মুসলমানদের আরেকটি অংশ রয়েছে যারা সূফীবাদের বিশ্বাস করে এবং সূফীবাদী একটি আধ্যাত্মিক বিষয়ে ইসলামের তাদেরও একটি অধিকার থাকা উচিত তাদের নিজ দর্শন এবং চেতনাকে নিয়ে ধর্ম অনুসরণ করা	None
10036872	ওরে আইনের আওতায় আনতে হবে	None
10036873	ফজু পাগলা সহ সব ভুয়া মুক্তিযোদ্ধাদের বিচার আওতায় আনতে হবে	Abusive
10036874	ফজা ভুয়া	Abusive
10036875	এতোদিন পরে তাকে ধরলেন	None
10036876	একটা মানুষ এতো অসত্য কথা কিভাবে বলে  ওকে অতি তাড়াতাড়ি পাবনা পাঠানো হোক  কারন পাবনায় বেকারত্ব বেড়ে গেছে	None
10036877	পিনাকী তুই অসত্য কথা খুব সুন্দর করে সাজিয়ে বলতে পারিস এই জন্য তোকে ডক্টরেট ডিগ্রি দেওয়া উচিত	Abusive
10036878	তুই আমার চেটের মুক্তি যোদ্ধা	Profane
10036879	মুসলমান না হইয়া দরবেশও ত হইতে পারবেন না	None
10036880	যারা যারা প্রকৃত মুক্তিযোদ্ধাতারা কখনো তারা কখনো দেশের বিরুদ্ধে কাজ করতে পারে না অনেক নেতা আছে নামে এর আগে বীর মুক্তিযোদ্ধা লেখে অথচ এখন দেখতেছি তারাই দেশের বিরুদ্ধে সবচেয়ে বেশি কাজ করছে ওরা দেশ বিক্রি করতে এক মিনিট চিন্তাও করে না	Abusive
10036881	দাদা যখন মুক্তিযুদ্ধ হয় তখন আপনার বয়স কতো ছিলো আপনি যুদ্ধ করেন নাই যুদ্ধ দেখেন নাই অথচ মনগড়া যুক্তি দাড় করিয়ে একজনকে অসত্য প্রমাণ করে দিলেন আপনার চোখে ঐ এলাকার যে একজন সত্যিকারের মুক্তিযোদ্ধা তার স্বাক্ষাৎকার নিলেই তো আসল সত্যি টা বেড়িয়ে আসে আর সবচেয়ে বড় কথা আপনার দৃষ্টিতে তো মুক্তিযুদ্ধই হয়নি এদেশে তাহলে আপনি আর কিভাবে একজন মুক্তিযোদ্ধাকে সম্মান দিবেন	None
10036882	জামায়াত শিবির মুক্তিযুদ্ধের কথা শুনলেই কেন জানি চুলকানি দেখি সব সময় মুক্তিযুদ্ধ ও মুক্তিযোদ্ধা অপমান নরমালাইজেশন করা মিশনে পরিণত হয়েছে পিংকি দাদাও এর ব্যাতিক্রম না এইসব একতরফা বক্তব্য কতোটা যোক্তিক ও বাস্তবসম্মত	Political Hate
10036883	ফজু পাগলা যে মুক্তি যুদ্ধের নামে টাকার মেশিন বানিয়েছে এইটা জাতি বুঝে গেছে চেতনা বিক্রি করে পেট চালায়	Abusive
10036884	এই ভাললোকের গল্প শুনলে মনে হয়—অসত্যরও আবার ফজুব্র্যান্ড আছে কিশোরগঞ্জের ফ্যাক্টরি থেকে বের হয়ে এখন সারা বাংলাদেশের মানুষকে ফ্রি বিনোদন দিচ্ছে একেবারে আওয়ামী লীগের কাউয়া কাদের ভার্সনে	Abusive
10036885	ফজলা ধরা খাইছে	None
10036886	পিনাকীর মাথায় মাল উঠছে	Abusive
10036887	ফজলুর রহমান বলছে 9 মার্চ পতাকা উত্তোলন করেছি উনি তো আর বলেন নাই 6 মার্চ প্রথম পতাকা উত্তোলন করেছি প্রথম পতাকা উত্তোলন করেছিলেন কামরুজ্জামান কিন্তু 9 মার্চ কিশোরগঞ্জের অন্য জায়গায় ফজলুর রহমান পতাকা উত্তোলন করেছিলেন এটা সঠিক কারণ কিশোরগঞ্জে তো আর একটা জায়গায় পতাকা উত্তোলন হয়েছিল না ফজলুর রহমান কোন অসত্য কথা বলেন নাই অসত্য ভাবতাম উনি যদি দাবী করতেন যে আমি প্রথম পতাকা উত্তোলন করেছি কিশোরগঞ্জে তাহলে ভাবতাম তাই আমাদেরকে ভুদাই বানানো বাদ দেন বাংলাদেশের বেশিরভাগ পোলাপান আপনার ভিডিও দেখে ভুদাই হচ্ছে তারা কোন তথ্য যাচাই করে না আপনাকে অন্ধের মতন বিশ্বাস করে	Abusive
10036888	ফজা পাগলা তুমি শেষ	Abusive
10036889	মজা পাগলা গাঁজা খাইয়া ফালাইছে	None
10036890	হিন্দুর রক্ত কখনোই মুসলমান হতে পারেনা কারণ সবসময়ই হিন্দু মুসলমানের বিপক্ষে কথা বলে এইচডি নাকি কতবার একটা শয়তান এনাকে আমি অনেকভাবে রিচার্জ করেছি	Religious Hate
10036891	গোপালগঞ্জ এর ঘরে ঘরে ভূয়া মুক্তিযোদ্ধাই ভরা	None
10036892	সব আউলা জাউলা গল্প শুনলে তাহকীকের জন্য দাদার বয়ানের অপেক্ষায় থাকি	None
10036893	পিনাকি দাদার আলাপ কি আপনার ভাললাগে	None
10036894	পন্কির পাছার ভিতর ইষ্টেনগানের নল ঢুকািয়া ব্রাস ফায়ার দাও ফজলু ভাই তাহোলেই তুমি আসল মুক্তি যোদ্বা হোতেপারবে পিনাকি চাড়াল কে ৭১ এর সমায় ওর জাত গুষ্টিকে বাচাছিলো ওর পাকিস্তানি বাপরা	Profane
10036895	বাঁশ দিয়ে দিছে	Abusive
10036896	দাদা পেন খুলে দিলেন	None
10036897	এই ফজা পাগলা কে কেন পাবনা পাঠানো হয় না কেন	Abusive
10036898	তোর জন্ম আসলে কনো মা নামের কারো পেটে হয়নাই তোর জন্ন হইছে একনাম করা বেশ্যা পেটে তুই আসলে তোর মামুর জন্মা	Profane
10036899	পাগলে কিনা কয় কৃতজ্ঞতা দাদা	None
10036900	লেংটা সুলেমান আবার কি কয়	Abusive
10036901	বীর শ্রষ্ট গোলাম আজম কে খেতাব দেয়া হোক	None
10036902	দাদা একটু জ্ঞানের আলো আমাদের কেউ দিয়েন	None
10036903	অসম্ভব সুন্দর করে বাঁশ	None
10036904	রাজাকারদের এপিসড চাই দাদা	Abusive
10036905	বাঘের ছেলে ১৮গাও আর পিনাকি দাদা ধরলে ৩৬ গাও নারীবুরি চৌদ্দগোষ্ঠী উদ্ধার করে ছাড়ে বাটপার এখনো জায়গা নাই ইনকিলাব	Abusive
10036906	আহারে ফজা পাগলার ভক্ত কুল এখন কি বলবে	None
10036907	যারা বেশি বেশি মুক্তি যুদ্ধ ফুটায় তারা সব ভুয়া	Abusive
10036908	ইনকিলাব জিন্দাবাদ	None
10036909	ফজা পাগলা সফলতা বাংলা	None
10036910	একটা ফায়ার ফায়ার	None
10036911	এই ফজা পাগলার বউ উদিচির সদস্য কপালে বড় একটা টিপ দিয়া বৈশাখী মেলায় গান গায়	Abusive
10036912	আমার তো মনে হয় এই ফজা পাগলা কাক্কু নিজেই রাজাকার ছিল	Abusive
10036913	ফজলু ভুয়া আর আওয়ামী লীগ ও ভুয়া মুক্তিযোদ্ধা বানায় তাই ওর এত আওয়ামী প্রেম	Political Hate
10036914	স্বাধীনতার ৫৬ বছর পার হয়ে গেলো কিন্তু এখনো পরাধীনতার শৃংখল থেকে বের হতে পারলাম না তাই আমার ব্যক্তিগত মত থেকে বলি এমন স্বাধীনতা দরকার নেই যদি এক দেশ থেকে স্বাধীন হয়ে আরেক দেশের গোলামী করা লাগে বিশেষ করে গোমূত্র খোরদের গোলামী করা লাগে	None
10036915	দাদা অসংখ্য কৃতজ্ঞতা এই পাঠার ছা পাঠারে অনেক গালি দেই কিন্তু শালা একটা আচোদা ভুয়া মুক্তিযোদ্ধা এটা আবারো প্রমাণ হলো দাদা রুমিন ফারহানার সাথে ওরে একটা বিয়ের ব্যবস্থা করে দেন	Profane
10036916	কী নিয়ে আসলেন ভাই	None
10036917	ফজু পাগলার এসব গাঁজা খড়ি গল্প	Abusive
10036918	এই ফজু পাগলা জানে যে আমি ভুয়া মুক্তিযোদ্ধা এই কারণে ও গোলা বাড়ায়	Abusive
10036919	দাদা কে কৃতজ্ঞতা	None
10036920	বিনপির তারেক রহমানকে কোনোদিন জনগণের দাবী আদায়ের জন্য রাস্তায় দেখিনাই কোনোদিন তাকে সাধারণ মানুষের সাথে রাস্তার পাশে কোনো দোকানে বসতে দেখিনাই তাকে কোনোদিন কোনো গ্রামে এমনকি কোনো জেলাতে কোনো সভা বা আন্দোলনে দেখিনাই তাকে কোনোদিন পুলিশের সামনে দাড়িয়ে সাহস করে দেশের জন্য কোনো স্লোগান দিতে শুনি নাই বিগত ১৬ বছরধরে খুনি হাসিনার নিপীড়ত মানুষের পাশে না দাড়িয়ে স্বার্থপরের মতো প্রবাসে জীবন কাটাচ্ছেন এরপরও যে সমস্ত বিনপির কুলাঙ্গাররা মনে করছেন জনগণ এই তারেক রহমানকে ভোট দিয়ে প্রধানমন্ত্রী বানাবে তারা দিবা স্বপ্ন দেখছে জামায়াত ইসলাম এনসিপি এবি পার্টি তারা দেশের মানুষের সুখে দুঃখে জনগণের সাথে মিশে আছে নিরপেক্ষ সুষ্ঠ নির্বাচন হলে এদেরকেই দেশের জনগণ ভোট দিয়ে দেশের দায়ীত্ব দিবে ইনকিলাব জিন্দাবাদ	Political Hate
10036921	ফজা পাগলা এই হালায় একটা চাপাবাজ আর ভুয়া এই হালার কথাশুনলেই বুঝা যায়	Profane
10036922	দাদা শুনতেছি হাসিনাকে ভারত আগামী ডিসেম্বর এর মধ্যে যে কোন মূল্য ঢুকাবে কেননা অন্য কোন দল হ্মমতায় গেলে সে মিনিমাম পাচঁ বছর থাকবে এ করে হাসিনা বুড়া হয়ে যাবে হাসিনা ছাড়া ছাড়া আওয়ামীলীগ কে বেকাব দেয়া কেউ নেই আর ভারতের অবশ্যই বাংলাদেশকে তার দরকার ঘরের বউয়ের মতো করেঅতএব এর মধ্যে দেশকে মেসাকার করে হা ঢুকলে সাথে সাথে আওয়ামী লোকের শক্তি বড়ে যাবে তাদের সকলের হাতে অচ্রর তূলে দিবে বিষয়টি একটু যাজমেন্ট করূন দাদা	Political Hate
10036923	হেডার চেতনা শুনতে শুনতে কান জ্বালা পালা হয়ে গেছে আর দেশের পো মারা	Profane
10036924	ফজু এতোদিন জাতিকে ভুল বুজিয়েছে ও আসলেই ভুয়া মুক্তিযোদ্ধা	None
10036925	ফজু এতোদিন জাতিকে ভুল বুজিয়েছে ও আসলেই ভুয়া মুক্তিযোদ্ধা	None
10036926	অসত্যবাদী আওয়ামী লীগের দালাল এই ফজা	Political Hate
10036927	ফজা পাগলা মারা খেয়ে গেলো রে	Abusive
10036928	আপনি এতো কিছু জানেনআপনি বাইরে কেনদুর থেকে যা বলেনসেটা আসলে দেশপ্রেম নয়	Abusive
10036929	সে ভুয়া আমরা জনগন আগে থেকে জানি সে আবল তাবল কথা বলে সে একটা পাগল	Abusive
10036930	ফজুরে পাগলা মনে করেছিলাম এখনতো দেখি হালায় নাম্বার ওয়ান বলদ	Abusive
10036931	পিনাকী তোর লজ্জা ও শরম কি কিছুই নাই ছি	Abusive
10036932	তিনি মুক্তিযোদ্ধা না হতে পারেন কিন্তু আপনাকে স্বীকার করতেই হবে সন্দেহাতীতভাবেই তিনি একজন উক্তিযোদ্ধা	None
10036933	তোর জন্ম যে পাক আর্মির ক্যাম্পে সেটা নিজেই পরিষ্কার করলি	Abusive
10036934	চোখে ঘুম ছিলো দাদার কথা শুনে ঘুম জয় বাংলা হয়ে গেল	None
10036935	দেশে ভারতীয় দালালদের প্রতিহত করতে হবে	Abusive
10036936	বাংলাদেশে কোন যুদ্ধ হয় নাই ভাইয়ে ভাইয়ে লড়াই হয়েছে ওকে  ৯ মাস ফসল ফলে নাই জমিতে ব্যবসা বানিজ্য ছিল না চাকরি ছিল না ৮ কোটি মানুষ অনাহারে  রোগে তো মারা গেছে ধর্ষণ অত্যাচার গণ হত্যাও বাদ দিলাম  বাঙ্গালী যে যা বুঝায় তাই বুঝে আর যদিও মুক্তি যুদ্ধ হয়ে থাকে সেই মুক্তিযুদ্ধের ফয়সালা ইউনুস সরকার করতেছে রাজাকারেরা এই বার দেশ শাসন করবে ওকে দাদু দ্বায়িত্ব নিছে সফল হবে ই হবে কারণ রাজাকারের নাতিপুতির সংখ্যা যোদ্ধাদের ছেলে মেয়ে নাতিপুতির সংখ্যার চেয়ে কম বাংলাদেশের রাজনীতি হচ্ছে  মবের হাতে নিয়ন্ত্রিত তড়িৎ বিশেষজ্ঞ কমিটি দ্বারা প্রভাবিত হচ্ছে	Political Hate
10036937	চোরের মায়ের বড় গলা ঘটনা সত্য‌ও হ‌ইতে পারে	Abusive
10036938	মুক্তিযুদ্ধের চেতনা ব্যবসা বন্ধ করতে হবে ইনকিলাব জিন্দাবাদ	None
10036939	এতো অসত্য মানুষ কিভাবে বলে	Abusive
10036940	পিনাকী ধরলে জয় বাংলা ফজু পাগলারে জয় বাংলা করে দিলো হাসিনার মতো	Abusive
10036941	দাদা ফজা পাগলা যে মুক্তিযোদ্ধা তার প্রমাণ পাইলাম	None
10036942	দাদা বিকাশ তারেক কি এখন ভাগ পাচ্ছে ও তো জ্বলছে এখন	None
10036943	অপ্রাসঙ্গিক ভিডিও	None
10036944	একজন বীর মুক্তিযোদ্ধা কে নিয়ে কটুক্তি করা নিঃসন্দেহে দেশের জন্য উদ্বেগের বিষয় এই লোক দেশ ধ্বংসের কারিগর	Abusive
10036945	দাদা অনি বলছে ২১২২২৩	None
10036946	দাদা মুন্সিগঞ্জের মহিউদ্দিন ও মিনাল কান্তি কে নিয়ে একটা এপিসোড দেন	None
10036947	অনি কি বলছে অনি ফাস্ট পতাকা উরাইছে দাদা আমি নিতে পারলাম না	None
10036948	বাংলাদেশ জামায়াতে ইসলামী বললে তো বিশ্বাস হয় না অন্যরাই বলুক	None
10036949	দাদা একটা জিনিস	None
10036950	ফজা পাগ্লারে প্রচুর পি টাইতে চাই	Abusive
10036951	পাগলায় কত যে অসত্য কথা বলতে পারে শুধু আমরা বুদাই হওয়ার কারনে	Abusive
10036952	এতটা মজা নিয়ে কথা বলতে পারে সত্যিই অসাধারণ	None
10036953	২০২১ সালে কেন এস এস ই এক্সামের ফলাফলের ৫০ তাদের জে এস সিএর ফলাফলের ভিত্তিতে দেওয়া হলো এর কারণে এস এস ই তে ভালো পরিক্ষা দেওয়া অসংখ্যা পরিক্ষার্থীদের কান্নায় বুক ভাসাইছে আবার খারাপ পরিক্ষা দেওয়া অসংখ্য পরিক্ষার্থী নিজের ধারনার বাহিরে ভালো ফলাফল করে ফেলে একটা পাগলি ১৭ টা বছর দেশ চালাইছে শিক্ষাখাতের বিভিন্ন মহল তখন এই সিদ্ধান্তের বিরুদ্ধে বলা সত্ত্বেও মাথা মোটা পাগলিটা এই সিদ্ধান্ত নিয়েছে যারা জে এস সিএর কারণে এস এস ই ভালো পরিক্ষা দিয়েও খারাপ ফলাফল করেছে তাদের ফলাফল শুধুই তখনকার এস এস ই এর ফলাফলটা দিতে হবে তাদের জে এস সি টা বাদ দিতে হবে এই বিষয়ে ভিকটিমদের পক্ষ হয়ে মামলা করতে চাই	None
10036954	দাদা অনি বলছে ২১২২২৩	None
10036955	দাদা জা দিলেন ফজা পাগলারে	Abusive
10036956	মুক্তিযুদ্ধ নিয়ে বাংলাদেশের যত কলুষিত রাজনীতি হয়েছে এমনটা পৃথিবীতে কোথাও দেখা যায় না	Political Hate
10036957	ফজু পাগলা হচ্ছে ভুয়া মুক্তিযোদ্ধা  চেতনা ব্যবসায়ী	Abusive
10036958	আওয়ামী লীগ মানেই ভন্ডলীগ ভারতীয় দালাল ভারতীয় জঙ্গি ভারতীয় রাজাকার ১৯৭১ সালে ভারতের হাতে দেশটাকে তুলে দিয়েছিল জেনারেল ওসমানী আত্মসমর্পণ দলিলে স্বাক্ষরের সময় ছিলেন না কেননা তখন ভারতীয় বাহিনীর হাতে দেশটাকে বিক্রি করে দেয়া হয়েছিল তাই দেশটা ভারতের আধিপত্য রাজ্যে পরিণত হয় সঠিক মুক্তিযোদ্ধা তারাই যারা ভারতের ষড়যন্ত্র এবং চক্রান্ত বুঝে ফেলেছিল	Political Hate
10036959	ফজলুর রহমানের মুক্তিযুদ্ধের হাজার প্রমান আছে সবচেয়ে বড়ো প্রমান তার এলাকাবাসী ইটনার লোকজন মুক্তিযুদ্ধ ও মুক্তিযোদ্ধাদের অসম্মান করার জন্য একদিন তোমাকে আইনের মুখোমুখি হতে হবে	None
10036960	দাদা অসাধারণ ডলা দিলেন ফজা রে	None
10036961	আমি রাজাকার তবে দেশপ্রেমিক ভারত বিরোধী কট্টর ডানপন্থী মুসলমান	Religious Hate
10036962	কালকে ফজা পাগলা বোমা মারবে বলবে হাসিনা থাকতেও আমার মুক্তিযোদ্ধা সার্টিফিকেট ছিল এখন নাই	Abusive
10036963	ফজু পাগলা আসিতেছে	None
10036964	ধনজুদ্ধ	None
10036965	ফজু সালার কথা শুনলেই বুঝা যায় সব বানোয়াট অসত্য	Profane
10036966	আমি একজন কিশোরগঞ্জের লোক কিশোরগঞ্জে ফজু পাগলারে কেউ চোদেনা	Profane
10036967	গুজববাজ তুই হচ্ছিস অরজিনিয়ার ভারতের দালাল যেহেতু তুই হিন্দু	Abusive
10036968	ফজা পাগলা ফাকা আওয়াজ মারে	Abusive
10036969	মুক্তিযুদ্ধ নিয়ে এদেরকে আর রাজনীতি করতে দেওয়া হবে না এরা দেশের শত্রু	Political Hate
10036970	একজন কমান্ডার কি বগি মারা সম্ভব আহা রে পিংকি দাদা আপনি বরং বেয়াক্কেল চাঁপাবাজ বালছাল কথা বলে পেঁট চালান ফজলুল রহমান মামলা করা উচিৎ পিংকির বিরুদ্ধে	Profane
10036971	বহু দিন পর হাসলাম	None
10036972	একটা দেশে এতো ভোদাই ছাগল জন্মায় কেমনে বুঝলাম না আসলে মুক্তি যুদ্ধই হয়নি কেউ মুক্তি যুদ্ধ করেনি	Abusive
10036973	পিনাকী দাদা আপনাকে অসংখ্য কৃতজ্ঞতা ভালো ভালো ভিডিও বানানোর জন্য	None
10036974	পাগলা ত উন্নত লেভেলের চাপাবাজ	Abusive
10036975	ফজা পাগলা এইবার মজা পাইবো	Abusive
10036976	বে জম্মার ছা তুই মুক্তিযোদ্ধা	Profane
10036977	ফজু খা ন কি র পুত ভূয়া	None
10036978	আবু তাহের ঠাকুর	None
10036979	হায়রে নাটক ফায়ার বললে সব পালায় যাইত	None
10036980	৭১ সালে ভারত পাকিস্তান যুদ্ধ হয় হানাদার ভারতের সৈন্য বাহিনীর দোষর মুক্তিযোদ্ধা নামক ভারতীয় সন্ত্রাসীদের বিচার চাই	Abusive
10036981	ফজু যুদ্ধ করবে কি করে সে ছিল মুজিব বাহিনীতে মুজিব বাহিনী যেহেতু যুদ্ধ করেনি তাই সে যুদ্ধ করার সুযোগ পায়নি সে যা বলছে তাকে বলে figment of imagination অর্থাৎ পুরোটাই কল্পনা প্রসুত	None
10036982	ফজা পাগলা	Abusive
10036983	দাদার কাহিনী পইড়া না আইসা পারলাম না	None
10036984	দাদার কাহিনী	None
10036985	আমি মনে করিপিনাকি একজন বেশ্যার ছেলেপিনাকী একজন খানকির ছেলেপিনাকী একজন জারজ সন্তানকারন হিসাবে বলবসে বাংলাদেশের স্বাধীনতা মানেনামানতে চায়নাআর অনেক কারন আছে আজকে বললামনা	Profane
10036986	ইনকিলাব জিন্দাবাদ	None
10036987	দাদার কাহিনী পইড়া না আইসা পারলাম না	None
10036988	কে ভুয়া মুক্তি যোদ্ধা কে ভুয়া	None
10036989	চিন্তা কইরা সেল মারবেন তাহলে ভালো লাগে	None
10036990	কে কে সফলতাবাংলা হবার চাচ্ছিন আস	None
10036991	সিল মারেন তিনটা সিল মারেন	None
10036992	শ্রীজনাব পিনাকী বাবু ফরাসীতে বসে আর কত উস্কেনীদিয়ে তখন তুমি কলেজ না রাজসাহী মেডিকেল কলেজ কোন ইয়ারে ছিলে ৷ নাকি প্রাইমারী স্কুলে নাকি হাই স্কুলে পড়েছো ৷ তোমার ৭১ সালে তোমার বয়স কতো ৷ নাকি সঠিক মুক্তিযোদ্ধা তোমার শিক্ষক বাবা মার কাছে সোনা গল্প ৷ পিনাকী বাবু তুমি যদি সত্যিকারের দেশ প্রেমকি হাও তাহলে বাংলার মাটিতে এসে ডঃ ইউনুচ স্যার এর সরকার এর সাথে সহযোগীতা কর ৷ ফরাসীতে বসে শুধুু আবুল তাবুল কথা না বলে দেশের জনগনের জন্য কিছু কর ৷ তুমিও তো নকল ওষুধ তৈয়ার না করলে আজকে দেশ ছাড়তে হতো লা ৷ আগে নিজের হাতের বাগলে কত গন্ধ আছে তা শুকিয়ে দেখেো ৷ এই রাশিয়ানপন্থী ছাত্র ইউনিয়ন মিঃ পিনবাবু ৷ লেলিন ষ্টালিন মাকর্স বাদ বামপন্থী এখন হয়েছে মীর জাফরপন্থী ৷ পিনবাবু বয়সতো ৭০ এর কোঠায় একদিন এইপৃথিবীর প্রত্যেক প্রানীকে মৃত্যুর সাধ গ্রহন করতে হবে ৷ তাই ফরাসীতে প্রবাস জীবন না কাটে কারো পাছায় বাঁশ না দিয়ে দেশের সাধার মানুষ এর জন্য নতুন কিছু করেন নতুন কিছু ভাবেন ৷ প্রিস প্রিস প্রিস	None
10036993	বাটপার মুক্তিযোদ্ধা	Abusive
10036994	ফজু পাগলা কতো বরো যে চাপাবাজ	Abusive
10036995	পিনাকী দা নাম্বার ওয়ান ব্যান্ড	None
10036996	দাদা আমার বাড়ি কিশোরগঞ্জ	None
10036997	নেক্সট	None
10036998	দাদা আপনাকে অনেক কৃতজ্ঞতা সত্য কথা বলার জন্য এবার একটা কনটেন্ট করেন বাংলাদেশে কোন মুক্তিযুদ্ধ হয়নি পাকিস্তানি সেনাবাহিনী নির্যাতিত হয়েছেপাকিস্তান সেনাবাহিনী বেশ মারা গিয়েছে	None
10036999	দাদা আমার ফ্রান্সে বইসে বাংলা মালের সাপ্লাই পায় কেমনে	None
10037000	চ্যনেল ৭১ এর কামই এমনঅসত্য বলা আর প্রচার করা ওরাই ভালো পারেহলুদ মিডিয়া ফাজালামি রাজনিতি বাদ দে এখনও	Abusive
10037001	দাদা আপনার দেনা আমরা কি দিয়ে শোধ দেবো তাই বলি যাঝাকাল্লাহু খাইরান দাদা	None
10037002	চেতনা ব্যবসায়ী রাজনীতি করার দিন শেষ	Political Hate
10037003	ফজা পাগলা	Abusive
10037004	অশেষ কৃতজ্ঞতা আপনি না হলে বুজতেই পারতাম না এই সবই ভুয়া বানাট গল্প	None
10037005	জনগনকে ভুল কেনো বুঝান ওখানে লেখা আছে তিনি প্রধান সংগঠকএতে তার দাবি প্রমান হয়কারন সে বলছে তারা ট্রেনিং দিছেওখানে লেখা প্রধান সংগঠক কথাতো মিলে গেলোআমায় আবার দালাল ট্যাগ দিয়েননা দয়া করে আমি কোনো পলিটিক্স করি না	Abusive
10037006	আসলে এত ভনিতা না করে বলেদিলেই হয় ৭১ কোন যুদ্ধয় হয় নাই	None
10037007	দাদা ছুলেই গুস্টি উদ্ধার হয়ে যাচ্ছে	Profane
10037008	জনগনকে ভুল কেনো বুঝান ওখানে লেখা আছে তিনি প্রধান সংগঠকএতে তার দাবি প্রমান হয়কারন সে বলছে তারা ট্রেনিং দিছেওখানে লেখা প্রধান সংগঠক কথাতো মিলে গেলোআমায় আবার দালাল ট্যাগ দিয়েননা দয়া করে আমি কোনো পলিটিক্স করি না	Abusive
10037009	এই কথাটা আমিও ভাবতাম যে এখনো আমরা মুক্ত হতে পারি নাই তাহলে এই যুদ্ধের নাম মুক্তিযুদ্ধ হয়েছে কিভাবে	None
10037010	পরে শুনতে হবে কাদের সিদ্দিকীও মুক্তিযোদ্ধা না আকাডা পীরের সন্তানরা বলবে মারহাবা মারহাবা	Religious Hate
10037011	কৃতজ্ঞতা দাদা আমার করিমগঞ্জ উপজেলা সম্পর্কে সঠিক তথ্য তুলে ধরার জন্য	None
10037012	এই ফজলুর কথা শুনলেই বুঝা যায় যে বানানো গল্প ১৬৯ আর মাত্র তিন জন তাও আবার ৩ জনের কোথাও কোনো আহত হয় নাই	None
10037013	ফজলু পাগলা বুয়া বুয়া যুদ্ধ না করেও সে হয়েছে যোদ্ধা	Abusive
10037014	যারা ৭১ এর চেতনা ব্যবসা করে তাদের অধিকাংশই এই ধরনের ভুয়া	Abusive
10037015	প্রকৃত মুক্তিযোদ্ধা হলো জামায়াতে ইসলামী আর ফজু পাগলা কিভাবে জানতো তার আগমনে সব রাজাকার পালিয়ে যেতো সব ভণ্ডামি	Religious Hate
10037016	বাংলাদেশের সবচেয়ে গুরুত্বপূর্ণ বিষয় আলোচনা করেন পিনাকি দাদা	None
10037017	চোদাভাই তোমার কি মালাউট	Profane
10037018	ওরে চাপাবাজ ফজা পাগলা	Abusive
10037019	পিনাকি দাদা বেস্ট একে একে সবাই শেষ হা হা হা	None
10037020	ফজা পাগলা সহ বেশিরভাগ মুক্তি যোদ্ধাই ভূয়া ছিল	Abusive
10037021	পিনাকি দাদা বেস্ট একে একে সবাই শেষ হা হা হা	None
10037022	পিনাকি হারাম জাদামালু	Profane
10037023	আমি আগে থেকে জানতাম ফজা ভুয়া মুক্তিযোদ্ধা আমার তো আরো সন্দহ হয় সে আইনজীবী পড়াশুনা না করে অন্যের সার্টিফিকেট নিয়ে ব্যারিস্টার হইছে	Abusive
10037024	দাদা এভাবেই যারা ভুয়া মুক্তিযোদ্ধার লেবাসে এদেশের রাজনীতির অঙ্গনে বিচরণ করছে তাদের মুখোশ উন্মোচন করে দিবেন ইনশাসৃষ্টিকর্তা	Abusive
10037025	যারা মুখে মুক্তিযোদ্ধা মুক্তিযোদ্ধা বলে তারা কখনই প্রকৃত মুক্তিযোদ্ধা নয়	Abusive
10037026	দাদা কামডা করলো কি জাতির সামনে পর্দা ফাস	Abusive
10037027	তোর মতো বেশ্যার ছেলে আর কোনো দেশে যেনো জন্ম না নেয়	Profane
10037028	দাদা মাঝে মধ্যে আপনার ডাইলগ শুনলে না হেসে থাকা জায় না	None
10037029	লেংটা সুলেমান আসলেই একটা বাটপার	Abusive
10037030	অসাধারণ	None
10037031	২৪ সালের যুদ্ধ এখনো শেষ হয় নাই সকল যোদ্ধারা সতর্ক অবস্থায় থাকুন	None
10037032	এই দেশে কিছু বলদ আছে যারা এই জারজের কথা বিশাস করে  মুক্তিযুদ্ধাদের আপমান করে	Profane
10037033	কাদের লাইট	None
10037034	দাদা সকল ভুয়া মুক্তি যোদ্ধা এর মুখ উন্মে চন করার দাবি জানাচ্ছি কৃতজ্ঞতা	None
10037035	তোর বাপ হলো আসল মুক্তিযোদ্ধা	Abusive
10037036	পিনাকী দাদা আই লাভ ইউ	None
10037037	এটা তোর বয়স দে নাকি সার্টিফিকেট	None
10037038	দাদা আর দিয়েন না মিঠা লাগে	None
10037039	দাদা আপনার কারনে আমরা সত্য জানতে পারি	None
10037040	ঠিক বলেছেন আপনাকে সেলুট	None
10037041	পিনাকী দাদা কোন প্রমাণ ছাড়া কথা বলে না এটা আমি সর্বদা বিশ্বাস করি তাই দাদাকে কৃতজ্ঞতা	None
10037042	এই হালায় মুক্তিযোদ্ধা আমার ভাবতেই লজ্জা লাগে	Profane
10037043	যে জারদ বলতে পারে মুক্তিযুদ্ধে ২ হাজার লোক মারা গেছে সেই জারজের কথা জামাতের কিছু নাপাক লোক ই বিশ্বাস করবে আর কেউ না	Profane
10037044	ফজলুর রহমান যদি মুক্তিযোদ্ধা না হয় তাহলে তুই ও তোর মায়ের বৈধ সন্তান না	None
10037045	হা লা রে দ্রুত গ্রেফতার করতে হবে	Abusive
10037046	আবু তাহের ঠাকুর	None
10037047	ভন্ড	Abusive
10037048	ভুয়া মুক্তি যোদ্ধা ধরো আর জেলে ভরো	Abusive
10037049	ইনকিলাব জিন্দাবাদ	None
10037050	ভূয়া মুক্তিযুদ্ধারা বাংলাদেশ কেবলমাত্র না পৃথিবীতে কলঙ্কিত সন্ত্রাসী নরপিশাচ ও পৈশাচিক গাঁজার টাইপের মানুষ	Abusive
10037051	আমরা গর্বিতআমাদের একজন পিনাকী দাদা আছে	None
10037052	আমরা গর্বিতআমাদের একজনপিনাকী দাদা আছেআমরা গর্বিতআমাদের একজন সাংবাদিক ইলিয়াস ভাই আছেন	None
10037053	আমি আগেই বলেছিলাম ফজু পাগলা একজন ভুয়া মুক্তিযোদ্ধা প্রকৃত মুক্তিযোদ্ধারা কখনোই বলে বেড়াবে না আমি মুক্তিযোদ্ধা অসত্যবাদীরা বলে বেড়াবে কারণ অসত্যকে এরা বারবার বলে সত্য বানাইতে চাই কথায় আছে না যে কুকুর ঘেউ ঘেউ করে সে কুকুর কামড়ায় না	Abusive
10037054	হিন্দুস্তান খেদাও বাংলাদেশ বাঁচাও	Abusive
10037055	হেবা	None
10037056	সাফ কবলা	None
10037057	হেবা বিল এওয়াজ	None
10037058	তুই হইলি ইন্ডিয়া দালাল	Abusive
10037059	পিনাকি দা	None
10037060	আসল মুক্তিযোদ্ধা গোলাম আযম আর বর্তমানে মুক্তিযুদ্ধের সার্টিফিকেট দেওয়া হচ্ছে ঘেটুপুত্র আর লেংটা চলমানের হাত ধরে	Abusive
10037061	হেবা বিল এওয়াজ	None
10037062	পাগলছাগল আসলেই ওর আলোর দোষ	Abusive
10037063	হেবা বিল এওয়াজ	None
10037064	এই ফজার কথা বার্তাই চিটার দের মতো	Abusive
10037065	ফজু পাগলার পাগলামি ধরা খেয়ে গেছে	Abusive
10037066	ফজা পাগলা যে কতটা চাপাবাজ এইটা আজ বাঙালি জানতে পারলো	Abusive
10037067	দাদা দেখেনতো কষ্ট কইরা আরেকটা ভিডিও ব্যনাইয়া বলেন মুক্তিযোদ্ধা হয়েই নাই আমরা বাংলারা খারাপ লোক তাই পাকিস্তানিরা এমনিই দিয়া লাইছে দাদা আমার অনুরোধ টা রাখবেন আশাকরি	None
10037068	চল চল চল পিনাকির দাদার বাড়ি চল	None
10037069	রাজশাহী জেলা গোদাগাড়ী ডাইংপড়াতে ১৪৪ ধারা জারি করেছে উপজেলা নির্বাহী ম্যাজিস্ট্রেট	None
10037070	চল চল চল পিনাকির দাদার বাড়ি চল	None
10037071	ফজা পাগলার কন্ঠ শুনলে আমার গায়ের মধ্যে জ্বলে	Abusive
10037072	চল চল চল পিনাকির দাদার বাড়ি চল	None
10037073	চল চল চল পিনাকির দাদার বাড়ি চল	None
10037074	মুক্তিযুদ্ধের গালভরা ভূঁয়া গল্প দিয়া মজা মারে ফজলু ওরফে ফজা মিঁয়া	Abusive
10037075	চল চল চল পিনাকির দাদার বাড়ি চল	None
10037076	চল চল চল পিনাকির দাদার বাড়ি চল	None
10037077	চল চল চল পিনাকির দাদার বাড়ি চল	None
10037078	উকিলপাড়া বাংলাদেশ	None
10037079	উকিলপাড়া	None
10037080	উকিলপাড়া নীলফামারীর সদর	None
10037081	ভুয়া মুক্তিজোদদা	Profane
10037082	আমার ৪ টা ভিডিওতে ফজা পাগলার ভিডিও ব্যবহার করছিআজ আমি	Abusive
10037083	খারিজ	None
10037084	ফজা পাগলার মত মুক্তি যোদ্ধারা কিছুই করে নাই তবে পাকি মামারা হারল কেন তাও আবার ৯৬০০০০০ পাকি মামা ও রাজা চাচা	Abusive
10037085	পিনাকী দাদা জিন্দাবাদ	None
10037086	সত্ত তুলে ধরার জন্ন দাদাকে ধন্নবাদ	None
10037087	আরে যুদ্ধ তো করছে তোর মা আর গোলাম আজম গোলাম আজম তোর মা কে পাকিস্তানি সেনাবাহিনীর কেম্পে রেখে আসছে সেখানে তোর জন্ম হইছে	Abusive
10037088	দাদা পল্লী বিদ্যুৎ নিয়ে একটু ভিডিও দেন	None
10037089	জয় ইনকিলাব	Abusive
10037090	ফায়ার ফায়ার	None
10037091	তোর এই ভিডিও দেখার প্রয়োজনীয়তা অনুভব করলাম না কিন্তু তোর যেটা শুয়োরের ঘরে জন্ম এ ব্যাপারে কোন সন্দেহ নাই জাতিকে ধ্বংস করে দেওয়ার প্রচেষ্টায় তোমরা লিপ্ত	Profane
10037092	এই হায়াওয়ান ফজা রে একটানা ৬ মাসের রিমান্ড দিলেই আসল সত্য তথ্য বেরিয়ে আসবে	Abusive
10037093	আমি ফরিদ উদ্দিন আছি	None
10037094	সত্যি উন্মোচন করার জন্য দাদাকে কৃতজ্ঞতা	None
10037095	ভারতের অভ্যন্তরীণ রাজনীতি নিয়েও বেশি বেশি ভিডিও চাই বাংলাদেশের দৃষ্টিকোণ থেকে	Political Hate
10037096	ফুজুরে রিমান্ডে নিয়ে সত্য বের করার দাবী জানাচ্ছি ওই মুক্তি যুদ্ধের বাতা কত পাইছে সেটা ওর পেট থেকে বের করা হোক	None
10037097	আমার মনেহয় ফজা পাগ্লা শুধু বইয়ের মলাট পড়ে পড়ে প্রত্তেক টা সেক্টরের নাম মুকস্ত করে করে মুক্তি জুদ্দার কিচ্ছা সাজাইছে	Abusive
10037098	ভুয়া মুক্তিযোদ্ধা ফজা পাগলা	Abusive
10037099	পিনাকি দার ভিডিও আর দেখি না  মিছেই একগুলা বিষয় নিয়া আলোচনা করে  জাতি ভাল আলোচনা আশা করে	None
10037100	দারুণ সুন্দর চমৎকার উপস্হাপনের মনোমুগ্ধকর বক্তব্য	None
10037101	রাজাকার প্রো ম্যাক্স দরবেশ পিনাকী	Abusive
10037102	আমার এলাকার একজন মুক্তিযোদ্ধা আমাকে অনেকদিন আগে বলেছিল বাবা আমার থানায় তিনজন লোক ছাড়া আমি মুক্তিযোদ্ধা এই কথা বলার সাহস নাই কারণ তিনজন ছাড়া সবাই ভুয়া মুক্তিযোদ্ধা	None
10037103	২৮৯ ব্যাপারে একটা ভিডিও চাই দাদা	None
10037104	জীবন দিল সাধারণ মানুষ আর মজা মারে ফজা পাগলারা	Abusive
10037105	আমার এলাকার একজন মুক্তিযোদ্ধা আমাকে অনেকদিন আগে বলেছিল বাবা আমার থানায় তিনজন লোক ছাড়া আমি মুক্তিযোদ্ধা এই কথা বলার সাহস নাই কারণ তিনজন ছাড়া সবাই ভুয়া মুক্তিযোদ্ধা	None
10037106	আমার এলাকার একজন মুক্তিযোদ্ধা আমাকে অনেকদিন আগে বলেছিল বাবা আমার থানায় তিনজন লোক ছাড়া আমি মুক্তিযোদ্ধা এই কথা বলার সাহস নাই কারণ তিনজন ছাড়া সবাই ভুয়া মুক্তিযোদ্ধা	None
10037107	ভুয়া মুক্তিযোদ্ধায় ভরে গেছে দেশটা	Abusive
10037108	এই ফজা পাগলাকে সারদার ঘোড়া থেরাপি দেয়া যায় না দাদাআমার প্রস্তাব টা একটু বিবেচনা করিয়েন	None
10037109	শুভেচ্ছা দাদা সটিক টা তুলে দরার জন্য	None
10037110	আমি আছি	None
10037111	ভুয়া মুক্তিযোদ্ধায় ভরে গেছে দেশটা	Abusive
10037112	ভুয়া মুওি যুদ্ধা নাস্তিক ফজু পাগলা	Religious Hate
10037113	ফজা পাগলের মিত্যা কথা সুন্দর করে বলে	Abusive
10037114	কৃতজ্ঞতা দাদা	None
10037115	শুধু ফজু পাগলা না বেশির ভাগ মুক্তিযোদ্ধাই ভুয়া	None
10037116	৭১ এ মুক্তি হয়নি এ জন্মভূমির বড়ং ভারতের আধিপত্যের কাছে চলে গেছে এ দেশটি	None
10037117	ফজু পাগলা সব লাড্ডু গোল্লা পাইছে	None
10037118	আমার এলাকার একজন মুক্তিযোদ্ধা আমাকে অনেকদিন আগে বলেছিল বাবা আমার থানায় তিনজন লোক ছাড়া আমি মুক্তিযোদ্ধা এই কথা বলার সাহস নাই কারণ তিনজন ছাড়া সবাই ভুয়া মুক্তিযোদ্ধা	None
10037119	বাংলার জন্ম ১৯৪৭	None
10037120	তুই আর তোর বাবা মুক্তি যুদ্ধা	Abusive
10037121	আমার এলাকার একজন মুক্তিযোদ্ধা আমাকে অনেকদিন আগে বলেছিল বাবা আমার থানায় তিনজন লোক ছাড়া আমি মুক্তিযোদ্ধা এই কথা বলার সাহস নাই কারণ তিনজন ছাড়া সবাই ভুয়া মুক্তিযোদ্ধা	None
10037122	সোনাগাছির খাট যোদ্ধা	None
10037123	এই ফজা পাগলাকে সারদার ঘোড়া থেরাপি দেয়া যায় না দাদাআমার প্রস্তাব টা একটু বিবেচনা করিয়েন	None
10037124	এই ফজা পাগলাকে সারদার ঘোড়া থেরাপি দেয়া যায় না দাদাআমার প্রস্তাব টা একটু বিবেচনা করিয়েন	None
10037125	কৃতজ্ঞতা দাদা সটিক টা তুলে দরার জন্য	None
10037126	কৃতজ্ঞতা আপনাকে দাদা সত্য উন্মোচন করার জন্য খাজা পাগলার মতো ভারতীয় দালালদের সবার সামনে পরিচিত করার জন্য	None
10037127	ফজা পাগলা যে গাজা খাইয়া সাক্ষাৎকার দিয়েছে তার মেয়াদ ছিলনা অন্তত আমি কফার্ম৷	Abusive
10037128	এনাকে দাদা যখন আঙ্গুল নিয়া ভিডিও টি আর পদ্ধতিতে আঙ্গুর সেই আঙ্গুলের ভিডিওতে কেউ লাইক কমেন্ট করে নাই বট বাহিনী আজকে অনেক লাইক কমেন্ট ভাই তোরা সবাই পাগল হয়ে গেছো পিনাকির মতো তোরাও পাগল হয়ে গেছোস	Abusive
10037129	মানুষ কত ননসেন্স হলে এমন ভিডিও বানাতে পারে ও কমান্ডার ছিল তার অধীনে যারা যুদ্ধ করেছিল তারাই তো জানে সে কোথায় যুদ্ধ করেছে এগুলো বন্ধ করুন আপনি যে পরিকল্পনায় এগুচ্ছেন তা কখনো সফল হবে না	Abusive
10037130	ফজা পাগলার আলুর দোষ আছে	Abusive
10037131	পিনাকি এভাবেই সবাইকে সাবান' ছোটা ছাড়া ধোলাই করে যেই ধোলাই খায় তারার ইজ্জত থাকে না ফজা পাগলার ও সেই অবস্থা	Abusive
10037132	এনাকে দাদা যখন আঙ্গুল নিয়া ভিডিও টি আর পদ্ধতিতে আঙ্গুর সেই আঙ্গুলের ভিডিওতে কেউ লাইক কমেন্ট করে নাই বট বাহিনী আজকে অনেক লাইক কমেন্ট ভাই তোরা সবাই পাগল হয়ে গেছো পিনাকির মতো তোরাও পাগল হয়ে গেছোস	Abusive
10037133	কিশোরগঞ্জ সদর কিশোরগঞ্জ	None
10037134	সাবাস দাদা ইনকিলাব জিন্দাবাদ	None
10037135	ফজু পাগলা ভুয়া মুক্তি যোদ্ধা	None
10037136	তুইতো শ্যামল ভট্টাচার্য পোলানা তুই হলে লাহোরের এইচডি ওর পোলা তুই ফজলু ভাইয়ের মুক্তিযোদ্ধার সার্টিফিকেট কিভাবে দেশ	Abusive
10037137	ফজু পাগলা ভুয়া মুক্তি যোদ্ধা	None
10037138	দাদা মব এর গড ফাদার	None
10037139	এই শালি ফজু পাগলার সব গুলো দাবি দাদা অসত্য প্রমানিত করার কারণে ফজু পাগলা এই পরিক্ষায় পায় ঘোড়ার ডিম দাদা পাইছে ১০০ তে ১০০	Profane
10037140	শেষ বেশ হাসলাম	None
10037141	ভিডিওর সাউন্ড নাই কেন	None
10037142	দাদা আপনাকে হাজার সালাম	None
10037143	দারুন গাঁ'জার নৌকা পাহাড়চুড়ায় কান কাঁ'টা ফজু পা'গ'লা	Abusive
10037144	আমার বিশ্বাস আপনি বীর মুক্তিযোদ্ধা	None
10037145	ফজু পাগলা ভুয়া মুক্তি যোদ্ধা	None
10037146	পিংকি দাদা আপনাকে ঐ ১৯২০২১ সালে আওয়ামী বিরোধী ভাম্ভু ডায়লগ সেই এখন গেছের গেছের মজা নাই আপনার বিপক্ষে বললে পুটকি মারা	Profane
10037147	ফজা পাগলা চোর	Abusive
10037148	এনাকে দাদা যখন আঙ্গুল নিয়া ভিডিও টি আর পদ্ধতিতে আঙ্গুর সেই আঙ্গুলের ভিডিওতে কেউ লাইক কমেন্ট করে নাই বট বাহিনী আজকে অনেক লাইক কমেন্ট ভাই তোরা সবাই পাগল হয়ে গেছো পিনাকির মতো তোরাও পাগল হয়ে গেছোস	Abusive
10037149	দাদা আপনাকে হাজার সালাম	None
10037150	চোদাভাই তোমার কি মালাউট	Profane
10037151	পিনাকি দাদার বিশ্লেষণ গুলো অসাধারণনেক্সট	None
10037152	ফজা পাগলা বুয় বাটপার দালাল অসত্য বাদী বেয়াদব ধান্দা বাজ ধোঁকা বাজ বাজ চাটুকার দুর্বৃত্ত তেল বাজ এই সমস্থ চোর বাটপার দুর্নীতি বাজ গুলোর মুখোশ উম্মচন করতে হবে অসংখ্য শুভেচ্ছা আপনাকে	Abusive
10037153	চোদাভাই তোমার কি মালাউট	Profane
10037154	চেতনা ব্যবসায় ধস	Abusive
10037155	পরিক্ষার আগে আলু খেতে হইনারে পাগলা মুক্তিযুদ্ধ্য তোর পুটকি দিয়ে হান্দাইয়া দিবো	Profane
10037156	দাদা ফজা পাগলা না তো ফজু ফজু পাগলা	Abusive
10037157	চেতনা ব্যবসায় ধস	Abusive
10037158	ভুয়া মুক্তিযোদ্ধা মুক্তিযোদ্ধার নাম বিক্রি করে খাইতেছে	Abusive
10037159	আনন্দ পাচ্ছিল ভাই ফজু কুত্তার কথা শুনে পিনাকি দাদা কৃতজ্ঞতা আপনাকে	Abusive
10037160	ইনকিলাব জিন্দাবাদ	None
10037161	ইনকিলাব জিন্দাবাদ	None
10037162	দাদা চট্টগ্রাম বিশ্ববিদ্যালয় নিয়ে কিছু বলুন	None
10037163	অসত্যবাদী রে ফজলু ফজা ফজা পাগল অসত্যবাদী রে	Abusive
10037164	বেশ সুন্দর হয়েছে দাদা	None
10037165	ফজলু কমান্ডার আসিতেছে	None
10037166	ভুয়া আরও অনেক খুঁজে বের করতে হবে	None
10037167	তিনি যদি মুক্তিযোদ্ধার সকল সরকারী সুযোগ সুবিধা পেয়ে থাকেন তাহলে তার সকল সুযোগ সুবিধা প্রত্যাহার করা হোক এবং ইতিপূর্বে গুলো ও ফেরত নেওয়া হোক	None
10037168	হোল কমান্ডার ফজু পাগলা	Abusive
10037169	ফজা ভুয়া ভুয়া ভুয়া কৃতজ্ঞতা দাদা কে স্যালুট জানাই আন্তরিক শুভেচ্ছা	None
10037170	ফজা পাগলা অরজিনাল ভুয়া মুক্তিযোদ্ধা	Abusive
10037171	প্রকৃত যোদ্ধারা ফটর ফটর করে না	None
10037172	গুড পিনাকী দাদা	None
10037173	সকল ভুয়া মুক্তি যোদ্ধা দের সনাক্ত করতে হবে	None
10037174	এতগুলা মন্তব্য কোন চামচিকা দেখলাম না হতাশ  বহুত হতাশ	None
10037175	গাঁজাখোরফি নাকি কি নিয়ে আসে সেটা বুঝি না সারাদিন গাঁজা খেয়ে পড়ে থাকে তাই আবোল তাবোল বকে আরে ব্যাটা তোদের তো নুনু নাই নুনু থাকলে দেশে আইসা কথা বলতেই এখন তো তোদের ক্ষমতা তোরা বলিস আর কি দেশের জনগণ না নুনু কাটে দেশে আয় যদি তোর কাছে মনে থাকে	Abusive
10037176	এইসব মুক্তিযোদ্ধারা মুক্তিযোদ্ধা লাইসেন্স কে চাঁদাবাজি এর ব্যবসার হাতিয়ার হিসেবে এত বছর ব্যবহার করেছে	Abusive
10037177	ভালো করে খোজ নেন দাদা ও ফজা পাগলা রাজাকার ছিলো	Abusive
10037178	ভূয়া মুক্তিযোদ্ধা ফজু পাগলা কে রাষ্ট্রদোহী মামলা দেওয়া হোক	None
10037179	দাদা ফজার মুক্তিযুদ্ধ ব্যাবসায় তো লালবাতি জ্বালায় দিলেন	None
10037180	ফজা কট	Profane
10037181	পিনাকি বেজন্মা	Abusive
10037182	যদিও আমি আগে থেকে ধারণা করেছি সে কখনোই মুক্তিযোদ্ধা হতে পারে না তবে আজ তার কথা সাথে আপনার উত্তর শুনে শিওর হলাম এবং অসংখ্য হাসলাম	None
10037183	সেরা দাদা সেরা	None
10037184	করিমগঞ্জ থেকে দেখছি	None
10037185	লতিফ সিদ্দীকি	None
10037186	দাদা পরের মালটা কে	Profane
10037187	ফজা পাগলা কঠিন চাপাবাজ	Abusive
10037188	জীবনে তোমারে কৃতজ্ঞতা দেই নাই দাদা আজ আমার চির শত্রু ফজলুর বিরুদ্ধে বলায় আপনাকে কৃতজ্ঞতা জানাই ফজলুর পাছায় বাঁশ ঢুকাতে চাই	Abusive
10037189	একটা মানুষের দোষ ত্রুটি থাকতেই পারে বর্তমানে সে অনেক বিতর্কিত বক্তব্য দিয়েছে যেটা কোন ভাবেই সমর্থন করা যায় না তাই বলে তার সকল অবধানকে অশ্বিকার করা গাদ্দারি ছাড়া কিছু না	Political Hate
10037190	যারা সত্যিকারের দেশপ্রেমিক তারা কখনো দেশ স্বাধীন করে এতো গলাবাজি আর চেতনা শেখায় না	Abusive
10037191	মুক্তিযুদ্ধইতো ভূয়া	None
10037192	দাদা আপনি দেশে এসে ভুয়া মুক্তিযোদ্ধা বের করতে পারবেন  দাদা আমাদের কোন মূল্য নেই  দেশে আপনাদেরকে দেখতে চাই	None
10037193	হালায় কি গপ্পোটা মারলো	None
10037194	সব ঠিক আছে কিন্তু এই ব্যাটা তো নিজেই একটা ভুয়া জোচ্চোর বিদেশে না থেকে দেশে এসে কথা বলেনা কেন শুধু দেশটারে অস্থিতিশীল করার ধান্ধা	Abusive
10037195	দাদা ইতিহাসের সেরা ভিডিও	None
10037196	ইন্ডিয়ান দালালি করে আপনাকে মুক্তিযুদ্ধে দাবি করার মুক্তিযোদ্ধাকে বাংলাদেশের মানুষ পিছন দিয়ে ঢুকিয়ে দিবে	Abusive
10037197	ইন্ডিয়ার দালাল আর ভারতীয় রক্ত যাদের শরীরে তারাই শুধু ওযু পাগলা হয়	Abusive
10037198	আমার ও মনে হয়েছে সে চাপাবাজ ভুয়া মুক্তিযুদ্ধা	Abusive
10037199	ফুয়া খুর আবু তালেব আকাশ পিনাকি ভট্টাচার্যকে বলছে এই বলাৎকার ইয়াবা খুর ফেরেস্তা নাকি বাংলাদেশের সবাই খারাপ	Abusive
10037200	ফজা পাগলা নাম টা ভালোই বলেছেন দাদা	None
10037201	হাচায় নি হালা পাগলামি করতোছো একজন ফজু কাকারে নিয়ে এমন সত্য কথা বলা উচিৎ হয়নি আর ২১ বার বলে আর বলেন না দা দা	Profane
10037202	অবশেষ ফজা পাগলা কট	Abusive
10037203	দাদা এ ভাবেই সত্যটা কে প্রকাশ করার জন্য কৃতজ্ঞতা	None
10037204	আমি	None
10037205	ফজা পাগলা নতুন চেতনা ব্যবসায়ী	Abusive
10037206	ওকে	None
10037207	ফজারে পাবনা কোন দিকে	None
10037208	খুবই ভালো লাগলো	None
10037209	ফজা পাগলার প্রত্যেকটা কথা অসত্য ও বানোয়াট কেননা ফজা পাগলার কোনো কথার সাথে যুক্তি মূলক কোনো মিল নেই	None
10037210	ইনকিলাব জিন্দাবাদ	None
10037211	এইজন ভাল না ঐ জন ভাল না সব থেকে ভাল আপনি	Abusive
10037212	মিথুক ফজা পাগলর বিচার চাই	Abusive
10037213	ফজার মত পাগল যুদ্ধ কর‌বেনা এটা আগের থেকেই বুঝ‌তে পে‌রে‌ছিলাম	Abusive
10037214	দাদা সালাম নিবেন দাদা শুধু উনি একা ভুয়া মুওিযোদা না এদেশে অরিজিনাল যোদ্ধা ৩৫০০০ হাজার থেকে ৪০০০ হাজার যাহা অকপটে বলেন কনেল আলি আহমেদ বীর বিএম অথচ বতমানে ভাতা ভোগী ২১৬০০০ হাজার এরা ভুয়া মুওিযোদা পরিচয় দিয়ে দেশের হাজার কোটি টাকা নিয়ে যাচ্ছে এদের নিয়ে একটা এপিসোড করেন	None
10037215	ফজু যে আগে থেকেই পাগলা তা জানা ছিলনাআমরা ইদানিংকালে তার আচার আচরণে বুঝতে পারলাম সে পাগলা	Abusive
10037216	আমরা তো আগেই বলেছি খোজা পাগলা ভুয়া মুক্তিযোদ্ধা সব সাজানো নাটক	Abusive
10037217	কৃতজ্ঞতা দাদা	None
10037218	কৃতজ্ঞতা সঠিক তথ্য তুলে ধরা জন্য	None
10037219	প্রফেসর ডঃ মোঃ ইউনুস স্যার আপনি আগে নিজেকে রাষ্ট্রপতি হিসেবে ঘোষণা করেন তারপর আওয়ামী লীগ ও জাতীয় বেইমান পার্টি কে চিরতরে নিষিদ্ধ ঘোষণা করেন এবং সমস্ত আইন কানুন নিয়মনীতি ও সংবিধানের সংস্কার ও সব খুনের বিচার করেন তারপরে নির্বাচন হবে  এর আগে কোন নির্বাচন হবে না  ইনকিলাব জিন্দাবাদ	Political Hate
10037220	দাদা ঠিক কথা	None
10037221	ফজু পাগলা রাজাকার ভূয়া মুক্তি যোদ্ধা তার কথা সব পাস হয়ে গেছে	Abusive
10037222	ফজা পাগলার ধ্বজা ভংগ হইয়া সে এখন কলিকাতা হারবালের স্থায়ী কাস্টমার	Abusive
10037223	ফজা পাগলারে ভরে দিলে	Abusive
10037224	পিনাকী আমাদের এ যুগের আবু তালেব	None
10037225	কিরে ফজা পাগলা এইসব কি সুনি তুই তো বীরশ্রেষ্ঠ বাটপার খেতাব পাওয়ার কথা	Abusive
10037226	ফজা পাগলারে ভরে দিলে	Abusive
10037227	ফজলুর কথিত পাক আর্মিদের কাহিনী বানোয়াট ভারতীয় সেনার নিকট আত্মসমর্পণের পূর্বে কোন পাক বাহিনী কোথাও আত্মসমর্পণ করে নাই কেবল রাজাকাররাই আত্মসমর্পণ করে দেশের সর্বত্রবরং কিশোরগঞ্জে অবস্থান করা পাক বাহিনী ১৭ ইং ডিসেম্বর আত্মসমর্পণ করে	None
10037228	দাদা আমি জানতে চাই আসলে কতজন মুক্তিযোদ্ধা দেশে আসল	None
10037229	আমি আছি	None
10037230	দাদা হাসবো না কাঁদবো বুঝতে পারছি না আমাকে একটু শান্তনা দেন	None
10037231	ফজা পাগলা মুক্তি যোদ্ধা না আমি মানি কিন্তু আমার মনে হয় মুক্তি যোদ্ধা পিনাকী ভট্টাচার্য	None
10037232	কিশোরগঞ্জ ও নেত্রকোনা অঞ্চলের মুক্তিযোদ্ধা কমান্ডার ছিলেন মেজর পীর মতিউর রহমান উনার অধীনে থেকে তাকে যুদ্ধ করার কথা ছিল কিন্তু ফজলু তা বলতে পারবে না কামরুজ্জামান কমরু ভাইয়ের সাথে ও কোন দিন মুক্তিযুদ্ধের সময় ছিল নাসে মুজিব বাহিনীর সদস্য হয়ে পরবর্তীতে মাওঃ আতাহার আলী সহ অনেক আলেম হত্যার সঙ্গে ফজলু জড়িত	None
10037233	পিনাকে ভট্টাচার্য স্যার কে আমার বুকে জড়াই দিতাম অনেক অসংখ্য কৃতজ্ঞতা দোয়া করি	None
10037234	তাঁর আচার ব্যবহারে বুঝ যায় সে মুক্তিযুদ্ধা করে নাই	None
10037235	আমরা যারা সূফীবাদ মতে বিশ্বাসী তারা আশঙ্কা করছি জামাতি ইসলাম ক্ষমতায় থাকলে আমাদের অলিআউলিয়াদের মাজার সব ধ্বংস হয়ে যাবে এবং তারা এই সুফিবাদের প্রতি বিদ্বেষপূর্ণ মনোভাব ধারণ করে পিনাকী দা দয়া করে এটা নিয়ে যদি কিছু একটা বলতেন আমাদের অলি আউলিয়াদের মাজার ভাঙচুর কিভাবে বন্ধ হবে এটা নিয়ে কিছু একটা এপিসোড বানান কারণ এখানে মুসলমানদের আরেকটি অংশ রয়েছে যারা সূফীবাদের বিশ্বাস করে এবং সূফীবাদী একটি আধ্যাত্মিক বিষয়ে ইসলামের তাদেরও একটি অধিকার থাকা উচিত তাদের নিজ দর্শন এবং চেতনাকে নিয়ে ধর্ম অনুসরণ করা	None
10037236	ওরে আইনের আওতায় আনতে হবে	None
10037237	ফজু পাগলা সহ সব ভুয়া মুক্তিযোদ্ধাদের বিচার আওতায় আনতে হবে	Abusive
10037238	ফজা ভুয়া	Abusive
10037239	এতোদিন পরে তাকে ধরলেন	None
10037240	একটা মানুষ এতো অসত্য কথা কিভাবে বলে  ওকে অতি তাড়াতাড়ি পাবনা পাঠানো হোক  কারন পাবনায় বেকারত্ব বেড়ে গেছে	None
10037241	পিনাকী তুই অসত্য কথা খুব সুন্দর করে সাজিয়ে বলতে পারিস এই জন্য তোকে ডক্টরেট ডিগ্রি দেওয়া উচিত	Abusive
10037242	ফজা ভুয়া	Abusive
10037243	তুই আমার চেটের মুক্তি যোদ্ধা	Profane
10037244	মুসলমান না হইয়া দরবেশও ত হইতে পারবেন না	None
10037245	যারা যারা প্রকৃত মুক্তিযোদ্ধাতারা কখনো তারা কখনো দেশের বিরুদ্ধে কাজ করতে পারে না অসংখ্য নেতা আছে নামে এর আগে বীর মুক্তিযোদ্ধা লেখে অথচ এখন দেখতেছি তারাই দেশের বিরুদ্ধে সবচেয়ে বেশি কাজ করছে ওরা দেশ বিক্রি করতে এক মিনিট চিন্তাও করে না	Abusive
10037246	দাদা যখন মুক্তিযুদ্ধ হয় তখন আপনার বয়স কতো ছিলো আপনি যুদ্ধ করেন নাই যুদ্ধ দেখেন নাই অথচ মনগড়া যুক্তি দাড় করিয়ে একজনকে অসত্য প্রমাণ করে দিলেন আপনার চোখে ঐ এলাকার যে একজন সত্যিকারের মুক্তিযোদ্ধা তার স্বাক্ষাৎকার নিলেই তো আসল সত্যি টা বেড়িয়ে আসে আর সবচেয়ে বড় কথা আপনার দৃষ্টিতে তো মুক্তিযুদ্ধই হয়নি এদেশে তাহলে আপনি আর কিভাবে একজন মুক্তিযোদ্ধাকে সম্মান দিবেন	None
10037247	ফজা যে ভুয়া এটা আমার ও মনে হয়েছিল	None
10037248	ফজা পাগলা মানেই বিনোদন	Abusive
10037249	ফজু পাগলা যে মুক্তি যুদ্ধের নামে টাকার মেশিন বানিয়েছে এইটা জাতি বুঝে গেছে চেতনা বিক্রি করে পেট চালায়	Abusive
10037250	জামায়াত শিবির মুক্তিযুদ্ধের কথা শুনলেই কেন জানি চুলকানি দেখি সব সময় মুক্তিযুদ্ধ ও মুক্তিযোদ্ধা অপমান নরমালাইজেশন করা মিশনে পরিণত হয়েছে পিংকি দাদাও এর ব্যাতিক্রম না এইসব একতরফা বক্তব্য কতোটা যোক্তিক ও বাস্তবসম্মত	Political Hate
10037251	আমি একজন কিশোরগঞ্জের মানুষ হিসাবে লজ্জিত বোধ করছি	None
10037252	ফজু পাগলা যে মুক্তি যুদ্ধের নামে টাকার মেশিন বানিয়েছে এইটা জাতি বুঝে গেছে চেতনা বিক্রি করে পেট চালায়	Abusive
10037253	এই ভাললোকের গল্প শুনলে মনে হয়—অসত্যরও আবার ফজুব্র্যান্ড আছে কিশোরগঞ্জের ফ্যাক্টরি থেকে বের হয়ে এখন সারা বাংলাদেশের মানুষকে ফ্রি বিনোদন দিচ্ছে একেবারে আওয়ামী লীগের কাউয়া কাদের ভার্সনে	Abusive
10037254	ফজলা ধরা খাইছে	None
10037255	পিনাকীর মাথায় মাল উঠছে	Abusive
10037256	ফজলুর রহমান বলছে 9 মার্চ পতাকা উত্তোলন করেছি উনি তো আর বলেন নাই 6 মার্চ প্রথম পতাকা উত্তোলন করেছি প্রথম পতাকা উত্তোলন করেছিলেন কামরুজ্জামান কিন্তু 9 মার্চ কিশোরগঞ্জের অন্য জায়গায় ফজলুর রহমান পতাকা উত্তোলন করেছিলেন এটা সঠিক কারণ কিশোরগঞ্জে তো আর একটা জায়গায় পতাকা উত্তোলন হয়েছিল না ফজলুর রহমান কোন অসত্য কথা বলেন নাই অসত্য ভাবতাম উনি যদি দাবী করতেন যে আমি প্রথম পতাকা উত্তোলন করেছি কিশোরগঞ্জে তাহলে ভাবতাম তাই আমাদেরকে ভুদাই বানানো বাদ দেন বাংলাদেশের বেশিরভাগ পোলাপান আপনার ভিডিও দেখে ভুদাই হচ্ছে তারা কোন তথ্য যাচাই করে না আপনাকে অন্ধের মতন বিশ্বাস করে	Abusive
10037257	ফজা পাগলা তুমি শেষ	Abusive
10037258	হিন্দুর রক্ত কখনোই মুসলমান হতে পারেনা কারণ সবসময়ই হিন্দু মুসলমানের বিপক্ষে কথা বলে এইচডি নাকি কতবার একটা শয়তান এনাকে আমি অনেকভাবে রিচার্জ করেছি	Religious Hate
10037259	মজা পাগলা গাঁজা খাইয়া ফালাইছে	None
10037260	হিন্দুর রক্ত কখনোই মুসলমান হতে পারেনা কারণ সবসময়ই হিন্দু মুসলমানের বিপক্ষে কথা বলে এইচডি নাকি কতবার একটা শয়তান এনাকে আমি অনেকভাবে রিচার্জ করেছি	Religious Hate
10037261	গোপালগঞ্জ এর ঘরে ঘরে ভূয়া মুক্তিযোদ্ধাই ভরা	None
10037262	সব আউলা জাউলা গল্প শুনলে তাহকীকের জন্য দাদার বয়ানের অপেক্ষায় থাকি	None
10037263	পিনাকি দাদার আলাপ কি আপনার ভাললাগে	None
10037264	পন্কির পাছার ভিতর ইষ্টেনগানের নল ঢুকািয়া ব্রাস ফায়ার দাও ফজলু ভাই তাহোলেই তুমি আসল মুক্তি যোদ্বা হোতেপারবে পিনাকি চাড়াল কে ৭১ এর সমায় ওর জাত গুষ্টিকে বাচাছিলো ওর পাকিস্তানি বাপরা	Profane
10037265	বাঁশ দিয়ে দিছে	Abusive
10037266	দাদা পেন খুলে দিলেন	None
10037267	এই ফজা পাগলা কে কেন পাবনা পাঠানো হয় না কেন	Abusive
10037268	তোর জন্ম আসলে কনো মা নামের কারো পেটে হয়নাই তোর জন্ন হইছে একনাম করা বেশ্যা পেটে তুই আসলে তোর মামুর জন্মা	Profane
10037269	লেংটা সুলেমান আবার কি কয়	Abusive
10037270	বীর শ্রষ্ট গোলাম আজম কে খেতাব দেয়া হোক	None
10037271	দাদা একটু জ্ঞানের আলো আমাদের কেউ দিয়েন	None
10037272	অসম্ভব সুন্দর করে বাঁশ	None
10037273	রাজাকারদের এপিসড চাই দাদা	Abusive
10037274	বাঘের ছেলে ১৮গাও আর পিনাকি দাদা ধরলে ৩৬ গাও নারীবুরি চৌদ্দগোষ্ঠী উদ্ধার করে ছাড়ে বাটপার এখনো জায়গা নাই ইনকিলাব	Abusive
10037275	আহারে ফজা পাগলার ভক্ত কুল এখন কি বলবে	None
10037276	যারা বেশি বেশি মুক্তি যুদ্ধ ফুটায় তারা সব ভুয়া	Abusive
10037277	ইনকিলাব জিন্দাবাদ	None
10037278	ফজা পাগলা সফলতা বাংলা	None
10037279	একটা ফায়ার ফায়ার	None
10037280	এই ফজা পাগলার বউ উদিচির সদস্য কপালে বড় একটা টিপ দিয়া বৈশাখী মেলায় গান গায়	Abusive
10037281	আমার তো মনে হয় এই ফজা পাগলা কাক্কু নিজেই রাজাকার ছিল	Abusive
10037282	ফজলু ভুয়া আর আওয়ামী লীগ ও ভুয়া মুক্তিযোদ্ধা বানায় তাই ওর এত আওয়ামী প্রেম	Political Hate
10037283	স্বাধীনতার 56 বছর পার হয়ে গেলো কিন্তু এখনো পরাধীনতার শৃংখল থেকে বের হতে পারলাম না তাই আমার ব্যক্তিগত মত থেকে বলি এমন স্বাধীনতা দরকার নেই যদি এক দেশ থেকে স্বাধীন হয়ে আরেক দেশের গোলামী করা লাগে বিশেষ করে গোমূত্র খোরদের গোলামী করা লাগে	None
10037284	ফজলু ভুয়া আর আওয়ামী লীগ ও ভুয়া মুক্তিযোদ্ধা বানায় তাই ওর এত আওয়ামী প্রেম	Political Hate
10037285	দাদা অসংখ্য কৃতজ্ঞতা এই পাঠার ছা পাঠারে অনেক গালি দেই কিন্তু শালা একটা আচোদা ভুয়া মুক্তিযোদ্ধা এটা আবারো প্রমাণ হলো দাদা রুমিন ফারহানার সাথে ওরে একটা বিয়ের ব্যবস্থা করে দেন	Profane
10037286	কী নিয়ে আসলেন ভাই	None
10037287	ফজু পাগলার এসব গাঁজা খড়ি গল্প	Abusive
10037288	এই ফজু পাগলা জানে যে আমি ভুয়া মুক্তিযোদ্ধা এই কারণে ও গোলা বাড়ায়	Abusive
10037289	দাদা কে কৃতজ্ঞতা	None
10037290	ফজু এতোদিন জাতিকে ভুল বুজিয়েছে ও আসলেই ভুয়া মুক্তিযোদ্ধা	None
10037291	বিনপির তারেক রহমানকে কোনোদিন জনগণের দাবী আদায়ের জন্য রাস্তায় দেখিনাই কোনোদিন তাকে সাধারণ মানুষের সাথে রাস্তার পাশে কোনো দোকানে বসতে দেখিনাই তাকে কোনোদিন কোনো গ্রামে এমনকি কোনো জেলাতে কোনো সভা বা আন্দোলনে দেখিনাই তাকে কোনোদিন পুলিশের সামনে দাড়িয়ে সাহস করে দেশের জন্য কোনো স্লোগান দিতে শুনি নাই বিগত ১৬ বছরধরে খুনি হাসিনার নিপীড়ত মানুষের পাশে না দাড়িয়ে স্বার্থপরের মতো প্রবাসে জীবন কাটাচ্ছেন এরপরও যে সমস্ত বিনপির কুলাঙ্গাররা মনে করছেন জনগণ এই তারেক রহমানকে ভোট দিয়ে প্রধানমন্ত্রী বানাবে তারা দিবা স্বপ্ন দেখছে জামায়াত ইসলাম এনসিপি এবি পার্টি তারা দেশের মানুষের সুখে দুঃখে জনগণের সাথে মিশে আছে নিরপেক্ষ সুষ্ঠ নির্বাচন হলে এদেরকেই দেশের জনগণ ভোট দিয়ে দেশের দায়ীত্ব দিবে ইনকিলাব জিন্দাবাদ	Political Hate
10037292	ফজা পাগলা এই হালায় একটা চাপাবাজ আর ভুয়া এই হালার কথাশুনলেই বুঝা যায়	Profane
10037293	ফজু এতোদিন জাতিকে ভুল বুজিয়েছে ও আসলেই ভুয়া মুক্তিযোদ্ধা	None
10037294	দাদা শুনতেছি হাসিনাকে হিন্দুস্তান আগামী ডিসেম্বর এর মধ্যে যে কোন মূল্য ঢুকাবে কেননা অন্য কোন দল হ্মমতায় গেলে সে মিনিমাম পাচঁ বছর থাকবে এ করে হাসিনা বুড়া হয়ে যাবে হাসিনা ছাড়া ছাড়া আওয়ামীলীগ কে বেকাব দেয়া কেউ নেই আর ভারতের অবশ্যই বাংলাদেশকে তার দরকার ঘরের বউয়ের মতো করেঅতএব এর মধ্যে দেশকে মেসাকার করে হা ঢুকলে সাথে সাথে আওয়ামী লোকের শক্তি বড়ে যাবে তাদের সকলের হাতে অচ্রর তূলে দিবে বিষয়টি একটু যাজমেন্ট করূন দাদা	Political Hate
10037295	হেডার চেতনা শুনতে শুনতে কান জ্বালা পালা হয়ে গেছে আর দেশের পো মারা	Profane
10037296	ফজু এতোদিন জাতিকে ভুল বুজিয়েছে ও আসলেই ভুয়া মুক্তিযোদ্ধা	None
10037297	ফজু এতোদিন জাতিকে ভুল বুজিয়েছে ও আসলেই ভুয়া মুক্তিযোদ্ধা	None
10037298	ফজু এতোদিন জাতিকে ভুল বুজিয়েছে ও আসলেই ভুয়া মুক্তিযোদ্ধা	None
10037299	শেষের শব্দ টা ভাল্লাগছে	None
10037300	অসত্যবাদী আওয়ামী লীগের দালাল এই ফজা	Political Hate
10037301	ফজা পাগলা মারা খেয়ে গেলো রে	Abusive
10037302	আপনি এতো কিছু জানেনআপনি বাইরে কেনদুর থেকে যা বলেনসেটা আসলে দেশপ্রেম নয়	Abusive
10037303	সে ভুয়া আমরা জনগন আগে থেকে জানি সে আবল তাবল কথা বলে সে একটা পাগল	Abusive
10037304	পিনাকী ধরলে জয় বাংলা ফজু পাগলারে জয় বাংলা করে দিলো হাসিনার মতো	Abusive
10037305	ফজুরে পাগলা মনে করেছিলাম এখনতো দেখি হালায় নাম্বার ওয়ান বলদ	Abusive
10037306	পিনাকী তোর লজ্জা ও শরম কি কিছুই নাই ছি	Abusive
10037307	পিনাকী ধরলে জয় বাংলা ফজু পাগলারে জয় বাংলা করে দিলো হাসিনার মতো	Abusive
10037308	তিনি মুক্তিযোদ্ধা না হতে পারেন কিন্তু আপনাকে স্বীকার করতেই হবে সন্দেহাতীতভাবেই তিনি একজন উক্তিযোদ্ধা	None
10037309	তোর জন্ম যে পাক আর্মির ক্যাম্পে সেটা নিজেই পরিষ্কার করলি	Abusive
10037310	চোখে ঘুম ছিলো দাদার কথা শুনে ঘুম জয় বাংলা হয়ে গেল	None
10037311	দেশে ভারতীয় দালালদের প্রতিহত করতে হবে	Abusive
10037312	বাংলাদেশে কোন যুদ্ধ হয় নাই ভাইয়ে ভাইয়ে লড়াই হয়েছে ওকে  ৯ মাস ফসল ফলে নাই জমিতে ব্যবসা বানিজ্য ছিল না চাকরি ছিল না ৮ কোটি মানুষ অনাহারে  রোগে তো মারা গেছে ধর্ষণ অত্যাচার গণ হত্যাও বাদ দিলাম  বাঙ্গালী যে যা বুঝায় তাই বুঝে আর যদিও মুক্তি যুদ্ধ হয়ে থাকে সেই মুক্তিযুদ্ধের বিচার ইউনুস সরকার করতেছে 🎉 রাজাকারেরা এই বার দেশ শাসন করবে ওকে দাদু দ্বায়িত্ব নিছে সফল হবে ই হবে কারণ রাজাকারের নাতিপুতির সংখ্যা যোদ্ধাদের ছেলে মেয়ে নাতিপুতির সংখ্যার চেয়ে কম বাংলাদেশের রাজনীতি হচ্ছে  মবের হাতে নিয়ন্ত্রিত তড়িৎ বিশেষজ্ঞ কমিটি দ্বারা প্রভাবিত হচ্ছে	Political Hate
10037313	চোরের মায়ের বড় গলা ঘটনা সত্য‌ও হ‌ইতে পারে	Abusive
10037314	মুক্তিযুদ্ধের চেতনা ব্যবসা বন্ধ করতে হবে ইনকিলাব জিন্দাবাদ	None
10037315	এতো অসত্য মানুষ কিভাবে বলে	Abusive
10037316	পিনাকী ধরলে জয় বাংলা ফজু পাগলারে জয় বাংলা করে দিলো হাসিনার মতো	Abusive
10037317	দাদা ফজা পাগলা যে মুক্তিযোদ্ধা তার প্রমাণ পাইলাম	None
10037318	দাদা বিকাশ তারেক কি এখন ভাগ পাচ্ছে ও তো জ্বলছে এখন	None
10037319	অপ্রাসঙ্গিক ভিডিও	None
10037320	একজন বীর মুক্তিযোদ্ধা কে নিয়ে কটুক্তি করা নিঃসন্দেহে দেশের জন্য উদ্বেগের বিষয় এই লোক দেশ ধ্বংসের কারিগর	Abusive
10037321	দাদা অনি বলছে ২১২২২৩	None
10037322	দাদা মুন্সিগঞ্জের মহিউদ্দিন ও মিনাল কান্তি কে নিয়ে একটা এপিসোড দেন	None
10037323	অনি কি বলছে অনি ফাস্ট পতাকা উরাইছে দাদা আমি নিতে পারলাম না	None
10037324	বাংলাদেশ জামায়াতে ইসলামী বললে তো বিশ্বাস হয় না অন্যরাই বলুক	None
10037325	দাদা একটা জিনিস	None
10037326	ফজা পাগ্লারে প্রচুর পি টাইতে চাই	Abusive
10037327	পাগলায় কত যে অসত্য কথা বলতে পারে শুধু আমরা বুদাই হওয়ার কারনে	Abusive
10037328	এতটা মজা নিয়ে কথা বলতে পারে সত্যিই অসাধারণ	None
10037329	অনি কি বলছে অনি ফাস্ট পতাকা উরাইছে দাদা আমি নিতে পারলাম না	None
10037330	ফজু পাগলা আসিতেছে	None
10037331	দাদা জা দিলেন ফজা পাগলারে	Abusive
10037332	মুক্তিযুদ্ধ নিয়ে বাংলাদেশের যত কলুষিত রাজনীতি হয়েছে এমনটা পৃথিবীতে কোথাও দেখা যায় না	Political Hate
10037333	ফজু পাগলা হচ্ছে ভুয়া মুক্তিযোদ্ধা  চেতনা ব্যবসায়ী	Abusive
10037334	আওয়ামী লীগ মানেই ভন্ডলীগ ভারতীয় দালাল ভারতীয় জঙ্গি ভারতীয় রাজাকার ১৯৭১ সালে ভারতের হাতে দেশটাকে তুলে দিয়েছিল জেনারেল ওসমানী আত্মসমর্পণ দলিলে স্বাক্ষরের সময় ছিলেন না কেননা তখন ভারতীয় বাহিনীর হাতে দেশটাকে বিক্রি করে দেয়া হয়েছিল তাই দেশটা ভারতের আধিপত্য রাজ্যে পরিণত হয় সঠিক মুক্তিযোদ্ধা তারাই যারা ভারতের ষড়যন্ত্র এবং চক্রান্ত বুঝে ফেলেছিল	Political Hate
10037335	ফজলুর রহমানের মুক্তিযুদ্ধের হাজার প্রমান আছে সবচেয়ে বড়ো প্রমান তার এলাকাবাসী ইটনার লোকজন মুক্তিযুদ্ধ ও মুক্তিযোদ্ধাদের অসম্মান করার জন্য একদিন তোমাকে আইনের মুখোমুখি হতে হবে	None
10037336	দাদা অসাধারণ ডলা দিলেন ফজা রে	None
10037337	আমি রাজাকার তবে দেশপ্রেমিক ইন্ডিয়া বিরোধী কট্টর ডানপন্থী মুসলমান	Religious Hate
10037338	কালকে ফজা পাগলা বোমা মারবে বলবে হাসিনা থাকতেও আমার মুক্তিযোদ্ধা সার্টিফিকেট ছিল এখন নাই	Abusive
10037339	ফজু পাগলা আসিতেছে	None
10037340	ধনজুদ্ধ	None
10037341	ফজু সালার কথা শুনলেই বুঝা যায় সব বানোয়াট অসত্য	Profane
10037342	আমি একজন কিশোরগঞ্জের লোক কিশোরগঞ্জে ফজু পাগলারে কেউ চোদেনা	Profane
10037343	ফজা পাগলা ফাকা আওয়াজ মারে	Abusive
10037344	মুক্তিযুদ্ধ নিয়ে এদেরকে আর রাজনীতি করতে দেওয়া হবে না এরা দেশের শত্রু	Political Hate
10037345	একজন কমান্ডার কি বগি মারা সম্ভব আহা রে পিংকি দাদা আপনি বরং বেয়াক্কেল চাঁপাবাজ বালছাল কথা বলে পেঁট চালান ফজলুল রহমান মামলা করা উচিৎ পিংকির বিরুদ্ধে	Profane
10037346	বহু দিন পর হাসলাম	None
10037347	একটা দেশে এতো ভোদাই ছাগল জন্মায় কেমনে বুঝলাম না আসলে মুক্তি যুদ্ধই হয়নি কেউ মুক্তি যুদ্ধ করেনি	Abusive
10037348	পিনাকী দাদা আপনাকে অনেক কৃতজ্ঞতা ভালো ভালো ভিডিও বানানোর জন্য	None
10037349	পাগলা ত উন্নত লেভেলের চাপাবাজ	Abusive
10037350	ফজা পাগলা এইবার মজা পাইবো	Abusive
10037351	বে জম্মার ছা তুই মুক্তিযোদ্ধা	Profane
10037352	ফজু খা ন কি র পুত ভূয়া	None
10037353	আবু তাহের ঠাকুর	None
10037354	হায়রে নাটক ফায়ার বললে সব পালায় যাইত	None
10037355	৭১ সালে ইন্ডিয়া পাকিস্তান যুদ্ধ হয় হানাদার ভারতের সৈন্য বাহিনীর দোষর মুক্তিযোদ্ধা নামক ভারতীয় সন্ত্রাসীদের বিচার চাই	Abusive
10037356	ফজু যুদ্ধ করবে কি করে সে ছিল মুজিব বাহিনীতে মুজিব বাহিনী যেহেতু যুদ্ধ করেনি তাই সে যুদ্ধ করার সুযোগ পায়নি সে যা বলছে তাকে বলে figment of imagination অর্থাৎ পুরোটাই কল্পনা প্রসুত	None
10037357	ফজা পাগলা	Abusive
10037358	দাদার কাহিনী পইড়া না আইসা পারলাম না	None
10037359	দাদার কাহিনী	None
10037360	দাদা এইভাবে সফলতাবাংলা করে দেওয়া ঠিক হয় নাই	None
10037361	যুদ্ধ তো তুমি করেছিলে দাদু	None
10037362	আমার এক ফুফাত বোন জামাই ছিলেনতিনি মুক্তি যুদ্ধ করেনকিন্তু উনি একেবারে সহজ সরল থাকায় উনার মুক্তিযুদ্ধের সার্টিফিকেট নিয়ে উনাদের ইউনিয়নের চেয়ারম্যান হয়ে যান মুক্তি যুদ্ধাএমন অনেক আছে যারা যুদ্ধ না করেও পাক্কা মুক্তি যুদ্ধা বনে যায় পরে হয়ে যায় নেতা	None
10037363	এই ভুয়া প্রতারক ফজা পাগলাকে দ্রুত কঠিন শাস্তি দেওয়া হোক	Abusive
10037364	সম্পূর্ন বাচাল প্রকৃতির লোক এই লোকটা আগেরকার কিছু বাচাল থাকে সব মারা গেছে এই চিটার বেঁচে আছে এর পাছায় লাথি মেরে মুক্তিযোদ্ধার থেকে বহিষ্কার করা উচিত একটা ফালতো লোক	Abusive
10037365	মুজিব বাহিনীর ৯৯ মুক্তিযোদ্ধারা কঠিন মুক্তিযুদ্ধ করেছে সোনাগাছিতে খাট কাপানোর মাধ্যমে	None
10037366	কৃতজ্ঞতা দাদা	None
10037367	নেক্সট হইলো রাজাকারের পুত্র বুইড়া বাম মুক্তিযোদ্ধে না যাওয়া বয়স হওয়ার পরও মির্জা কাদেরুল ইসলাম আলমগীর	Abusive
10037368	তুই বলৎকারের তিন ইঞ্চির সৈনিক আর ফজলুর রহমান বাংলাদেশের বীর মুক্তিযোদ্ধা	Abusive
10037369	এ জাওরার কথা যে বিশ্বাস করবে তার ঈমান থাকবে না এ এমন জাওরা বিদেশে বুলি মারে বাংলাদেশে আগুন জ্বলে	Religious Hate
10037370	মজা পাইলাম অপেক্ষায়	None
10037371	সারাক্ষণ র এর আতঙ্কে ভোগা হুজুগে বাঙালি অবশেষে একজন খাঁটি র এজেন্টকে তাদের আমীর হিসেবে মেনে নিয়েছে	None
10037372	ওসি দেৱকে ধৱে আনে কয জন ওসি ছিলসি ও কয জন ছিলঅসত্য	Abusive
10037373	এ তো ভুয়া মুক্তিযোদ্ধার লক্ষণ	None
10037374	ভারতের সিনেমা দেখে অনুপ্রানীত হয়ে ফজু পাগলা নিজেকে নায়ক বানিয়ে গপ্প করছে আর ফ্যাসিবাদের পা চাটা সাংঘাতিক গুলোর মাথায় যে পরিমাণ গোবর যা একটা গরু ১ বছরেও নেদাইতে পারে না এমনকি মোদি সরকার ১ দিনে এত গোবর খায় না ফজু পাগলারে যদি খালি বলা হত আপনে সাথে কে কে ছিলো দেখতেন প্যান্টটি খুলে নিচে পড়ে যেত আমার খালি প্রশ্ন জাগে এরা এত নিলর্জ্জ হয় কি করে দাদাকে অসংখ্য কৃতজ্ঞতা ফজু পাগলার অত্যাচার আর অসত্যচার থেকে এবার বোধহয় বাচা যাবে	Abusive
10037375	দাদা আপনি মুক্তিযুদ্ধকে স্বীকার করছেন না দুঃখ পেলাম জানি না মুক্তিযুদ্ধের সময় আপনার বয়স কতছিল গায়ের জোরে কিংবা বাচনভঙ্গিতে বহু সত্য কে অসত্য এবং বহু অসত্য কে সত্যতে রূপান্তর করছেন যেমন করেছিল শেখ হাছিনা	None
10037376	দাদা প্রেম অবিরাম	None
10037377	দাদা ভাল করে ফজা পাগলাারে বাঁশ দিলেন সেইরকম বাঁশ ফজায় এখন বোরকা পড়ে বাহির হবো	Abusive
10037378	নীলফামারীতে উত্তরা ইপিজেড গুলি গুলিতে যে লোকটি মারা গেল তাকে নিয়ে কিছু একটু ভিডিও বানান	None
10037379	ফজু ওরফে ফজা পাগলা ভুয়া মুক্তিযোদ্ধা	Abusive
10037380	দেশের পরিস্থিতি ভয়াবহ চুরি ছিনতাই নেশাখোর বেড়ে গেছে ঢাকায় ভাসমান লোক বেড়ে গেছে আমার মোবাইল ছুড়ি ঠেকিয়ে নিয়ে গেছে ঢাকায় জন্ম নিয়ে বড় হয়েছি কখনোই রাস্তায় চলতে ভয় পাই নাই কিন্তু এখন দেশের আইন শৃঙ্খলা চরম খারাপ পুলিশ প্রশাসন নিরব অবশ্যই ষড়যন্ত্র চলমান	Abusive
10037381	দাদা শেষের ডায়লগ গুলো খুব সুন্দর লাগলো	None
10037382	ফজু পাগলা ভূয়া	Abusive
10037383	ফজা পাগলার কথা শুনলেই বোঝা যায় সে অসত্য কথা বলে	Abusive
10037384	তুই জারজ	Profane
10037385	যাদের কাছে মুক্তিযুদ্ধ দুই হাজার শহীদ মুক্তিযুদ্ধ বিষয়ক কথা শোনা রেল চাকা পাম দেওয়ার সমান কথা	None
10037386	ভুয়া মুক্তিযোদ্ধা ফজু পাগলা	Abusive
10037387	বেজন্মা পিনাকী যার জন্মের ঠিক নাই	Profane
10037388	ওর জন্য ডিম থেরাপি রেডি করা হোকভূয়া মুক্তি যোদ্ধা দের লিষ্ট করা ও ব্যবস্থা গ্রহণ করার কথা এটা এখোনো হয় নাই কেনো দয়া করে বিষয়টি জানাবেন দাদা	None
10037389	কেমনে কি ওর কথা শুনে আউয়ামিলীগ পর্যন্ত হাসে	None
10037390	অসংখ্য অসংখ্য কৃতজ্ঞতা চাপাবাজির চাপা মারা শেষ হয়ে গেল	Abusive
10037391	মুক্তিযুদ্ধ বলতে কিসের ভয়	None
10037392	বেশ গ্রামে অনেক এরকম গপ্পো কথার মুক্তিযোদ্ধা আছে  তাদেরকে চিহ্নিত করে সঠিক মুক্তিযোদ্ধা কিনা জাতিসংঘের সামনে উল্লেখ করা উচিত আমাদের গ্রামে এরকম কয়েকজন আছে গপ্পো কোথায় মানুষ মন ভরায় আমি চাই এই জাতির সামনে এগুলা পরিষ্কার হওয়া উচিত	None
10037393	দাদা অসংখ্য কৃতজ্ঞতা	None
10037394	পিনাকি এই দেশের এক বিপ্লবের নাম	None
10037395	তর আলোর দোষ আছে	None
10037396	কমান্ডার কে রাজাকার এত ভয় পেতো এতো বাঘের ছা  গ্রাম গঞ্জের আনসার তাকে এমন ভয়ানক ট্রেনিং দিলোতাও আবার স্টেন গান   দিয়ে ট্রেনিং  কৃতজ্ঞতা এমন মুক্তি যোদ্ধাকে তার নানাবিধ বীরত্বের জন্য যা তার মুখেই শোনা গেলো আরো কৃতজ্ঞতা এই মুক্তি যোদ্ধাকে তার অসম সাহসের সঙ্গে মিথ্যের ঝান্দাকে এতদিন শক্ত হাতে উড়তে দেয়ার জন্যে	None
10037397	ফুজা পাগল কারণ ও ১৯৭১ সালে ভারতে পালিয়ে ছিল	Abusive
10037398	সহমত	None
10037399	দাদা তুমি কোন সেক্টরে যুদ্ধ করেছো	None
10037400	অভিনয়ে সেরা পিনাকী	None
10037401	প্যকাত্তরের চেতনা ফজু পাগলার পেছন দিয়ে প্যাকাৎ করে ঢুকিয়ে দিলেন দাদা মাশাল্লাহ আলহামদুলিল্লাহ	Abusive
10037402	বাংলাদেশের সবচেয়ে বড় মুক্তিযোদ্ধা হলো পিনাকী	None
10037403	পিনাকি দা ভোল খূলে দিচ্ছে ফজার	None
10037404	দাদা এই শ্রেণীর লোকদের কোন লজ্জা নাই এদের মুখে প্রসাব করা উচিত	Abusive
10037405	এই সকল ভূয়া মুক্তিযোদ্ধাদের অবশ্যই বিচার করতে হবে	None
10037406	রাজাকার দের একমাত্র ভরসা  একজন শিশু হত্যাকারি পিনাকি	Abusive
10037407	ফজা পাগলা	Abusive
10037408	ভূয়া মুক্তিযোদ্ধা	Abusive
10037409	মনে হচ্ছে শালারপুত একটা ভুয়া মুক্তিযোদ্ধা রাজাকার ছিল মনে হয়	Profane
10037410	ফজার চাপা মারা ব‍্যবসা শেষ সোনার বাংলাদেশ	Profane
10037411	সব কন্টেন্ট মানুষ খায় না ফজু পাগলাই আসল দেশ প্রেমিক আমার তো মনে হয় ফজু পাগল নয় আসল পাগল তো পিংকু মালাউন আমার তো মনে হয় পিংকু দেশের সকল মানুষ কে ভারত বিদ্বেষী করে তোলার পর ভারতের শিকার করতে চায় বাংলাদেশ কে মালাউন পিংকু ভারতের নাম্বার ওয়ান র এর এজেন্ট  পিংকু মালাউন কে যে হালায় মুখারী হাদিসের জনক মনে করবে সে ও আসল পাগল বাংলাদেশের স্বাধীনতা ও সার্বভৌম নিয়ে আমাদের সকল দেশ প্রেমিক বাঙালির সজাগ থাকা উচিত	Religious Hate
10037412	ফজা ভাজাকার ভারতীয় রাজাকার এবং ভাদাকার ভারতীয় দালাল এবং র এর এজেন্ট এবং দেশদ্রোহী ও মীর জাফর খাঁটি মোনাফেক	Abusive
10037413	বিজ্ঞ উচ্চ আদালত গত ২০১৩ সালের পঞ্চদশ সংশোধনী বাতিল করেছে তাই ২০১৪ ২০১৮ এবং ২০২৪ সালের নির্বাচন অবৈধ অতএব বিগত ৩ সংসদ পুরো অবৈধ এবং তাদের দ্বারা নিয়োগপ্রাপ্ত সাংবিধানিক পদে যারা রয়েছে রাষ্ট্রপতিসহ সকলেই অবৈধ বিপ্লব কোন কালে কোন দেশে আইন অনুযায়ী হয় না যেমন আমাদের স্বাধীনতা যুদ্ধ পাকিস্তানের আইনসংবিধান অনুযায়ী হয় নাই যারা সংবিধান নিয়ে বেশি বক বক করছে তারা বুদ্ধি প্রতিবন্ধী যারা নিজ দেশের জনগণকে অজ্ঞাত রেখে দেশের স্বার্থ জলাঞ্জলি দিয়ে দেয় তারা দেশদ্রোহী যারা কোন চুক্তি করার আগপর সুবিধা অসুবিধা বিবেচনায় না নিয়ে অন্যের বুদ্ধিতে দেশের প্রাপ্তি জলাঞ্জলি দেয় তারা বুদ্ধি প্রতিবন্ধী ২০২৪ সালে জুলাইআগষ্ট মাসের মাত্র ২০ দিনে ১৪২৩ খুন ২২০০০ আহত অসংখ্য আটক ও গুম সাধারণ শিক্ষার্থীদের উপর হেলমেট বাহিনী লেলিয়ে দেয়া সামরিক বাহিনীর ব্যবহারযোগ্য যুদ্ধাস্ত্র ৭৬২ মিমি সেমি অটোমেটিক রাইফেল টি৫৬ চায়না দিয়ে সরাসরি আক্রমণ ভারতীয় পুলিশ ভাড়া করে এনে শিক্ষার্থীদের উপর ​আক্রমণ মুক্তিযুদ্ধের ৩০ লাখ শহীদ এবং ২ লাখ বীরাঙ্গনা পরিবারকে বাদ দিয়ে শুধুমাত্র জীবিত ২৩৫৪১৯ জন মুক্তিযোদ্ধার পরিবারের তালিকা প্রণয়ন বিডিআর হত্যাকাণ্ড সীমান্তে হত্যাকাণ্ড প্রশ্রয় দেয়া গত ১৬ বছর হাজার হাজার গুম আয়না ঘরে হেলিকপ্টার থেকে গুলি করে নিজ দেশের জনগণকে হত্যা খুন আটক অর্থ পাচার আদানি ও কুইক রেন্টালের মাধ্যমে বিদ্যুতে লুটপাট এ দেশের তথ্য ডাটার নিয়ন্ত্রণ ভারতের হাতে তুলে দিয়ে দেশের নিরাপত্তা বিঘ্নিত করা রাসেল ভাইপারের নাটক সাজিয়ে গত জুন ২০২৪ এ দেশ বিরোধী ১০ টি চুক্তি দেশের স্বার্বভৌমত্ব নাজুক করতে পার্বত্য চট্টগ্রাম থেকে ২৪১ টি সেনা ক্যাম্প প্রত্যাহার আওয়ামীলীগ সরকার কর্তৃক দেশের জনগণকে না জানিয়ে দেশের স্বার্থবিরোধী মোট ২০ টি চুক্তি এবং ৬৬ টি সমঝোতা স্মারক স্বাক্ষর  মাথার উপর শুধু বৈদেশিক ঋণ ৯৪ বিলিয়ন ডলার ৯৪০০ কোটি ডলার টাকায় হিসেব করলে ৯৪০০ ×১২০ ১১২৮০০০ কোটি টাকা এছাড়াও রয়েছে আভ্যন্তরীণ ঋণ ১৬ বছরে পাচার করা হয়েছে ২৩৪ বিলিয়ন ডলার ২৩৪০০ কোটি ডলার টাকার হিসেবে ২৩৪০০×১২০ ২৮০৮০০০ কোটি টাকা যা উন্নয়ন দেখানো হয়েছে তার চেয়ে ঋণ বেশি আর প্রবাসীদের রেমিট্যান্স গায়েব মাতারবাড়ী গভীর সমুদ্রবন্দর থেকে মিজোরাম পর্যন্ত পার্বত্য চট্টগ্রামের ভিতর দিয়ে সীমানা সড়ক বাংলাদেশ অংশ এদেশের খরচে নির্মাণ ধর্ষণে সেঞ্চুরি করেও বিচারহীনতা এস আলমের ২৩০০০ কোটি টাকার ব্যাংক লুটের ঘটনায় তদন্তে নিষেধাজ্ঞা ডি ক্যাটাগরির বাংলাদেশ ব্যাংক গভর্নর দ্বারা বস্তায় বস্তায় টাকা ছাপিয়ে মুদ্রাস্ফীতি ১৪২০ করে অর্থনীতি ধ্বংসকরণ জনগণকে অদক্ষ করতে নাচগানের শিক্ষাক্রম চালু করণ বিগত সরকারের সহায়তায় এদেশ থেকে নিরিহ মানুষকে গুম করে ভারতের কারাগারে আটক রাখা গত ০৫ মার্চ ২০২৫ তারিখে গুম কমিশনের রিপোর্ট অনুযায়ী ১০৬৭ জন অদ্যাবধি ভারতের কারাগারে আটক রয়েছে ০৫ মে ২০১৩ তারিখে শত শত মাদ্রাসার শিক্ষার্থীকে হত্যা কার্যক্রম র এর পরামর্শে নোবেল পুরস্কারের লোভে লাখ লাখ রোহিঙ্গাকে এদেশে ঢুকিয়েছে ফেনীর পাশে মীরেরসরাই এ ১৫০০ একর জায়গা ইপিজেড হিসেবে বরাদ্দ রাজনৈতিকভাবে ব্যবহৃত হচ্ছে দিয়ে পুরো চট্টগ্রাম পার্বত্য চট্টগ্রাম ও কক্সবাজার অঞ্চলকে ঝুঁকিতে নিপতিত করা আমেরিকায় দেশের বিরুদ্ধে বিদেশী প্রধানমন্ত্রীর মোদী পক্ষে ব্যানার ফেস্টুন নিয়ে মিছিল ক্ষমতায় থাকার জন্য বিসিএস প্রশাসন ক্যাডারের কর্মকর্তাগণকে গাড়ি ক্রয় বাবদ ৩০ লক্ষ টাকা ঋণ দেয় এবং গাড়ি রক্ষণাবেক্ষণ বাবদ প্রতি মাসে ৫০০০০ টাকা দিচ্ছে প্রত্যেক সচিবকে প্রতি মাসে ১৬০০০ টাকা বাবুর্চি ভাতা এবং নিরাপত্তা ভাতা বাবদ ১৬০০০ টাকা দিচ্ছে বিগত বুদ্ধি প্রতিবন্ধী সরকার পাসপোর্ট থেকে এ ইসরাইল ব্যতীত সব দেশ লেখাটি মুছে দেয় এবং মুসলমানদের সাথে বিশ্বাসঘাতকতা করে ইসরাইলকে স্বীকৃতি দেয় চামড়ার মূল্য কমিয়ে চামড়া শিল্প ধ্বংসের মাধ্যমে মাদ্রাসা শিক্ষা ব্যবস্থা বিলুপ্ত করণ হায়দরাবাদ এবং সিকিমের মত ভারতের অঙ্গরাজ্য করতে নীল নকশা তৈরি সীমান্তের ওপার থেকে দেশদ্রোহে উস্কানি দেয়া দেশে অন্তর্ঘাতমূলক কার্যকলাপ চালানো সীমান্তে হত্যাসহ বিভিন্ন অনৈতিক কাজ করা সত্ত্বেও অন্ধ সমর্থন মৌলবাদ ফেরাউনের যুগকে মনে করিয়ে দেয় এমন কাজ যারা করেছে তাদের লজ্জায় ফরমালিন দেয়া আছে	Political Hate
10037414	ইনকিলাব জিন্দাবাদ আপনার শেষ কথাটা আমিই বললাম	None
10037415	তুই যে একজন পৃথিবী বাটপার সেটা আজ হানডেট পারসেন প্রমাণ করলি	Abusive
10037416	ওরে বাপ রে ফজু পাগলো তো দেখতেছি বিরাট বড় তালেবর	Abusive
10037417	ফজু	None
10037418	এইসমস্ত ভুয়া লোকদের আইনের আওতায় আনা হোক	None
10037419	পিনাকী নিজেই একজন ছাগল	Abusive
10037420	অতি ভক্তি চোরের লক্ষণ প্রমাণ হলো	Abusive
10037421	ফজা সালা একটা বাটপার	Profane
10037422	এখন ফজা পাগলার কি রায় হওয়ার দরকার	Abusive
10037423	হাসতে হাসতে পেটে খিল ধরে গেল	None
10037424	ফজু পাগলা বানিয়ে বানিয়ে মিছা কথা বলে	Abusive
10037425	ফজলু একটা বাটপার মুকতি যুদ্ধা না তারপর সে বিভিন্ন টকশোতে 24 সের নিন্দা করে ছাত্রদেরকে বলে রাজাকারের ছারা আরও বলে এটা একটা কালো শক্তি এখন সে বলে আমি কিছুই বলি নাই	Abusive
10037426	কলিজ্বার ভাইয়া সৃষ্টিকর্তা আপনার কালেমা নসিব করুন	None
10037427	দাদা ও ফেল করিচ্ছে	None
10037428	আপনি যেভাবে ১৯৭১ এর মুক্তিযুদ্ধ মানেন না সেভাবেই আপনার সঠিক পরিচয় দিন দিন সামনে আসতেছে তাতে স্পষ্ট আপনি স্বাধীন বাংলাদেশের বিপক্ষে আপনি রাজাকারের পক্ষে	Abusive
10037429	ভুয়া মুক্তিযোদ্ধা ওর ভাতা কেনসেল করতে হবেরাষ্ট্রিয়া ভাতা খাওয়ার জ্যন্য ভুয়া সার্টিফিকেট বানাইছে ওর সার্টিফিকেট বাতিল করতে হবে	None
10037430	বাংলাদেশের মুক্তিযোদ্ধার ৬০ ভুয়া মজা পাগলা তাদের ঐ দলের কমান্ডার	Abusive
10037431	বাটপার দেখেছি কিন্তু এই ফজা পাগলা সেরা	Abusive
10037432	পাকিস্তানের জারজ সন্তান বলে মুক্তিযোদ্ধাদের নিয়ে	Profane
10037433	ফজা পাগল ভুয়া	Abusive
10037434	তুমি যে স্বাধীনতা বিরোধী সেটা কিন্তু পরিষ্কার	Abusive
10037435	একজন হিন্দুর কাছে শুনতে হয় ইসলামের ব্যাখ্যা এর চেয়ে বড় বোকামি এই জাতির জন্য আর কি হতে পারে	Religious Hate
10037436	ভূয়ারাই ডাক চিৎকার বেশি করে আবার ভাতার জন্য লাইনের আগে থাকে	Abusive
10037437	তুইত মুক্তি যোদ্ধা	None
10037438	র এর এজেন্ট যদি তুমি না হও তাহলে ইনডিয়া দিয়ে ইউরোপে যেতে সাহায্য করেছিল কে	None
10037439	ফজা পাগলা সব কিছু মুখস্থ করা কথা বলেআমাদের এলাকায়ও এমন ফজা পাগলার মত আছে	Abusive
10037440	মুক্তিযুদ্ধ ও মুক্তিযোদ্ধা দুটোকেই চুদী	Profane
10037441	বয়কট বি এন পি ফজু পাগলা	Political Hate
10037442	ফজা পাগলা কমান্ডার আসিতেছে সোনার সাথেই সবার	Abusive
10037443	ফজা পাগলা ইসলামেরও বড় দুশমন	Religious Hate
10037444	অসম্ভব সুন্দর আলোচনা কৃতজ্ঞতা জনাব	None
10037445	বেশি লাফালাফি করলে যা হয়	None
10037446	ফজু পাগলা ভুয়া	Abusive
10037447	ফজা পাগলা কয়টা গামলা ভইরা হাগলা	Abusive
10037448	আপনার প্রত্যেক ভিডিওর প্রথম পাচ কমেন্ট হলো ভুয়া বট একাউন্ট এরা হাসনাত আব্দুল্লাহ ড ইউনুস ইত্যাদি নাম নেয়	None
10037449	আপনাকে তো হিন্দু নির্যাতন নিয়ে কোন ভিডিও করতে দেখলাম না আপনি কি আসলে হিন্দু	Religious Hate
10037450	খুব সুন্দর কথা বলেন দাদা	None
10037451	এইসব তথ্য এর উৎসর্গ কি কোথায় পেলেন  একটি অনলাইন ব্লগ বা ব্যক্তিগত লেখকের ওয়েবসাইট কোনো অনলাইন ম্যাগাজিন বা আর্টিকেল সেকেন্ডারি সোর্স যেমন পিডিএফ বই বা নথি যেটি স্ক্রিনশট নিয়ে দেখানো হয়েছে	None
10037452	অসাধারণ ডেলিভারি	None
10037453	হায় হায় ফজলু জয়বাংলা হয়ে গেছে	None
10037454	লেংটা সুলেমানের নতুন আবিষ্কার	Abusive
10037455	অত্যন্ত সুন্দর নিখুঁত উপস্থাপনা এবং পর্যালোচনা ইনক্লাব	None
10037456	১৭৯ জনের সামনে ৩ জন ফজা পাগলা	Abusive
10037457	সব এলাকায় এমন মুক্তিযোদ্ধা আছেছিলযারা ভারতে শুধু ট্রেনিং নিছেকিন্তু যুদ্ধের পর দেশে এসে শুধু মুক্তিযোদ্ধা সার্টিফিকেট নিছেআমার এক আত্নীয় ছিল তাই দাদার কথায় যুক্তি আছে	None
10037458	কৃতজ্ঞতা জানাই সত্য কথা বলার জন্য	None
10037459	সঠিক তথ্য তুলে ধরার জন্য কৃতজ্ঞতা জানাই	None
10037460	দাদা আপনাকে কৃতজ্ঞতা	None
10037461	মা মাটি দেশ ফজলুর রহমান এর আছে ছিলো থাকবে তুমি ফেরারি ফেরারি হয়ে পটল তুলিবে	Abusive
10037462	সে যে ভুয়া মুক্তিযোদ্ধা তার বয়সের সাথে মিলে যায় যদিও সে তার বয়স বাড়িয়ে বলে তার বয়স যদি বেশি হয় আনুমানিক ৬৫ হবেএর বেশি কিন্তু হবেনা	Abusive
10037463	চেতনা ব্যবসায়ি	None
10037464	শুভেচ্ছা দাদা আপনাকে	None
10037465	হাহা মজা পেলাম	None
10037466	জামাত তো রাজাকার এটাত অসত্য না	Political Hate
10037467	আপনার যুক্তি ঠিক না	None
10037468	পিনাকী দা মানুষ কে যত কতো অপমান করতে পারে	None
10037469	পিনাকী দা অসাধারণ	None
10037470	সে সবকিছুই ঠিক আছে কিন্তু তুমি যে পশ্চিমাদের দালাল এবং গুপ্তচর ভিত্তিক কাজ করো সেটাও তো সত্যি	Abusive
10037471	মুক্তি যুদ্ধ নিয়ে এদেশে জমজমাট ব্যাবসা করেছে হাজার হাজার ভুয়া মুক্তি যোদ্ধা	None
10037472	তোমার ঘৃণিত ওয়াকার কিন্তু ডাকসু নির্বাচনের আগেই ক্ষমতা নেবে সেই ব্যপারে একটু ভাবো	Abusive
10037473	ফজা পাগলা	Abusive
10037474	কাং‌কি মা‌গির‌ পোলা তুই হ‌লি আসল রাজাকা‌রের বীজ পা‌কি বা‌হিনী চো‌দে তর মত জারজ পয়দা কর‌ছে	Profane
10037475	বাংলাদেশে যারা নিজেদের মুক্তিযোদ্ধা দাবি করে সব ভূয়া শুধু ইস্ট বেঙ্গল রেজিমেন্টের কিছু সেনা পুলিশ ইপিআর আনসারমুজাহিদ এর সমন্বয়ে গড়ে উঠেছিলো নিয়মিত বাহিনী গেরিলা বাহিনী ৩২হাজারেরও কম ছিলো একটা সেক্টরে ১০হাজার যোদ্ধাও ছিলো না বলে না খালি কলসি বাজে বেশি	None
10037476	মুক্তি যোদ্ধা বাতিল কৱ সৱকাৱ	None
10037477	ফজাপাগলা না হাসিনাৱ ভাতাভোগীজানোৱ	Profane
10037478	মোল্লাদের আব্বা এই পিনাকিপাকি জারজ	Profane
10037479	মিতথাচাৱ	None
10037480	ওনার কথা বার্তা আচরণ দেখলেই বোঝা যায় যে উনি ভুয়া	None
10037481	পিনাকি দাদা একটা মালফজু ওর রক্ত এদেশটা ইন্ডিয়া হয়েজাক এটাই ওর জান্নাত যেহেতু ও মুসলমান হতে পছন্দ করেনা	Abusive
10037482	পিনাকি পাগলা তোকে নিয়ে এবার আমরা ভিডিও বানাবো তুই যে বাংলাদেশের ক্ষতি করতেছিস এই যাবৎ কালে সেটা মানুষের কাছে তুলে ধরব	Abusive
10037483	এসব পাগল নিয়ে কথা না বলাই ভালো	Abusive
10037484	তুমি বুয়া বুয়া বুয়া মুক্তিযুদ্ধা ফজলুল পাগলা	Abusive
10037485	ভুয়া মুক্তিযোদ্ধা	None
10037486	পিনাকী ভট্টাচার্য আপনাকে অসংখ্য কৃতজ্ঞতা আপনি যে কথাগুলো বলেন এটা আমাদের জন্য দারুন তথ্য তথ্যগুলো দেওয়ার জন্য আপনাকে আমরা অসংখ্য কৃতজ্ঞতা জানাচ্ছি	None
10037487	অসাধারণ ভাই	None
10037488	আর কথা পাস না রে লেংটা সুলেমান ভিউস তো তোর গেছে পুটকি মারা সারা অইয়া	Profane
10037489	সেই মজা পাইছি	None
10037490	ফজু পাগলা তো বড় চাপাবাজ	Abusive
10037491	ফজা ত পাগল সে যুদ্ধ করেনি যুদ্ধ হয়েছে শোনেছে বা কিছু দেখেছে সব ত আর মনে রাখতে পারেনি আন্তাজ করে বলেছে ফজু মনে করেছে এই গুলি কি কেউ প্রমান করতে আসবে এখন ত ফজু পাগলা পিনাকি দাদার কাছে একেবারে ধরা খাইছে এখন ফজুর কি হবে হায় হায়	Abusive
10037492	আপনার কথা সত্য হলে তাকে কঠিন শাস্তি দেওয়া হবে	None
10037493	দাদা ফেল করেছে	None
10037494	আমিতো ওর কথা শুনেই বুঝেছি ও হলো হেডার যোদ্ধা ওর বক্তব্য দেওয়া ভিডিওতেই কমেন্ট করেছি আগেই	Profane
10037495	সবার কথা কী বইয়ে খোদাই করে লেখা থাকে নাকি শেখ মুজিব ছাড়া তেমন কারোর ওই কথা লেখা নাই	None
10037496	তাড়াইল বাসী পক্ষ থেকে পজো ফাগলাগে জুতা পুরষ্কার দিলাম তাও আবার ছেড়া জুতা	Abusive
10037497	মিল আছে এই ফজা পাগলার সাথে আমাদেস নয়া যোদ্ধা রাকিব চাচার ৭১ এ ফজা পাগলা ফায়ার বলার সাথে সাথে স্টিমার নিয়ে পাকিস্তানী আরমিরা পালাইছে আর ২৪ এ রাকিব চাচার ধর ধর শুইনা পুলিশরা পালাইছে হা হা হা খালি মজা আর মজা	None
10037498	ফজু পাগলা এতো বাটফার  বুরা বয়সে কত বাটফারি করবো	Abusive
10037499	সেলুট পিনাকী স্যার	None
10037500	দাদার পরিশ্রম বৃথা যাবে না	None
10037501	এই ফোজু আসলে পাগল নাএ হারামজাদা চাপাবাজ	Abusive
10037502	শুধু এই ফর্সা পাগলা নয় এরকম কয়েক শত ভুয়া মুক্তিযুদ্ধে দেশে আছে ভাই	Abusive
10037503	দাদা ফজু পাগলা আন্তর্জাতিক মানের টাউট এবং ভুয়া মুক্তিযোদ্ধা তার কার্যকলাপে তা ফুটে উঠেছে চেতনার ফেরিওয়ালা চেতনা রে ব্যবসা করে অনেক টাকা কামাই করেছে ফজা পাগলা এই কারণে আম্লীগ কে সে ভুলতে পারে না	Abusive
10037504	দিনশেষে সত্য জিতে যায় অসত্য হেরে যায়	None
10037505	ফজা পাগলার অসত্য কথা গুলো আজ জনসম্মুখে প্রকাশ হয়ে গেল	Abusive
10037506	অকার আর চুপ্পকে এখনো কেন সড়ানো হচ্ছে না	None
10037507	অকার আর চুপ্পকে এখনো কেন সড়ানো হচ্ছে না	None
10037508	ফজু পাগলা ভূয়া মুক্তিযোদ্ধা	Abusive
10037509	জ্বি ভাই আমি দাদার প্রত্যেকটি ভিডিও দেখি	None
10037510	ফজু পাগলা চাপাবাজ	Abusive
10037511	শুভেচ্ছা দাদা	None
10037512	ওকার আর চুপ্পকে এখনো কেন সরানো হচলছে না	None
10037513	ফজু পাগলের মানসিক চিকিৎসা প্রয়োজন	Abusive
10037514	দাদা মুক্তিযুদ্ধের সময় আপনি কোন চান্দের দেশে ছিলেন মুক্তিযুদ্ধের সময় আপনার ভূমিকা কি ছিল আপনি তো পাকিস্তানি ক্যান্টনমেন্টে ছিলেন ওখানেই তো মনে হয় জন্ম হয়েছে আপনার	None
10037515	পিনাকী ইহুদি জারস	Profane
10037516	তারমানে কি ফজা পাগলা পায়জামা কমান্ডার ছিল	Abusive
10037517	দাদার অসাধারন কোথা গুলার অনেক দামি ৷	None
10037518	ফজু মানেই হাস্যকর আপনার কথায় যুক্তি আছে	Abusive
10037519	ফজার গপ্প শুনে আমার বাল খারা হছে না	Profane
10037520	পিনাকী দাদাকে নতুন করে কিছু বলার নেই সত্যি কথাগুলো এত সুন্দর করে তুলে ধরেন শুভেচ্ছা পিনাকী ভট্টাচার্য দাদা কে	None
10037521	পিনাকির উস্কানিতে দেশের অর্থনীতি আজ পঙ্গু একটা একটা শিল্প কলকারখানা বন্ধ হচ্ছে নতুন কোন বিদেশি বিনিয়োগ নেই এতে লাভ হচ্ছে ভারতের ভারতের পণ্যর উপর আরো বেশি নির্ভর হচ্ছে বাংলাদেশ তার প্রমান মুখে ভারতবিরোধিতা সত্বেও গত ১১ মাসে ইনুস সরকার ভারতের কোন পণ্য আমদানী বন্ধ করেনি বরং বাড়িয়েছে	Political Hate
10037522	চিৎকার করে যে কথাগুরো বলতে চেয়েছিলাম সেগুলো ঠান্ডা মাথায় বলে দিলোবাশটা জায়গা মতো দিছেপিনাকি দাদাকে কৃতজ্ঞতা দেয়ার ভাষা নেইএগিয়ে যান সত্যের পথে	None
10037523	এই ভিডিও টার আশায় ছিলাম গত এক মাস যাবৎ  কৃতজ্ঞতা দাদা	None
10037524	রুমিন ফারহানার মুখোশ উন্মোচন করার জন্য দাদাকে অসংখ্য কৃতজ্ঞতা	None
10037525	কৃতজ্ঞতা পিনাকী দাদা	None
10037526	চমৎকার বিশ্লেষণ দাদা ভাষণ অনেক হয়েছে রুমিন এবার বিদায় নাও	None
10037527	আপনার মতো যোগ্যব্যক্তি এইদেশের জন্য খুবই প্রয়োজন	None
10037528	ঠিক বলেছ মুসলিমদের বাপ	Religious Hate
10037529	স্যালুট দাদা	None
10037530	প্রতিদিন ৩৪ টা টক শো করতে হবে দাদা এরকম প্রতিদিন তিন চার জন করে ওয়াশ দিলে ভবিষ্যতের বাংলাদেশ কিছুটা হলেও শান্তি পাবে	None
10037531	সেই লেভেলের দোচন দিছেন দাদা অসাধারণ	None
10037532	অসংখ্য কৃতজ্ঞতা দাদা সোর্স সহ সত্যি কথাগুলো তুলে ধরার জন্য	None
10037533	সাব্বাস দাদা প্রতিটি কথা খুবই ভালো লাগছে	None
10037534	মুজিব এর জায়গায় রুমিনের ছবি এডিট টা অস্থির	None
10037535	বরাবরের মতো আপনার প্রত্যেকটা উপস্থাপনা অনেক আকর্ষণীয় হয়ে থাকে আপনি বর্তমানে সবচেয়ে আলোচিত একজন ব্যক্তি আমার পছন্দের একজন প্রিয় ব্যক্তিত্ব পিনাকী দাদা প্রেম রইলো আপনার প্রতি	None
10037536	এগিয়ে যান সত্যের পথে পিনাকী দাদাকে শুভেচ্ছা জানায় সবসময় গুরুত্বপূর্ণ কথা তুলে ধরেন ইনকিলাব জিন্দাবাদ	None
10037537	দাদা আপনি আসলেই একটা জিনিস প্রেম রইলো	None
10037538	সত্যকে বিজয়ী ও অসত্যকে কলুষিত করার কঠিন মন্ত্রে সর্বদা অটল থাকুন এই শুভকামনা দাদা	None
10037539	ধুরো মিয়া বেটির বিয়ে হয় না এমনিতেই এখন আর কেউ ছেলেও দিবে না	Abusive
10037540	ছেলে তো অনেক দূর এখন বুড়াও জুটবে না	None
10037541	হিজরা ধরাই দেন	Abusive
10037542	কৃতজ্ঞতা দাদা আপনাকে	None
10037543	পিনাকী দা কুয়েট নিয়ে কথা বলেন এখানে শিক্ষক ছাত্র সব বিলুপ্তি হয়ে যাচ্ছে	Abusive
10037544	ইনকিলাব জিন্দাবাদ বিসফলতা আমাদের হবেই পার্থক্য শুধু একটু সময়ের জন্য অপেক্ষা করতে হবে ইনশাসৃষ্টিকর্তা ইনকিলাব জিন্দাবাদ	None
10037545	দাদা অসংখ্য কৃতজ্ঞতা দাদা	None
10037546	চমৎকার কথা	None
10037547	বিগত 16 বছর আওয়ামী লীগের থেকে সুবিধা ভোগ করেছে এই রুমিন ফারহানা রুমির ফারহানার কথা শুনে মনে হয় এরশাদের সাথে পুরোপুরি মিল আছে	Political Hate
10037548	ওকে দাদা চালিয়ে যান	None
10037549	কৃতজ্ঞতা দাদা এক্কেবারে কড়া ছিল এপিসোডটা	None
10037550	ওর কথাবার্তা শুনে কয়েক দিন যাবত অন্তরে জ্বলতেছিল দাদার এপিসোড থেকে শান্তি লাগলো	None
10037551	দাদা আপনাকে অসংখ্য কৃতজ্ঞতা রুমিন ফারহানার মুখের খুলে দেওয়ার জন্য	None
10037552	দাদা মনে রুমিন ফারহানার প্রেমে পড়ে গেচে এতো ভাল ভাসাই বোলার কি আছে	None
10037553	কৃতজ্ঞতা স্যার	None
10037554	এই তিন ইঞ্চির এতো পাওয়ারএই তিন ইঞ্চির লোড কেউ সামলাতে পারে না	None
10037555	ধন্যাবাদ দাদা	None
10037556	কি অসাধারণ উপস্থাপন কৃতজ্ঞতা দাদা	None
10037557	অসংখ্য শুভেচ্ছা পিনাকে দাদাকে	None
10037558	ভাই আপনার কথা গুলা অনেক মজা করে বলেনশুনতে বেশ ভালোই লাগে আপনাদের কারণে আমরা সত্যি কারে কাহিনী বিস্তারিত জানতে পায় চালিয়ে জান আমরা আপনাদের পাশে আছি	None
10037559	পিনাকি দাদা আপনাকে শুভেচ্ছা	None
10037560	জাস্ট আগুন এনার ভিডিয়ো যত দেখি ততই অবাক হই মুগ্ধ হয়ে না টেনে শুনি সব তোর কোন কোন জায়গায় ব্যথা গো বান্ধবী ললিতা সেই ছিলো ইনকিলাব জিন্দাবাদ	None
10037561	কথাগুলো ভালই লাগলো আলহামদুলিল্লাহ	None
10037562	স্যার আপনি সত্যিই একটা যোদ্ধা  সালাম রইল	None
10037563	চমৎকার এপিসোড দেরিতে হলেও এদের জন্য বিএনপি'র জনপ্রিয়তা বেশ কমে গেছে ইনকিলাব জিন্দাবাদ	Political Hate
10037564	দাদা সেলুট আপনাকে	None
10037565	এই মহিলা একটা নষ্টা এ বিএনপিকে ডুবানোর জন্য কাজ চালিয়ে যাচ্ছে এ একা না এর সাথে আরো অনেক বিএনপির নেতারা জরিতো আছে তা ও বড়ো বড়ো নেতারা জরিতো আছে আমি মনে করি	Political Hate
10037566	উফ দাদা শান্তি শান্তি	None
10037567	এতো সুন্দর করে মানুষের অপকর্ম সুন্দর ভাবে তুলে ধরনে আমাদের বুঝতে অসংখ্য সুবিধা হয়	Abusive
10037568	কৃতজ্ঞতা পিনাকী স্যার	None
10037569	রুমিন আসলেই মদি আর হাসিনার পোডাক্ট	Abusive
10037570	মাননীয় প্রধান উপদেষ্টা মহোদয়ের দৃষ্টি আকর্ষণ যশোরের ভ্যান চালকের মেয়ে মীমের ভর্তি নেয়নি গোপালগঞ্জ বিজ্ঞান ও প্রযুক্তি বিশ্ববিদ্যালয় মীম আখতার শিখা গোপালগঞ্জ বিজ্ঞান ও প্রযুক্তি বিশ্ববিদ্যালয়ের ভর্তি পরীক্ষায় চান্স পায় ভ্যানচালক পিতার মেধাবী কন্যা মিম চান্স পেয়ে পিতার স্বপ্নকে পূরণ করতে খুব চড়াই উৎরাই পেরিয়ে এই বিশ্ববিদ্যালয়ে ভর্তির সুযোগ পান রেজাল্টের পর অনলাইনের মাধ্যমে ভর্তির টাকাও পরিশোধ করেন টাকা পরিশোধ করার পরে কাগজপত্র জমা দেয়ার সময়সীমা ১৭২৫ইং উল্লেখ ছিল কিন্তু মিম ও তার পরিবার ভুলক্রমে বোঝে যে জুলাইয়ের ৭ তারিখে কাগজপত্র জমা দেয়ার নির্ধারিত তারিখ এই ভেবে গত ৭ তারিখে টাকা ধার দেনা করে ও ভ্যান চালিয়ে পাওয়া টাকা নিয়ে যশোর থেকে গোপালগঞ্জের উদ্দেশ্যে রওনা দেন এবং বিশ্ববিদ্যালয়ে কাগজপত্র জমা দিতে চান কিন্তু বিশ্ববিদ্যালয় কর্তৃপক্ষ মিমের কাগজপত্র জমা নেননি এবং মিমের সাথে বিশ্ববিদ্যালয় কর্তৃপক্ষ যোগাযোগও করেননি এ অবস্থায় হতাশ হয়ে যশোরে ফিরে আসেন মীম ও তার ভ্যানচালক পিতা সামান্য এই ভুলের জন্য মীমের বিশ্ববিদ্যালয় ভর্তির সুযোগ কি বঞ্চিত হবে মীমের স্বপ্ন পূরণ হবে না মীম বিশ্ববিদ্যালয় ভর্তির বিষয়ে সহযোগিতা চান অসহায় মেয়েটির পাশে দাঁড়ানোর জন্য সবাই একটু শেয়ার দিন যাতে প্রধান উপদেষ্টার নজরে আসে বিষয়টি	None
10037571	রুমিন ফারহানা বিয়ে হয় নি কিন্তু শারীরিক ব্যাবসা করে	Abusive
10037572	এটা কি করলো পিনাকী দাদা  সবাইতো জেনে গেলো তার সাথে রাতে ১ জন লাগে  এখনতো রুমিন ফারহানা রাতের রেট আরো বাড়িয়ে দিবে	None
10037573	দাদা এবার ঠিক আছে মাগী মনে হচ্ছে তৃপ্তি পাবে	Profane
10037574	তোর কুন কুন জায়গায় ব্যথা গো বান্ধবী ললিতা	None
10037575	দাদার সাথে আছি	None
10037576	র সালাউদ্দিন ফজু পাগলা রুমিন ফাহানা আর গোলাম ময়লা রনি বাংলার মীরজাফর বিএনপির ঘরের ইদুর বেড়া কাটে তারেক জিয়ার উচিত এদের ফুটবলের মত লাতি মেরে বিএনপি থেকে বের করে দেওয়া	Political Hate
10037577	ওদেরকে বের করে দিলে লন্ডনে আরামআয়েশে থাকার খরচ কে পাঠাবে	None
10037578	বিএনপি'র কিছু লোক দাদাকে দেখতে পারে না এখনতারা আগে অসংখ্য ভালোবাসতো উচিত কথা বললে মা ও সন্তানকে দেখতে পারেনা	Political Hate
10037579	সেই হয়েছে দাদা স্যালুট	None
10037580	সত্য কথা তুলে ধরার জন্য কৃতজ্ঞতা দাদা	None
10037581	রাইট অসাধারন দাদা	None
10037582	বাংলাদেশের সামরিক শক্তি দ্রুত বৃদ্ধি করা এখন সময়ের দাবী	None
10037583	দাদা রঙিন ফারহানা কি বিয়ের প্রস্তাব পেলে খুশি হবেন তাহলে আমি সেই ব্যবস্থা করে দিব তবুও তাকে ভালো হয়ে যেতে বলেন	None
10037584	পিনাকিদা আপনার মন্তব্যের অপেক্ষায় রইলাম	None
10037585	রুমিনের নিচতলা ভাড়া দিয়া ইনকাম বেশি হয় বিয়ের কি দরকার	None
10037586	কৃতজ্ঞতা আপনাকে সত্তকে তোলে ধরার জন্য এইটা সত্যি যে দেশের অন্যতম ভন্ড লোক এখন রুমিন  মমতাজ ফারহানা	None
10037587	আন্দোলনের সময়ে রুমিন ফারহানাদের অবদান কি ছিল মানুষ ভাল করেই জানে আর পিনাকী ইলিয়াসরা ঘুমহীন ভিডিও বার্তা দিয়ে মানুষকে জাগ্রত করেছে ইনকিলাব জিন্দাবাদ	None
10037588	কৃতজ্ঞতা পিনাকি দাদা কে	None
10037589	বুনি ফারহানা কে দৌলতদিয়ার এম পি বানানো হউক	None
10037590	আমরা গর্বিত বগুড়াবাসী গর্বিত বাংলাদেশী এমন একটা পিনাকি দা পেয়ে	None
10037591	দাদা ইশ কি যে মজাটা পাইলাম	None
10037592	”র” এজেন্ট শেখ রুমিন ফারহানার দুই গালে  জুতা মার তালে তালে	Abusive
10037593	32 নম্বর ভাঙ্গাতে রুমিন ফারহানা অনেক যন্ত্রণা পেয়েছে কিন্তু আ লীগের আমলে খালেদা জিয়ার বাড়ি ভাঙলো তখন তার কষ্ট লাগেনি	Political Hate
10037594	বিএনপির নেতা গুলা নির্লজ্জ এগুলার শরম নাই	Political Hate
10037595	এই মহিলা বেয়াদপ ইউনূস স্যার না বলে বলতেছে ইউনূস	Abusive
10037596	বিম্পি তোমগের এবার ভোটে জেতা লাগবেনা আমরা জনগণ দেখমু এবার বিম্পি ভোট ক্যমনে পায়	Political Hate
10037597	দাদা প্রেম নিবেন	None
10037598	ব্যারিস্টার রুমিন ফারহানা নিষ্প্রয়োজনীয় বেশ কথা বলে বিএনপির অনেক ক্ষতি করেছে তারেক জিয়াকে তার সম্বন্ধে ভালোভাবে জানতে হবে	None
10037599	দাড়ি পাল্লায় দিলেে ভোট শান্তি পাবে দেশের লোক	None
10037600	রুমিন কে ফজুর সাথে বিয়ে দেওয়ার জন্য অন্তর্বর্তীকালীন সরকার কে আকুল আবেদন জানাই	None
10037601	আপনার মত লোক অন্তত বাংলাদেশের ভালো চান না যে একটা নারীকে সম্মান করতে পারে না তাকে আমি আপনার মত পেনাকা বয়কট করলাম আপনার তো সো আমি নিয়মিত দেখতাম বাট আপনার কাছ থেকে শেখার কিছুই নাই আপনি শুধু কিছু টাকার জন্য সোশ্যাল মিডিয়ায় এগুলো বলে বেড়ান জীবনে অনেক টক শো দেখলাম আপনাদের মত কিছু একটু চ্যানেল এসব লোকদের কারণে আমাদের বাংলাদেশ আজকে মোব কালচারে পরিণত হয়েছে আপনি আজকে যাকে নিয়ে কথা বলছেন তাকে আমি ভালো মানুষ হিসেবে বিবেচনা করি আপনার মত লোক আমার বাংলাদেশের উপকারের জীবনে আসবে না সেটা আমার বোঝা শেষ অতএব আপনার এগুলা দেখে মানুষ দিন দিন মপ সৃষ্টি হয় সমাজে এরকমই জিনিস কে আমি প্রাধান্য দেই না অতএব আপনাকে আমি বরকত করলাম বাংলাদেশ জিন্দাবাদ আপনার কাছ থেকে শেখার কিছুই নেই	None
10037602	ভাই আপনি একটা মাল এডিটর সাহেব পিনাকী দাদা উপরে 'আপনি একটি মাল' ছাপ্পা মাইরা দেন তো	None
10037603	মমতাজের বিএনপি ভার্সন	Political Hate
10037604	নির্বাচনের আগে রুমিন ফারহানার বিয়ে চাই	None
10037605	দাদা তো সব গোমর ফাঁস করে দিলো বাহ দাদা বাহ	None
10037606	কৃতজ্ঞতা দাদাকে	None
10037607	পিনাকী দা কুয়েট নিয়ে কথা বলেন	None
10037608	পিনাকী দা কুয়েট নিয়ে কথা বলেন	None
10037609	পিনাকী দা কুয়েট নিয়ে কথা বলেন ছয়মাস লেখাপড়া বন্ধ করে রাখছে হাজার হাজার ছেলেমেয়েরা বিলুপ্তি হয়ে যাচ্ছে শিক্ষকেরা৷ মানসিক ভাবে সমস্যায়পড়তেছে	Abusive
10037610	পিনাকী দা কুয়েট নিয়ে কথা বলেন	None
10037611	পিনাকী দা কুয়েট নিয়ে কথা বলেন	None
10037612	পিনাকী দা কুয়েট নিয়ে কথা বলেন ছয়মাস৷ বন্ধ কেন	None
10037613	বিএনপি আওয়ামীলীগ এর ভোটার টানতে চাচ্ছে আমার মতো হাজারো জন্মগত বিএনপির সাপোর্টার ভারতীয় নব্য দালাল বিএনপির পাছায় লাথি দিয়ে বেম্পি ছেড়ে বিকল্প খুঁজে নিয়েছে	Political Hate
10037614	দাদা চমৎকার বিশ্লেষণ করেছেন	None
10037615	একটা হারামজাদি ছুরি রুমিন	Profane
10037616	হালার এটা কোন কালার ওস্তাদ এটা কি বাঁশ দিলেন নামটা কন নির্বাচন ডা রুমিন ফারহানার বিয়ে হয়ে যাক	Profane
10037617	যা শুরু করছে বিএনপি একদিন বিএনপিকে ও দেশ ছাড়া করতে পিনাকী দাদা আন্দোলনের ডাক দিতে হবে অপেক্ষায় থাকেন গতকাল দেখলাম হাইব্রিডদের দিয়ে আমার উপজেলা কমিটি মিটিং করছে ত্যাগিদের কোন মূল্যায়ন করছে না যা খুবই দুঃখজনক	Political Hate
10037618	তোর কি ভাতার লগে ইন্ডিয়া  দুঃখের কথা বলা মাড়াইতেসো	Profane
10037619	মনের শান্তি লাগে বন্ধু রুমিন বেহায়া বেলাজা একটা খাচ্চর নোংরা ঘৃণিত লীগের রাতের খাবার কে এইভাবে সবকিছু তুলে ধরে ল্যাংটা করে দেওয়ার জন্য কৃতজ্ঞতা অসংখ্য	Profane
10037620	দাদা এতদিন পরে আমার মনের আরজি টা পুরন করলেন	None
10037621	এই মহিলাটা বিএনপিকে ধ্বংস করতেছে	Political Hate
10037622	রুমন ফারহানা ইন্ডিয়ার পারপাস সার্ভ করছে বিএনপি কে ব্যাবহার করে	Political Hate
10037623	এটা কি করলো পিনাকী দাদা  সবাইতো জেনে গেলো তার সাথে রাতে ১ জন লাগে এখনতো রুমিন ফারহানা রাতের রেট আরো বাড়িয়ে দিবে	None
10037624	ইনকিলাব জিন্দাবাদ	None
10037625	এতদিনে কাজ একটা আছে দাদা	None
10037626	বিএনপিকে সবাই বয়কট করুন	Political Hate
10037627	এই মহিলা আমার চোখের দেখা সবথেকে বড় মুনাফিক গাদ্দার	Abusive
10037628	রুমিন রা তো মনে করে বসেই আছেওরা ক্ষমতায় চলে গেছে	None
10037629	দাদা গোলাম মাওলা রনি আর রঙিন ফারহানা কি কোনোভাবে স্বামীস্ত্রী কিনা বাস্তবিক জীবনে না হলেও রাজনৈতিক প্রেক্ষাপটে এরা দুজন স্বামী স্ত্রী হতেও পারে একটু খোঁজ নিয়েন	None
10037630	এটা কি করলো পিনাকী দাদা  সবাইতো জেনে গেলো তার সাথে রাতে ১ জন লাগে  এখনতো রুমিন ফারহানা রাতের রেট আরো বাড়িয়ে দিবে	None
10037631	যে টকশো তে চাপাবাজী করে চলে তার আবার সম্মান	Abusive
10037632	এটা কি করলো পিনাকী দাদা  সবাইতো জেনে গেলো তার সাথে রাতে ১ জন লাগে  এখনতো রুমিন ফারহানা রাতের রেট আরো বাড়িয়ে দিবে	None
10037633	আরে রুমিন ফারহানা যে স্টারজলসার সদস্য ২ সমান ২ মিলে গেলো	None
10037634	রুমিন ফারহানা আওয়ামী লীগের পা চাটা শুরু করছে একটু শান্তিতে পা চাটতে দেন	Abusive
10037635	আমি কোনো দলের সাপোর্ট করি না বাট বুঝি যে এই পিনাকী একটা বদমাইশ ও ভেজাল ওষুধের প্রস্তুত কারক	Abusive
10037636	রুমিনকে খাইয়ে দিলেন	None
10037637	পিনা কি দাদা এই রুগি ফারানা আওয়ামী লীগের সাথে জোকস সাজস করে নির্বাচন করেছিল তারেক রহমান সাহেব নিষিদ্ধ করার পরও এমপির পথ গ্রহণ করে ভারপ্রাপ্ত প্রেসিডেন্টের কথাও অমান্য করেছিল একে দল থেকে বহিষ্কার করা দরকার	Political Hate
10037638	শেখ রুমিন রহমান	None
10037639	বিএনপিকে জুরা মারি	Political Hate
10037640	আওয়ামীলীগ এর শিকড় অনেক গভীরে প্রোথিত আছে দীর্ঘমেয়াদি পরিকল্পনার মাধ্যমে উৎপাটন করতে হবে	Political Hate
10037641	এই দেশ ধ্বংসস করে দেবে	Political Hate
10037642	রুমিনকে দেখতে শেখের অরিজিনাল মেয়ে মনে হচ্ছে এখানে	None
10037643	কিসের নির্বাচন  বিডিআর এর 57 জন কমান্ডিং অফিসারকে হত্যা করা হয়েছে আওয়ামীলিগের সহযোগীতায় আমার ভোটের অধিকার হরন করেছে আওয়ামীলিগ দেশের টাকা চুরি করে বিদেশে পাচার করেছে আওয়ামীলিগ হাজার হাজার দেশবাসীকে গুম খুন করেছে আওয়ামীলিগ  36শে জুলাই এর আগেপরে গনহত্যা করেছে আওয়ামীলিগ বিভিন্ন হত্যাকান্ডের রায় ছাড়া দেশে নির্বাচন হবে না” – যারাই বিচারের আগে নির্বাচনের পঁয়তারা করবে তারাই জাতীয় শত্রু হিসেবে চিহ্নিত করা হোক তাই বিচার হবে আওয়ামীলিগ ফুল সম্পূর্ন নিষির্দ্ধ হবে তারপরে নির্বাচন  এই জিললু এরা কিসের নির্বাচন চায়  পাঁচ বছর আগে কোন নির্বাচন নয় ব্যবস্থা নে	Political Hate
10037644	36শে জুলাইতেই 32 নং বাড়ীর প্রতিটা ইট খুলে নেওয়া হলে দিনটির পূর্নতা পেতো  এই বাড়ীকে কেন্দ্র করে ভারতীয় গেয়েন্দা সংস্থা ‘র’ আবার তার কার্যক্রম শুরু করবে  তাই দ্রুত এই বাড়ীর প্রতিটা ইট খুলে নেওয়া দরকার দেশের স্বার্থে  দেরী হলে দেশের বিপদ আছে  মাসুদ কামাল  রুমিন ফারহানা ফজলুর রহমান আপনাদের গা জ্বলে ক্যা  ভাংগা হয়েছে ঠিক হয়েছে 36শে জুলাই এর পূর্নতা পেয়েছে	None
10037645	যে ছবিটা এডিট করছে তারে জাতীয়ভাবে পুরস্কৃত করা উচিত	None
10037646	দাদা নির্বাচন আসার আগেই সব মুখোশ দারী ভারতীয় দালালদের জাতির সামনে উন্মোচিত করে দিন ভবিষ্যতে জাতি যেন বিশ্বাসঘাতকদের চিনে ভোট দিতে পারেন ভালবাসা নিরন্তর ইনকিলাব জিন্দাবাদ	Political Hate
10037647	রুমিন ফারহানার চেহারা বঙ্গবন্ধু বঙ্গবন্ধু লাগছে	None
10037648	আগে রুমিন ফারহানার বিয়ে তারপরে নিবার্চন	None
10037649	অনেক গুরুত্বপূর্ণ তথ্য জানতে পারলাম	None
10037650	প্রশাসন এবং আরো উচ্চতা কর্মকর্তা বলবে রুমি ফারহানা ভারতের গোয়েন্দা সংস্থার লোক কিনা বাংলাদেশের উচ্চতম কর্মকর্তা ডি জে তদন্ত করা উচিত সে শুধু আওয়ামী লীগের লোক না সে ভারতের এজেন্টে বাস্তবায়ন করতাছে ইরানের মতন বাংলাদেশ এমন অভিযান চালানো উচিত দাদাকে বলবো আপনি তার ডিটেলস দেন এবং গোয়েন্দা সংস্থা তার পিছে তন্দ করা হোক বাংলার মাটিতে ভারতে গোয়েন্দাগিরি চলবে না	Political Hate
10037651	নির্বাচন এখন চাই না	None
10037652	বাংলাদেশ জামাত ইসলাম	None
10037653	ভুলে আইসা গেছে তুক্কু	None
10037654	বিএনপিকে কেন সরকার থেকে পিটিয়ে নামানো হয়েছিল জনসম্মুখে উন্মোচন করা উচিত	Political Hate
10037655	বাংলার প্রত্যেকটা সচেতন নাগরিকের প্রতি আমার অনুরোধ আমরা আর কোন স্বৈরাচার চাঁদাবাজ দুর্নীতিতে বারবার চ্যাম্পিয়ন সন্ত্রাসীদেরকে আর আমাদের মূল্যবান ভোট দিব না ইনশাসৃষ্টিকর্তা	Political Hate
10037656	রুমিন ফারহানা অনেক জনপ্রিয় নেতৃত্বে একজন নারী তার জনপ্রিয়তা আকাশচুম্বী সুদর্শন কন্ঠে অধিকারী কিন্তু আমি রুমিন ফারহানার এই রকম বক্তব্যে কে সাপোর্ট করি না আমি রুমিন ফারহানা কে উনরোধ করবো এই রকম বক্তব্যে থেকে সঃযোতো হোও	None
10037657	দাদা রুমিনরে একটাবিয়ে দেওয়া জরুরী হয়ে পড়েছে বিয়ে না দেওয়া পর্যন্ত ওর মাথা ঠান্ডা হতিচে না সবসময় মাথা গরম থাকায় উল্টাপাল্টা বকে ভালো একটা ইন্ডিয়ান ছাওয়াল দেখে ওরে বিয়ে দিয়া দেন	None
10037658	এতো দিন তো আওয়ামেলীগের টাকায় চলছেন টাকা আসা বন্ধ হইছে বিধায় আপনাদের এতো জালা উঠছে একটা কথা মনে রাইখেন সামনে বিএনপি কে ও নিষিদ্ধ করা হবে আমরা বাংলাদেশের জনতা ও তাই চাই  বাংলাদেশে আওয়ামেলীগ আর বিএনপির ৫৭ বছরের নোংরা রাজনীতি জনগন আর দেখতে চায় না রুমিন ফারহানা আপনি ডইউনুস স্যার কে নিয়ে যা তা বলে গেছেন কিন্তু তবু তিনি কিছু বলেনি কারণ তিনি আপনার মতো সে সাইকো না টাকা খোর রুমিন ফারহানা বিএনপির ভাইরাস একটা এই রুমিন ফারহানা বিএনপির মেন মেন বড় বড় নেতা কর্মিরা ১০ বছর ধরে আওয়ামেলীগ এর টাকায় ভাগ নিয়ে বসে বসে দিন পার করছেন আর এই জন্যই আওয়ামেলীগের জন্য এত মায়া লাগে তাদের আওয়ামেলীগ বিএনপি সময় শেষ নতুন দলের নতুন বাংলাদেশ দেখতে চায় বাংলাদেশের মানুষ আওয়ামেলীগ আর বিএনপি যাতে আর কোন দিন ও বাংলাদেশের মাটিতে রাজনীতি না করতে পারে সেই ব্যবস্থাই যেনো করে ড ইউনুস স্যার  রুমিন ফারহানা কাউয়ার মতো চিৎকার করলেও আপনারে আর কেউ বিস্বাস করবে না বিএনপি তিনজন নেতার কারণে আগামীতে আর বিএনপি আর ক্ষমতায় আসতে পাবে না ১ নাম্বার মির্জা ফখরুল ইসলাম আলমগীর ২ ভারতের দালাল সালাউদ্দিন আহম্মদ ৩ রুমিন ফারহানা  এরা আওয়ামেলীগের খাষ পা চাটা কুত্তা ছিলো  উনারা ভাবতেন আমাদের নেতা তারেক রহমান দেশে আসতে পারে না খালেদা জিয়ার পা কবরে ঢুকে গেছে একটা ছেলেকে মেরুদন্ড ভেঙ্গে মেরে ফেলা হয়েছে বিএনপি কার উপর ভর করে উঠে দারাবে তার চেয়ে হাসিনা আপা আমাদেরযো যা অফার করেছে রাজি হইয়া যাই তা না হলে আমাদের বিএনপির বাকি কর্মিদের অস্তিত্ব আজীবনের জন্য মুছে ফেলবে আওয়ামেলীগ  সেই ভয়ে ১৫ ১৬ বছর বিএনপির কেউ কোন কথা বলেনি হাসিনা যা যা করছে মির্জা ফখরুল সাহেব তা মেনে নিয়ে ঘাপটি মেরে গাতায় ঢুকিয়ে বসে ছিলেন মানুষ এখ বেশ আপডেট আপনাদের মতো সাইকো না  প্রতি মাসে আওয়ামেলীগের কোটি কোটি টাকা খেয়ে নিহজদের দলটাকে বেশ আগেই জয় বাংলা করে দিয়েছেন আপনারা  এখন আইছে নির্বাচন করতে আগামীতে আপনাদের নিষিদ্ধ করলে সব চেয়ে খুশি হবে বাংলাদেশের জনগন	Political Hate
10037659	দাদা কি ছবি বানাইছে	None
10037660	ওর বিয়া চাই নির্বাচন পরে	None
10037661	২য় মমতাজ হয়ে উঠতেছে রুমিন	None
10037662	দাদা এমন করে কাউকে কিছু বলা কেমন জানি লাগে	None
10037663	সমগ্র বাংলাদেশে সামরিক আইন মার্শাল ল জারি করে সেনাবাহিনী নামিয়ে দিতে হবে অপরাধগুম খুন ধর্ষণ বাপ বাপ করে পালাবে ঘরে ঘরে মাবোন দুর্গ গড়ে তুলুন  জয় বাংলা	Political Hate
10037664	আহহহ এত মজা কেরে সেই স্বাদ গো দাদা	None
10037665	গত ১৫ বছর টকশোতে আসাযাওয়ার সময় শামীম ওসমান লিপ্ট দিত এখন তো আর উনি নাই	Abusive
10037666	নতুন কন্টেন্ট ক্রিয়েটরদের দেখতে চাই	None
10037667	রুমিন ফারহানারা হলো রাজনীতির বেশ্যা	Abusive
10037668	পিনাকী ভাই কে	None
10037669	রুমিন ফারহানা হলো আওয়ামী দালাল	Abusive
10037670	যার নেই কোনো গতি সে করে রাজনীতি	None
10037671	ব্যারিস্টার রুমিন ফারহানা তার ব্যবহারের জন্য তাকে সফলতা বাংলা করে দেওয়া হোক ইনকিলাব জিন্দাবাদ	None
10037672	ইনকিলাব জিন্দাবাদ	None
10037673	খুব ভালো দিয়েছেন	None
10037674	সেই হয়েছে দাদা সেই হয়েছে	None
10037675	আগে বিএনপির মধ্যে রুমিন পরহানা কে ভালো মনে করতাম দাদা আজকে একেবারে ক্লিয়ার করে দিল কৃতজ্ঞতা দাদা মুজিব কোটে ভালো লাগছে শেখ রুমিন পরহানা	None
10037676	এমন গঠনমুলক আলোচনা কেবল আপনার মাধ্যমেই সম্ভব আপনার ভিডিওর অপেক্ষায় থাকি	None
10037677	কাকা আপনি সত্যিটা উন্মোচন করেছেন	None
10037678	ঠিক জায়গায় বাঁশ দিছেন ভাই	Abusive
10037679	মনের ইচ্ছা পূরণ করলেন দাদা	None
10037680	উনি যে পারটেক্স এর এমডির কোলে বসে ছবি তুলছিলেন সেটা দেখান ভাই	None
10037681	সিল টা সেই লাগছে	None
10037682	বিএনপি দলের পদ পেতে টাকা দিলেই হয়	Political Hate
10037683	আগেই বলেনি সব থেকে ভালো লাগছে ডায়নিটার ছবি এডিটকরাটা পিনাকী দাদাকে অসংখ্য কৃতজ্ঞতা	None
10037684	ইউনুস স্যার যদি এক ঘন্টার জন্য হাসিনার মুখুস পরে নিত তাহলে রুমিন ফারহানের অবস্থা কি হতো মঞ্চে ইউনুস স্যারের দুর্নাম করতে প্রার্থনা	Abusive
10037685	রুমিন ফারহানার আসল নাম হোল আওয়ামী লীগ বিএনপি লিওন উরুফে দালাল লিওন	Political Hate
10037686	বাস টা একটু ভালো করে দিতেন দাদা এটা দিয়ে তো আর কিছুই হবে না প্রথম নির্বাচন ছাড়া কিছু বোঝেনা ওকে নির্বাচনের বদল বাঁশ দেওয়া দরকার	Political Hate
10037687	যারা পিনাকী ভট্টাচার্যের চ্যানেল দেখেন তারা কাফির মহানবী স বলেছেন যদি কোন কানকাটা হাফসি মুমিন ইসলামী নিয়ম মেনে চলে তবে তোমরা তার অনুগত থাকিও পিনাকী তো মুমিন নন ইসলামী নিয়ম মেনে চলে না তিনি নাস্তিক তার স্ত্রীও নাস্তিক মুসলিম ছেলেমেয়েরা পৌত্তলিকদের বিয়ে করলে সে বিয়ে হারাম কাজেই পিনাকী তার স্ত্রী পরিচয়ের মহিলাকে নিয়মিত ধর্ষন করছেন এবং তার স্ত্রীর যেনা করার পাপ হচ্ছে এমতাবস্থায় একজন নাস্তিকের কথা শুনে যারা পুলকিত হয় উজ্জীবিত হয় তারা কাফির তাদের নামাজরোজা কোনো কাজে আসবে না	Religious Hate
10037688	তাকে বিয়ে দিয়ে দেয়া হোক নাহলে পাগলামি আরও বেড়ে যাবে	Abusive
10037689	আমি আপনার মতামতে সম্পুর্ণ একমত পোষণ করছি সাংবাদিক আহাদ নীল সিলেট জেলা থেকে কৃতজ্ঞতা	None
10037690	রুমিন ফারহানার আমার মনে হয় পাছায় ব্যথা কেউ একজন বিদেশ থেকে আসলে তার ব্যাথা সেরে যাবে	Abusive
10037691	রাজনীতিবিদ সব অসত্যবাদী আর পল্টিবাজ	Political Hate
10037692	রুমিন পায়খানা কে পাবনায় পাগল খানায় পাটানো হোক	Abusive
10037693	রুমিন পায়খানা কে বিএনপি থেকে বহিষ্কার না করলে বিএনপি আগামী নির্বাচনে ভরা ডুবে হবে নাস্তিক ফজু পাগলা মরা জানাজার নামাজ পড়ানো হবে না চিতায় পোড়ানো হবে	Abusive
10037694	রুমিন ফারহানাকে বাশ দেওয়া হোক অনেকেই দেখতে চাচ্ছিলো দাদা তা দিয়ে দিলো	Abusive
10037695	মানুষের মুখুশ খোলার জন্য দাদা সেরা রেহ	None
10037696	রুমিনকেও ঐ কাম করতে কেউ তাকায়ও না	None
10037697	বাঁশটা সেরা ছিল	None
10037698	নকল বিএনপির জন্য আতংকের আরেক নাম পিনাকি ভাট্টাচার্য	Political Hate
10037699	ভারতের দালাল আরেকটি পাওয়া গেল	Abusive
10037700	দাদা রুমিন ফারহানার ছবিটা সেই হয়েছে মাশা সৃষ্টিকর্তা	None
10037701	দাদা বাংলাদেশে এমন অনেক দেশদ্রোহী আছে যা আমাদের নাগালের বাইরে	Abusive
10037702	ভয় তো পাবেই আগে তো ছাত্রলীগের সাথে ছিল এখন তো আর নাই উনি এখন একা হয়ে গেছে	Political Hate
10037703	লীগের পোলাপান যে উনার বাসার নিছে আইসা গালাগালি করতো উনার জানালা ভেঙে দিতো উনার গাড়িতে ​আক্রমণ করতো সেটা মব না নাকি সেটা সুখ	Political Hate
10037704	পিনাকী হলেন জনগণের কণ্ঠস্বর	None
10037705	দাদা এ বদমাশটাকে নিয়ে আরো আগে একটা ভিডিও বানানোর দরকার ছিল	Abusive
10037706	রুমিন ফজলু হারূন ২০১৮ এমপি দুদু আব্বাস গংরা হিরো আলমের চেয়েও	Abusive
10037707	কৃতজ্ঞতা প্রতারকদের মুখুস উন্মোচন করার জন্য	None
10037708	অসংখ্য কৃতজ্ঞতা দাদা	None
10037709	ইনকিলাব জিন্দাবাদ	None
10037710	বদমাশ মহিলা	Abusive
10037711	আরে দাদা শারীরিক চাহিদা তো খুশি মত মিটাইতে পারেনা মন মেজাজ ভালো থাকে কিভাবে তাই এক এক সময় এক এক রকম উলটা পাল্টা বলে হাদা রাম মহিলা	Abusive
10037712	রুমিনের নিচতলা ভাড়া দিয়া ইনকাম বেশি হয় বিয়ের কি দরকার	None
10037713	আপনি আর ইলিয়াস ভাই সেরা	None
10037714	আবাল মাতারি যেমনে ইউনুস ইউনুস কইতাছেমনে হয় ওর জামাই লাগে	Profane
10037715	ওহ দাদা এই বেয়াদব এর ছবি টা বিশ্বসেরা মোনালিসার ছবির চেয়েও সুন্দর হয়ছে	None
10037716	আরো জোরে ঢলা দেন খ রে	None
10037717	জয় বাংলা জয় বঙ্গবন্ধু	None
10037718	সৃষ্টিকর্তা ই জানে গত ১৫ বছরে কতজন এর খাট কাঁপায়ে রুমিন ফারহানা নিরাপদ ছিল	None
10037719	রুমিনের নিচতলা ভাড়া দিয়া ইনকাম বেশি হয় বিয়ের কি দরকার	None
10037720	আপনাকে পক্ষে কথা কইলেই সঠিক আর আপনাকে বিপক্ষে কথা বলি আপনার খুব খারাপ আরে মিয়া আপনারা তো একটা ফালতু লোক	Abusive
10037721	পিনাকি দাদাএকদম সঠিক কথা বলেছেন	None
10037722	ও বাংলার কটকটি বেগম ফারহানা	Abusive
10037723	কৃতজ্ঞতা দাদা	None
10037724	ঐ মহিলা একটা মুখোশধারী বেহায়া	Abusive
10037725	এখন হবে সেক্স ফেয়ার	Abusive
10037726	সারাদিন মনটা আনচান আনচান করছিলো এই ভিডিওটা দেখার জন্য অবশেষে এখন দেখে ফেললাম কৃতজ্ঞতা পিনাকী দাদ	None
10037727	হেলমেট ব্যবহার করে মনে হয় আপা	None
10037728	আওয়ামী লীগ সরকারের কাছে পল্ট পেয়েছে	Political Hate
10037729	জনগণ ভুলে যায় না জনগণ ভোরে দিবে জায়গা মতো	None
10037730	অসংখ্য কৃতজ্ঞতা দাদা ইনকিলাব জিন্দাবাদ	None
10037731	সুবিধাবাদী	Abusive
10037732	রুমিনরে নোংরা গালি দিবেনা তো কি দিবে এক মুখে ১৪ রকমের কথা ফালতু একটা মহিলা এদের কে ভোট দেয়া মোটেও ঠিক হবেনা	Abusive
10037733	শেখ রুমিন ফারহানা ইদানীং মদ খাচ্ছে প্রচুর কি থেকে কি বলতেছে কিছুই বুঝতেছে না ও ওর গোপন ভিডিও থাকলে প্রকাশ করে দেন ওর বিশ উঠে গেছে বেশি ওর বিশ কমানো দরকার	Abusive
10037734	অনেক দিন ভাবছিলাম আপনি এই শয়তান রে নিয়ে কিছু বলেন না কেন	None
10037735	রুমির একটা বিয়ে ভেবস্তা করেন দাদা	None
10037736	রুমিনের নিচতলা ভাড়া দিয়া ইনকাম বেশি হয় বিয়ের কি দরকার	None
10037737	দাদা ওনার কি রাষ্ট্রে কোন চ্যানেল ছিল না ওনার ইন্ডিয়ান চ্যানেলে সাক্ষাৎ দিতে হলো	None
10037738	রুমীন মুজিববাদীর ফাঁসি চাই	Abusive
10037739	শেখ রুমিনুর রহমান	None
10037740	রুমিন ফারহানা জিয়াউর রহমানের কবরের সামনে যেভাবে হেসেছিল	None
10037741	বিএনপি অলরেডি টাকা খাওয়ানো শুরু করে দিয়েছে ভোটে সফলতাী হ‌ওয়ার জন্য এদিকে যথেষ্ট খেয়াল রাখবেন দয়া করে	Political Hate
10037742	শামীম ওসমান কে অনেদিন না পাইয়া দালাল রুমিন অস্থির হইয়া গেছে এবং আবোল তাবোল বলতেছে  বর্তমান ছবিটা পুরোপুরি খাপ খাইছে	Abusive
10037743	এক্কেবারে ঠিক আছে দাদা	None
10037744	উচিৎ শিক্ষা হলো	None
10037745	তুই হালা যারে ভাল্লাগেনা তারেই উল্টাপাল্টা কছ এটাই তোদের ভিডিও কইরা খাওয়া	Profane
10037746	আরে মূর্খ সব ইউটিউবার ভিউ থেকে ইনকাম করতে পারে'না ইনকামের করার কিছু শর্তাদি রয়েছে দাদা পিনাকী দাদা'তো ফ্রান্সে ভালো চাকুরীতে আছেন সাথে পিএইচডির থিসিস নিয়ে ব্যস্ত আছেন	None
10037747	১৫ তারিখ যে লুঙ্গি ড্যান্স করা হয়েছিল রুমি বেশ্যা সেটার কথা বলেছে পিনাকী ভাই সেটা ভুলে গেলেও ঐ বেশ্যার মনে এত কষ্ট গেছে যে সে ভুলতে পারে নাই	Profane
10037748	আওয়ামী আমলের সেই টিভি চ্যানেলগুলো এখনো কিভাবে সুরক্ষিত থাকে আমার বুঝে আসেনা	Political Hate
10037749	পিনাকী যখন দেশকে গৃহযুদ্ধের দিকে টেলে দিবে তখন আমরা বাঙ্গালীরা বুঝিবে	Abusive
10037750	ভারতীয় দালাল হাসিনা ও সকল আওয়ামীলীগের জারজদের ফাঁসি চাই	Profane
10037751	‌কি খাই‌ছে মান্দাতা আম‌লের গ‌ঞ্জিকা খাই‌ছে	None
10037752	দেরিতে হলেও শেখ রুমিন ফারহানা কে চিনতে পারলাম দাদা	None
10037753	আমি ভিডিও টা একদিন পর দেখলাম দাদা যা বলছে বা যে ভাবে বুঝিয়েছেন আমরাতো বুঝলাম এখন যদি রুমিন ফারহানা একটু বুঝতো এই রুমিন ফারহানাকে একটা সময় দেশের অর্ধেকেরও বেশি মানুষ পছন্দ করতো সেই যায়গা রুমিন নিজে নষ্ট করে ফেলছে	None
10037754	দাদা আপনার প্রায় ভিডিও গুলো দেখা হয় যদি আপনার ভিডিও গুলো এডিট করে ছাড়ি আপনি কিছু মনে করবেন না	None
10037755	একটা চাদাবাজ বিরোধী মহাসমাবেস হোক	Political Hate
10037756	২৯০ জন শিশু হত্যার দায়ে পিনাকী পলাতক	None
10037757	শেখ রুমিন ফারহানা আসলে যৌবনের টেলায় আবুল তাবুল কথা বলতাছে তার দ্রুতও বিয়া দেওয়া দরকার সব ঠিক হয়ে যাবে	Abusive
10037758	তারে বিয়ে করার জন্য ফজু পাগলা ওরফে বুইড়া ফজা নাকি এক পায়েখাঁড়া	Abusive
10037759	ব্রাহ্মনবাড়িয়া ২ আছি দেখোমনে কিভাবে পাস করে বেহাইয়া রমিন	None
10037760	কৃতজ্ঞতা প্রিয় দাদা	None
10037761	পিনাকী ভাই আপার বিয়ের গেরা উঠছে আপনারা আপার মনের আশা পুড়ুন করতে পারতেছেন না ভাই	None
10037762	উনাদের নিচতলা ভাড়া দিয়া ইনকাম বেশি হয় বিয়ের কি দরকার	None
10037763	ইস্কন রুমিন ফারহানা	None
10037764	আমি তো অসংখ্য আগে থেকেই বলছি দাদা বেশ কমেন্টে এটা শামীম ওসমানের জিএফ আজকে আপনি সেটা ভাঙিয়ে দিলেন ভালো লাগছে ভাই ভালো লাগছে	None
10037765	সেই দেলেন তো দাদা	None
10037766	শেখ রুমিন ও ফজু পাগলা কে জয়বাংলা করে দিলেন দাদা	Abusive
10037767	পিনাকী দা একটা মাল রে বা	Abusive
10037768	রুমিন ফারহানারা মাতাল হয়ে গেছে নিষিদ্ধ আওয়ামী লীগের ভোট নেয়ার জন্য	Abusive
10037769	দাদা শেষ মেস ছিল মেরেছে তার মানি জয় বাংলা হয়ে গেছেন	None
10037770	জায়গা মতো মলম লাগিয়েছেন কৃতজ্ঞতা আপনাকে	None
10037771	বি এন পির নেকারা হয়েছে সস্তার ছুচা  লোভী	Political Hate
10037772	কৃতজ্ঞতা দাদা ইনকিলাব জিন্দাবাদ	None
10037773	আগে বেশ্যার বিয়ে তারপর নির্বাচন	Profane
10037774	সোহরাবউদ্দির বডিগার্ডের মেয়েটা ভিতরে ভিতরে স্বৈরাচারের পক্ষে তারও বিচার হওয়া উচিত এতদিন বিয়ে না করার কারণ কি তার চরিত্রগত সমস্যা আছে ১০০	Abusive
10037775	রুমিন ফারহানা ও ফজলু ডিএনএ টেষ্ট করা দরকার তাদের বাপের পরিচয় নিশ্চিত করার জন্য	None
10037776	রুমিন মুজিব ছবিটা আনেন সুন্দর হরেছে	None
10037777	রমেন ফারহানার শেষের ক্লিপটা এটা একটা ইন্ডিয়ান উস্কানে মূলক চ্যানেল	Abusive
10037778	নির্বাচন চাই শুধু নেতারা জনগণ কোন নির্বাচন চায়না	Political Hate
10037779	সত্য জিন্দাবাদ	None
10037780	বিএনপি আওয়ামী লীগ ভাই ভাইএরা দুদলেই ফেশিবাদ	Political Hate
10037781	রুমিনতো গেছে একেবারে গেছে এতবড় আওয়ামী লেসপেন্সার	None
10037782	ইনকিলাব জিন্দাবাদ	None
10037783	ইনকিলাব ইনকিলাব জিন্দাবাদ জিন্দাবাদ	None
10037784	বঙ্গবন্ধু রুমি ফারজানা	None
10037785	কৃতজ্ঞতা দাদা সময় উপযোগী বাঁশ দেওয়ার জন্য	None
10037786	দাদা সময় এসেছে সেই সকল ব্যক্তি ও গোষ্ঠীর মুখোশ উন্মোচন করার যারা দেশের স্বার্থবিরোধী কাজ করেছে তাদের অন্ধকার ইতিহাস জনগণের সামনে তুলে ধরতে হবে যাতে ভবিষ্যত প্রজন্ম এই কদর্যতার পাঠ নিতে পারে এবং কখনোই এই ধরনের বিশ্বাসঘাতকতা সহ্য না করে ইনকিলাব জিন্দাবাদ	None
10037787	রুমিন ফারহানা আগে বিয়ে করুন তারপর নির্বাচনে আসুন	None
10037788	আমরা পিনাকি দাদার সাথে আছিপ্রয়োজনে র এর এজেন্ট রুমিন ও সালা উদ্দিন এর বাসা ও ভেঙে দিবো	None
10037789	শামীম ওসমানের মায়ার মানুষ রুমিন ফারহানা	None
10037790	দাদা সময় এসেছে সেই সকল ব্যক্তি ও গোষ্ঠীর মুখোশ উন্মোচন করার যারা দেশের স্বার্থবিরোধী কাজ করেছে তাদের অন্ধকার ইতিহাস জনগণের সামনে তুলে ধরতে হবে যাতে ভবিষ্যত প্রজন্ম এই কদর্যতার পাঠ নিতে পারে এবং কখনোই এই ধরনের বিশ্বাসঘাতকতা সহ্য না করে ইনকিলাব জিন্দাবাদ	None
10037791	পেনিক ভুট্টো একটা ইহুদি দেশদ্রোহী	Religious Hate
10037792	আহা মুজিবের কপি	None
10037793	দাদা শুকনায় ধুইয়ে দেন	None
10037794	দাদা এতোকিছু রিচার্ছ করার সময় পান কোথায়	None
10037795	বাঁশ দিতে হলে অপেক্ষা করতে হয় আজ তার ষোলকলা পূর্ণ হল অবশেষে জয়বাংলা হয়ে গেল ধন্য দাদা	None
10037796	রুমিন বিএনপি'র নোটি	None
10037797	পিনাকী দা কি দিয়ে কৃতজ্ঞতা দিব বুঝতেপারছি নাহ	None
10037798	ভালো নাম খাস দালাল রুনিন আপার পছন্দো হবে	Abusive
10037799	দাদা তো দিনে দিনে এক দম ফাটিয়ে দিচ্ছে সাবাস দাদা	None
10037800	আওয়ামী লীগের ছিল মমতাজ আর এখন হইছে	Political Hate
10037801	উন্নত বিশ্বের রাজনীতিতে এরা পাত্তাই পাবেনা ব্যারিষ্টারী করে ভাত খাইলে ওর ঢের ভাল হত	Abusive
10037802	হাজার বছরের শ্রেষ্ঠ দেশপ্রেমিক বাঙ্গালি পিনাকী ভট্টাচার্য  দাদা ইনকিলাব জিন্দাবাদ	None
10037803	ইনকিলাব জিন্দাবাদ বেশ্যার ছাদের দেশের মাটিতে কোন ঠাই নাই একটা একটা করে সব গুলারে জয় বাংলা করা লাগবে	Profane
10037804	পিনাকী দাদা ধরে না ধরলে আবার ছাড়ে না	None
10037805	এটারে বিয়া দেন সব ঠিক হয়ে যাবে	None
10037806	ইনকিলাব জিন্দাবাদ	None
10037807	দাদা আপনি এগিয়ে যান আপনি থামবেন না বাংলাদেশের মানুষ আপনার পাশে আছে	None
10037808	নির্বাচন করে যদি সেই চোরদেরই আনা লাগে তাহলে আওয়ামীলীগ কি করছিলো	Political Hate
10037809	মনের কথা	None
10037810	দিলেন তো আছোলা	None
10037811	রুমিন ফারহানা কে লাল কার্ড	Abusive
10037812	রুমিন ফারহানা দেশেরজন্য হুমকি	Abusive
10037813	ভাই আপনি যতই কিছু বলেন না কেন শেখ হাছিনা দেশের জন্য বেশ কিছু করছে ভালো কেও নাই সবাই একি জনগন এখন সব বুঝে এখন এত বক বক করেন আপনি দেশের জন্য কি করছেন	Abusive
10037814	আওয়ামী লীগ এর টাকা খাইতো রুমিন ফারহানা আন্তর্জাতিক বাটপার এই মহিলা	Political Hate
10037815	দাদা প্রতিবেদন টা দারুন হয়েছে	None
10037816	দাদা দয়া করে নির্বাচন না দিলে ভালো হয় মানুষের আরো ভালো করে বুঝোক বিএনপি কতটা ভারতের লেম্পেনচারি  5 বছরের আগে কোন নির্বাচন চাই না আমরা	Political Hate
10037817	রুমিনের সারা অঙ্গে ব্যাথা ঔষধ দেবে কোথা	None
10037818	গতকাল দাদার ভিডিও দেখে ঘুমাইলাম পরেদেখি ঘুমের ঘরে রুমিন ফারহানাতো পরে আর কি উর মেরে চুর উঠে দেখি লুঙ্গি আমার ভিজা	Profane
10037819	দাদা একটা ভুল হইছে আপনার ভিডিওতে রুমিন ফারহানার কথা বলার ঢং দেখে তাকে চোরের বউ  চুন্নি বললেন না কেন দাদা আশা করছি কোনো একটা ভিডিওতে তাকে চুন্নি বলা হোক বলতে হবে	Abusive
10037820	মব সৃষ্টি করা মুল উপাদান এই মালাউন রাজাকার	Religious Hate
10037821	বাঁশ দিতে হলে অপেক্ষা করতে হয় আজ তার ষোলকলা পূর্ণ হলঅবশেষে জয়বাংলা হয়ে গেল ধন্য দাদা	None
10037822	এই ২০২৪ এর ফ্যাসিষ্ট ও ইসলামের শত্রু হটাও মুক্তিযুদ্ধের দেশদ্রোহীরাজাকার এর মুখোশ উন্মোচন করার জন্য আপনাকে অসংখ্য কৃতজ্ঞতা এ কত বড় মাপের বাটপার এরা শুধু মুখে নাটক করে	Abusive
10037823	দাদা ছবি টা সেই হয়েছে	None
10037824	হে হে হে হে ভালো লাগলো কথাগুলো	None
10037825	দাদা হাতে সুতা বাদা দেখেন নাই	None
10037826	রুমিন ফারহানার সাথে ভারতে পালানো আওয়ামী লিগের পীর এ কামেল হাসিনা ওয়াজেদ মিয়া ফরিদপুরীর টেলিফোনে যোগাযোগ আছে	None
10037827	এই দালাল মহিলার জন্মের সমস্যা আছে মনে হচ্ছে	Abusive
10037828	জয় বাংলা রুমিন ফারহানা শুভেচ্ছা দাদা শেখ রুমিন ফারহানা কে জয় বাংলা করার জন্য	None
10037829	বিশ্লেষণ টু দ্যা পয়েন্ট	None
10037830	পিনাকী তোমার এতই জনপ্রিয়তা তাহলে সামনে আসোনা কেন ছোট ভাই	None
10037831	দাদাআপনার ভিডিও গুলা কপি করে ফেসবুকে আপলোড কারার অনুমতি দিবেন	None
10037832	রুমিন নাম্বার ওয়ান লীগের দালাল মিথ্যুক পল্টিবাজ	Abusive
10037833	ছাত্রজনতার ঐক্য জিন্দাবাদ ইনকিলাব জিন্দাবাদ	None
10037834	পিনাকী দাদা আপনাকে কৃতজ্ঞতা জানাই আপনি যে মিশিন দিয়ে মুজিবের মেয়ে বানিয়ে ছিলেন অসাধারণ হাসিনার আপন বোন	None
10037835	বিশ্লেষণ টু দ্যা পয়েন্ট	None
10037836	তোর কোন কোন জায়গায় ব্যথা রে শেখ রুমিন ফারহানা	None
10037837	মনে করছিলাম রুমিন ফারহানা কে বিয়ে তার মনের সব দূর করব কিন্তু শালার দেখি যে তার আগেই শামীম ওসমান তার মনের ব্যথা দূর করে ফেলছে	Profane
10037838	বান্ধবি ললিতা	None
10037839	শেখ রুমিন ফারহানা আপা আপনি বি এন পি থেকে নির্বাচন করবেন  আসেন আপনাকে নির্বাচন করাই একদম লাফ দিয়ে পাশ করে ফেলবেন আপনিও পাশ বি এন পিও পাশ শেখ রুমিন আপা	Political Hate
10037840	বাংলাদেশের দ্বিতীয় মমতাজ	None
10037841	বিএনপি এদের জনপ্রিয়তা কেড়ে নিয়ে ত্যাগী নেতাদের মনোনয়ন দিবে এটাই জিয়াউর রহমানের ছেলে তারেক রহমান এর কৌশল হতে পারে এদের কারণেই বিএনপির আন্দোলন সফলতার মুখ দেখে নাইএরাই হয়তো সকল তথ্য ফাঁস করতে পারে নইলে খালেদা জিয়ার মত লোককে অসত্য মামলায় জেল খাটতে হয়	Political Hate
10037842	গুজবের ক্ষেত পিনাকি	Abusive
10037843	আসলেই যাদেরকে ভালো মনে করছিলাম তাদের কি অবস্থা ছি	None
10037844	এই মহিলা বেয়াদপ ইউনূস স্যার না বলে বলতেছে ইউনূস	Abusive
10037845	এই মহিলা বেয়াদপ ইউনূস স্যার না বলে বলতেছে ইউনূস	Abusive
10037846	ইনকিলাব জিন্দাবাদ	None
10037847	এই মহিলা বেয়াদপ ইউনূস স্যার না বলে বলতেছে ইউনূস	Abusive
10037848	বাংলার মমতাজ	None
10037849	সামিম ওসমানের রাতের খাবার ছিলো রুমে ফারহানা	None
10037850	নেংটির জাত কোনও দিন ভালো হয় না	Abusive
10037851	থাক বাদ দেন দাদা বেটি ছাওয়ালের বুদ্ধি শুধি একটু কমই	None
10037852	রুমিন দাদাদের কাছে পাছা মারা দেয়	Profane
10037853	বিএনপির কিছু মাথা মোটা নেতার জন্য জনপ্রিয়তা কমতে শুরু করছে	Political Hate
10037854	সুন্দর হয়েছেএদেরকে জাতি ঘৃনা করে	Abusive
10037855	এই রুমিন ফারহানকে ১০ হাজার টাকা হলে ও বিচানায় চলে যাবে	Abusive
10037856	শামীম ওসমানের সাথে অনেকদিন খেলাদুলা হচ্ছেনাতো তাই উল্টাপাল্টা কথা বের হয়	Abusive
10037857	রুমিন মনেহয় গাজা খায়	Abusive
10037858	জামাতের নতুন আমের পিনাকী	Political Hate
10037859	রুমিন মাতারিদের মতো লোকদের জন্য বিএনপি ছাড়ছি	Political Hate
10037860	ইনকিলাব জিন্দাবাদ	None
10037861	কৃতজ্ঞতা স্যার এই নির্লজ্জ মহিলাকে এইভাবে শিক্ষা দেওয়ার জন্য	Abusive
10037862	শামীম উসমানেরে কয়বার খাওয়াইছে	None
10037863	এভাবেই বি এন পি হুগা মারা খাবে	Profane
10037864	হ্যাঁ দালাল দেশের সাম্প্রতিক দেশের কাজে মহিলা মিশে যেতে নেই মাথায় বুদ্ধি নাই ইভিনিং এর দালাল এই বিডি ইন্ডিয়ান দালাল শেখ হাসিনার সাথে মনে হয় আমার টাকা খাইছে	Abusive
10037865	দাদা আজকে খাইয়া দিছে আপারে	None
10037866	অসাধারণ	None
10037867	রুমিনের মতো খারাপ মতলব বাজ রাজনৈতিক ব্যক্তিদের কারণে দেশের আজ এই অবস্থা	Political Hate
10037868	হাসনাত আবদুল্লাহকে যা বললেন কণ্ঠ শিল্পী নাসির	None
10037869	দাদা আপনি আর ভালে হইলেন না গান টা আরেক বার ভাযুক দাদা	None
10037870	হাসনাত আবদুল্লাহকে কটাক্ষ করলেন শিল্পী নাসির	Abusive
10037871	নাজমুল	None
10037872	দাদা আপনি একজন মহান নেতা	None
10037873	দাদাকে আমি মন থেকে দুয়া করিআপনি সত্যিকারের দেশপ্রেমিক	None
10037874	টাংপাড়ার মাসির ছেলে দেশে এসে এই সব কথা বলেন না কেনো জন্মস্থান দেখতে মন চাই না	None
10037875	সবাই পরীক্ষিত এবার জামায়াতে ইসলামীকে পরিক্ষা করুন	None
10037876	এই মহিলা আওমিলিগের দালাল হিসেবে বহল আছে আর ফজলু পাগলা আগে আওমিলিক করতো আর এখনো করে	Abusive
10037877	সাব্বাশ দাদা পুরো ফাটিয়ে দিয়েছেন	None
10037878	রুমিন ফারহানার হাতে প্রায় লাল সুতো দেখা যায় যেটা বিজেপির প্রতীক	None
10037879	তরেও পি ডা নি হয়বোরে তুই দেশে আয় খালি	None
10037880	সেই বলছেন দাদা	None
10037881	এই মহিলার এতো জলে কেন আমি বুজিনা এই মহিলা বিএনপির সঙ্গে কিভাবে থাকে আপনারাই বলেন	Political Hate
10037882	দারুন এপিসোড	None
10037883	জনগণের সাথে প্রতারণা ফল জনগণ ভোটের বাক্সে দিবে রুমিন ফারহানা যে আসনে দাড়াবে সেই আসনের বিরোধী পার্থীর কিছু করা লাগবে না সেই আসনের মোড়ে মোড়ে মাইকে মাইকে এই পিনাকী দাদার এই এপিসোড এম পি থ্রী আকারে শুধু বাজাবেন	Political Hate
10037884	রুমিন দুর্গন্ধ হয়ে গেছে ভোট শেষ —	Abusive
10037885	ভাউতাবাজি বন্ধ করে ভালো হয়ে যান এখনো সময় আছে	Abusive
10037886	দাদা খাম্বা তারেককে নিয়ে কিছু বলেন	Abusive
10037887	শুভেচ্ছা দাদা এই বেয়াদব মহিলার মুখোশ উন্মোচন করার জন্য	None
10037888	পিনাকি দাদা ফজলুর মুখোশ টা উন্মোচন করুন	Abusive
10037889	সে তো আন্তর্জাতিক হিজড়া তাকে অসংখ্য আগে ধরা উচিত ছিল	Abusive
10037890	রুমিন পাগল	Abusive
10037891	দাদাকে অসংখ্য বেশ শুভেচ্ছা সঠিক সময়ে সঠিক সত্য প্রমাণ দেওয়ার জন্য কৃতজ্ঞতা	None
10037892	দাদা ওদের জন্য হাসিনা ঠিক ছিলো	None
10037893	মামা পিনাকি পিনিকে আছে হালায় কি পরিমান গান্জা খায় একটু চিন্তা করেন পিনাকি তুই পালিয়ে দেশ ছারলি কেন দেশের বহুত ক্ষতি করে এখন কি একটা পাট নিয়া কথা বলে যেন দুধে ধোয়া তুলসি পাতা	Abusive
10037894	রুমিন জয় বাংলা	None
10037895	ইলিয়াসপিনাকী এ প্রজন্মের আইডল যারা বুঝবে না তাদের সোজা আকাশে অসংখ্য তাঁরা দেখবে	None
10037896	রুমিন কে টাকলা মুরাদ এর কাছে পাঠানো হোক	Abusive
10037897	ছি ছি রুমিনা	None
10037898	রুমিন শেখ	None
10037899	দাদা আরো কঠিন কিছু একটা আসা করছিলাম	None
10037900	দাদা আপনাকে অসংখ্য কৃতজ্ঞতা ইপিসোট টা করার জন্য	None
10037901	দাদা	None
10037902	রুমিনের কুশপুত্তলিকা পোড়ানো আর বড় ছবি নিয়ে আওয়ামী লীগের দালাল বলে জুতা পেটানোর আয়োজন করেন	Abusive
10037903	রুমিন ফারহানা হাওয়্যামিলীগের ল্যাসপ্যান্সার	Political Hate
10037904	আপনারে যে দেখতে না পারে সেও এ পর্ব কে ভালোবাসবে  এমন মহিলা বা পুরুষরা যে দলে থাকে তারা জোড় করে ক্ষমতায় আসলেও টিকে থাকতে পারবে কি	Abusive
10037905	এই রুমিন ফারহানারাই বিএনপির ভিতর ঘাপটি মেরে থাকা আওয়ামীলীগের দালাল বিএনপির এই আওয়ামীলীগের দালালদের কারনে অতীতে ব্যর্থ হয়েছে রুমিন ফারাহানা গত ১৮ বছরে কয়দিন জেল খাটছে গত ১৮ বছর সেজেগুজে টকশো করছে টকশোতে শামিম ওসমানের সাথে পর্দার আড়ালে আড্ডাবাজি করেছে৷ রুমিন ফারহানা গত ১৮ বছর আওয়ামীলীগের দালাল ছিল  তাই তার কিছু হয় নাই	Political Hate
10037906	ইনকিলাব জিন্দাবাদ	None
10037907	জামায়াতে ইসলামী জিন্দাবাদ	None
10037908	এসব ফালতু বিষয় নিয়ে ভিডিও বানালে পিনাকী নিজেই জয় বাংলা হয়ে যাবে ভালো কোনো যুক্তি দেখাতে পারে নাই পিনাকী নির্বাহী ক্ষমতা কি জানে প্রধান মন্ত্রী আর প্রধান উপদেষ্টা এক জিনিস নয় তাই নাম ভিন্ন	Abusive
10037909	রুমিন আওয়ামী লীগের খাস দালাল	Abusive
10037910	শেখ রুমিন রহমান নাম দেয়া উচিৎ ছিলো	None
10037911	জাউরা সিল মেরে দেন	Profane
10037912	ফালতু মহিলা	Abusive
10037913	পিনাকী ️	None
10037914	বাংলাদেশের আরেকটি দর্নীতি বিভাগ রাজউক আমি মনে করি এদের সমস্ত কার্যক্রম কম্পিউটার ভিত্তিক করা জনগন অন লাইনে দরখাস্ত করা কাগজপত্র জমা দেয়া ট্রেকিং ব‍্যাবস্হা করা কোন কাজ ৪৫ দিনের মধ‍্যে জনগণ সেবা না পেলে  সেই ফাইল নিয়ে রাজউকের কর্মচারীদের গতিবিধি লক্ষ‍্য করাএবং শাস্তির ব‍্যাবস্হা করা গত বিশ বছরের রাজউকের কর্মচারীদের সম্পদ দুর্নীতি দমন কমিশনের মাধ্যমে চেক করা একটা উচ্চ পর্যায়ের কমিটির মাধ্যমে সমস্ত কর্মচারীদের কাজের তথ‍্য নেয়া  এই বিভাগের একজন পিয়ন মনে হয় শত কোটির মনিব অফিসাররা হাজার কোটির মনিব	None
10037915	রুমিন আর কাউয়া কাদের মাঝে কোন পার্থক্য নাই	None
10037916	রুজিব ফারহানা	None
10037917	এতো দেরি করা ঠিক হয়নি দাদা	None
10037918	রাজনৈতিক মাগি	Political Hate
10037919	শামীম ওসমান এর খাবার	None
10037920	ভাতারীকে নিয়ে ইলিয়াস ভাইয়ের ভিডিওর অপেক্ষায়	Profane
10037921	রুমিন ফারহানা ফজলুর রহমান সালাউদ্দিন ভারতের দালাল বাংলাদেশের জনগণ এদেরকে বয়কট করা উচিত	Abusive
10037922	দেরিতে হলেও রুমিন ফারহানা মতো মুখোশ উন্মোচন করলেন তিনি নিজেই আওয়ামী লীগের মতোই এদের আচরন এদের দরকার ক্ষমতা লুটপাট করা বয়কট করি ইন্ডিয়া দালাল স্বৈরাচার হাসিনার প্রেতাত্মা রুমিন ফারহানাকে	Political Hate
10037923	রুমিন ফাফহানারুমিন ফাকহানা	None
10037924	রুমিন ফারহানা ফজলুর রহমান সালাউদ্দিন ভারতের দালাল বাংলাদেশের জনগণ এদেরকে বয়কট করা উচিত	Abusive
10037925	ফ্রীডম পার্টির ব্যাপারে আলোচনা করবেন আশা করি দলটি কিভাবে দাড় করানো যায় সেই ব্যাপারে উদ্বোগ নেয়া যায়	None
10037926	এই শালীরা দেশের শত্রু	Profane
10037927	দালাল রুমিনফারহানা রুমিনফারহানা	Abusive
10037928	দালালরাহানা	Abusive
10037929	রুমিন আপাকে ভালবাসতাম কিন্তু সে এমপি মন্ত্রী হওয়া জন্য পাগল হয়ে গিয়েছ	None
10037930	বুলডোজার তোর পাচায় ডুকাবে পাগল	Abusive
10037931	এই ভিডিওটা দেখে আমি ভাবছিলাম শুধু কমেন্ট পড়ব কিন্তু ২০ হাজারেরও বেশি কমেন্ট আমি কিভাবে পড়বো যাই হোক যা বুঝলাম পিনাকী দাদায় রুমিন ফারহানা কে যেভাবে ধুয়ে দিলআমার মনে হয় বিএনপি রুমিন ফারহানার বিরুদ্ধে ব্যবস্থা নিবে	None
10037932	দাদা আপনার কদমে আমার কদমবুচি রয়েছে	None
10037933	ট্যালেন্ট কুট কুট করে ভরা	None
10037934	এই রুমিন ফারহানা কে অনেক আগে থেকে ই মন থেকে ঘৃণা করি	Abusive
10037935	ছি রুমিন ফারহানা	None
10037936	পিনাকী দা  থাক না বেডি মানুষ মুখ থেকে যা তা বের হয়ে যায় তাদের পেট পাতলা	Abusive
10037937	ফালতু মহিলা	Abusive
10037938	সঠিক বলেছেন দাদা	None
10037939	দাদা স্যালুট আপনাকে	None
10037940	যেহেতু তার এত যন্ত্রণা ৩২ নম্বর ভাঙ্গা জন্য সেহেতু তার তাও ভেঙ্গে পুষিয়ে দিওয়া যাক	None
10037941	দাদা বাঁশ দিছেন ঠিক আছে এতো কঠিন বাঁশ দিতে হয়	Abusive
10037942	পিনাকী দা আমি তার সব আলোচনা গুলো শুনতাম কিন্তু সে দেশে যা বলছে তো বলছেন তার পর ও সে আবার ইন্ডিয়ান একটা টিভি চ্যানেলের বশি এই ভাবে নিজের দেশের ব্যাপারে অপ প্রচার করা এইটা কেমন কথা	Abusive
10037943	সিকি পিনাকি	None
10037944	পিনাকী সাহেব আপনার থেকে নবনীতা চৌধুরীর আলোচনা হাজারো গুন ইনফরমেটিভ এবং মান উন্নত আপনার নবনীতা চৌধুরীর থেকে আলোচনা শেখা উচিৎ	None
10037945	আলু রুমিনা	None
10037946	৫৩ বছরে বিএনপি বেশ কিছু করেছেবাংলাদেশ কে কয়েকবার দুর্নীতিতে চ্যাম্পিয়ন করে জগৎ দরবারে বাংলাদেশকে ভীষণভাবে লজ্জিত করেছে	Political Hate
10037947	আপনাদের মত লোকদের জন্য ৬ মাসে কেন  ৬ বছরেও সাকসেস হবেনা	Abusive
10037948	দাদা যাই করেন না কেন ক্রেডিট নেওয়া ঠিক হবে না	None
10037949	কৃতজ্ঞতা দাদা সব সময় সত্য তুলে ধরার জন্য	None
10037950	একদম পাগলের মতো আচরণ করে রুমিন ফারহানা তার দ্বিচারিতা সামনে আনার জন্য কৃতজ্ঞতা	None
10037951	অবশেষে রুমিনের মুনাফেকির মুখোশ উন্মোচিত হলো	None
10037952	কত বড় নিকৃষ্ট মানুষ হলে ভারতীয় প্রপাগান্ডা মিডিয়ায় বাংলাদেশের নামে অসত্যচার নালিশ করে সে তার ভারতীয় প্রভুদের পা চাটা গোলাম	Abusive
10037953	প্রতিদিন মিনিমাম ৪৫ টা ভিডিও চাই	None
10037954	দাদা এই আওয়ামী লীগের দোসরকে আপনি একটা জামাই ব্যবস্থা করে দেন তাহলে মাথাটা একটু ঠান্ডা থাকতে পারে	None
10037955	রেজোওয়ানার কথা বললেই দাদাকে খুশি খুশি লাগে মনে হয় দাদা পছন্দ করে	None
10037956	দাদা কিচু মনে করবেননা বিএনপি এবার পুটকি মারা কায়বেন	Profane
10037957	আগে রুমিন এর বিয়ে তারপর নির্বাচন তা না হলে ইদের পর কঠিন আন্দোলন	None
10037958	আপনি রাইট	None
10037959	রুমিন বিদায়	None
10037960	এই বোদাই মহিলাকে আমি ভালো মনে করেছিলাম	Profane
10037961	কত বড় মাগীর ছা	Profane
10037962	পিনাকি একটা ইন্ডিয়ার চর সে বাংলাদেশকে ধ্বংস করতে চাই  যেসব টোকাই টাইপের ফলোয়ার তাকে লাইক কমেন্ট করছে একদিন তারা বুঝতে পারবে	Abusive
10037963	এডিটরের মাইরে বাপ স্বপনের মত দুঃখিত মঝা করছি সেই পিক বানাইলেন এডিটর সাহেব শেখ রুমিন	None
10037964	পিনাকিকে জোকার বলাও চলে	Abusive
10037965	পিনাকি একটা ব্যক্তিত্বহীন মানুষ	Abusive
10037966	সাইকো পিনাকি	Abusive
10037967	বাটপার	Abusive
10037968	জনগণ এখন পরিবার তন্ত্র থেকে মুক্তি চায় সন্ত্রাস ও চাঁদাবাজ মুক্ত বাংলাদেশ চায় বিএনপি নিপাত যাক ইনকিলাব জিন্দাবাদ	Political Hate
10037969	ভিউ ব্যবসা ভালো চলছে তুই রুমিনের নখের যোগ্যতা রাখোস	Abusive
10037970	দাদা রুমিন ফারহানা কে বিয়ে দিয়ে দিন	None
10037971	রুমিন ফারহানার কাছে আমার প্রশ্ন বর্তমান অন্তর্বর্তীকালীন সরকার কি সংবিধান মেনে হয়েছে ৩৬ জুলাই এর গণঅভ্যুত্থান কি সংবিধান মেনে হয়েছে এত সংবিধান সংবিধান করে চিল্লান কেন জনগন সংবিধানের জন্য নাকি সংবিধান জনগণের জন্য	None
10037972	রুমিন ফারহানা ফাঊল আর বিভৎস মানুষিকতার অধিকারী ঘৃনা করি এ মহিলাটাকে	Abusive
10037973	রুমিন ফারহানাকে ব্যারিষ্টার সার্টিফিকেট দিছে কোন পাগলে	Abusive
10037974	ওকি কামডা করলো কি	None
10037975	এই মহিলা বিয়ে করেনি তো তাই মাথা ঠিক নেই কখন কি যে বলেন তা তিনিও যানেন না	Abusive
10037976	বিএনপি এই দেশের দেশদ্রোহী	Political Hate
10037977	বিএনপির জন্য আওয়ামী লীগ ঠিক ছিল সবসময় দৌড়ের উপর রাখতো	Political Hate
10037978	আওয়ামী লীগ বিএনপি একটি মুদ্রার এপিঠ ওপিঠ পীর সাহেব চরমোনাই	Political Hate
10037979	ইনকিলাব জিন্দাবাদ	None
10037980	রবিন এ ফজলুল পাগলা হয়েছে এবার আওয়ামী লীগের দালাল রুমিন ফারহানা নষ্টা মহিলা মহিলা লোভী মহিলা ভারতের এটা হয়েছিল আওয়ামী লীগের দালাল রুমিন ফারহানা আর	Abusive
10037981	বঙ্গবন্ধু শেখ রুমিন ফারহানা	None
10037982	দেশদ্রোহীদের মুখোশ উন্মোচন করার জন্য পিনাকী সাহেব আপনার মতো বিশ্লেষণ খুবই গুরুত্বপূর্ণ	Abusive
10037983	ডাক্তার জাহিদুর রহমান সাহেব তো আপনার দুই পাশের দাম দেয় না বহুরূপী পিনাকি	None
10037984	দাদা	None
10037985	ভিউ ব্যাবসায়ীযে নিজেই অসংখ্য গুলো শিশু হত্যার দায়ে দেশ ছাড়া সে নিজেই শুনায় মানুষকে মানবতার গল্প বাংগালী জাতির আবেগ কে পুজি করে এরা ভিউ ব্যাবসা করে যাচ্ছে অথচ অনেকে জানেই না সে একজন শিশু গনহত্যার একজন টপ লেভেলের আসামি	Abusive
10037986	আমি বিএনপি করি কিন্তু একন আর ভালো লাগছে না	None
10037987	রুমিন কে তাদের এলাকার লোকই ভোট দিবেনা ইনশাসৃষ্টিকর্তা এইটা একটা ভারতের দালাল শু্	Abusive
10037988	রুবিনা ফারহানা আওয়ামী লীগের দালাল ভারতের দালাল জুলাই রক্তের সাথে ওরা বেইমানি করে ওকে সফলতা বাংলা করা হোক	Political Hate
10037989	তোমার হেডোম থাকলে দেশে আসো	Abusive
10037990	আগামীতে জামাতের আমির হিসেবে পিনাকি কে দেখতে চাই	Political Hate
10037991	দাদা রুমিন ফারহানার চেহারা সুন্দর তাই একটু দেরি করে এপিসোড করলেন ভাবি শুনলে কিন্তু রাগ করবে	None
10037992	রুমিন জয় বাংলা হয়ে গেলো	None
10037993	কলিকাতা হারবাল খাইয়া লোড হইয়া গেছে রুমিন ফারহানা	None
10037994	তোর চৌদ্দগুষ্টির ঠাবানোর দরকার এর রাজাকারের ছা	Profane
10037995	ঠিক দাদা	None
10037996	রাইট দাদা সে কোনো রাজনৈতিক আদর্শ ধারন করেনা এর আগে ভালো মনে করতাম আসলে এটা একটা দুমুখো বিষাক্ত সাপ	None
10037997	ঐ বেটা বিদেশে বসে দেশ নিয়া এত পন্ডিতি করে লাভ নেই দেশে আয় আমার দেশে ভবঘুরে মহিলা পাগলের ঘরে ছা জন্ম হয় মসজিদে ৯ বছরের শিশু ধর্ষিত হয় তার নাম বাংলাদেশ	Abusive
10037998	এটা তো বেশ্যা এভাবে চলতেছে নিচ তলা ভাড়া দিয়ে	Profane
10037999	দাদা ভালবাসা অবিরাম আপনি চালায়া জান আম জনতা আপনার পাশে আছে	None
10038000	দাদা আমি একটা জিনিস বুঝি না যেখানে আমরা ভারতের বিপক্ষে যুদ্ধ করে হাসিনাকে তাড়িয়েছি এ কারণে ভারতীয় মিডিয়া বাংলাদেশের বিরুদ্ধে কমাগত প্রপাগাণ্ডা চালাচ্ছে অসত্যচার করছে ঠিক তখনই এরা সামান্য শার্থের কারণে শেখ হাসিনার দুঃশাসন কে ভুলে গেল আর আমাদের রক্তে অর্জন করা সরকারের বিরুদ্ধে এস্টেট মন্ড দিলো আমাদের রাজনীতিবিদদের মাথায় কি সমস্যা বুঝিনা	Political Hate
10038001	কি আর বলব দাদা	None
10038002	রঙিন ফারহানা বাজারের মহিলা একেক সময় একেক ধরনের উল্টাপাল্টা কথা বলে ধিক্কার জানাই রুবিন ফারহানাকে	Abusive
10038003	রুমিন পায়খানা	Abusive
10038004	ঠিক বলেছেন দাদা	None
10038005	দাদা অনেক দেরিতে দিলেন আরো আগেই দরকার ছিল	None
10038006	শেখ জয় একডা বোইন পাইলো এই এপিসোডের মাধ্যমে শেখ ফারহানা	None
10038007	রুমিন হচ্ছে হিজলা	Abusive
10038008	মহিলাটাকে আমারও আওয়ামী লীগের দালাল মনে হচ্ছিল	Abusive
10038009	রতন নে রতন চিনেতুই আর মুই সেইম	None
10038010	যদি পিনাকী ভট্টাচার্যের কথা অসত্য হয়ে থাকে তাহলে রুমিন অতি দ্রুত চ্যালেঞ্জ করুন	None
10038011	বিএনপি চুদি রুমিন ফজলুর ফকরুল খসরুর মুখ চুদি	Profane
10038012	মুজিব ফারহানা	None
10038013	ব্যাঙ মাগী	Profane
10038014	যারা এখানে কমেন্ট করে তারা কি একবার ও বিবেক দিয়া বিবেচনা করেনা পিনাকি ঠিক বলে না বেঠিক বলে	None
10038015	পিনাকি দাদাকে অনেক বেশ শুভেচ্ছা রুমিন ফারহানা বিএনপির মুখোশ উন্মোচন করার জন্য বিএনপিকে সবাই বয়কট করুন জামাত ইসলাম কে ভোট দিন	Political Hate
10038016	বাটপার রুমিনফারানা	Abusive
10038017	একদম ঠিক বলছেন স্যার বিএনপি লীগের ভোট পাইতে গিয়ে নিজের অরিজিনাল ভোট হারাবে 706	Political Hate
10038018	দাদা ইশরাককে নিয়ে একটা ভিডিও বানান	None
10038019	দাদা আপনার থামনেল এর ছবিটা খুব ভালো লাগছে আমার কাছে	None
10038020	তন্ত্র মন্ত্র রাজনৈতিক দল গুলা ও সে নিজে যে বেহায়া নিরলজ্জ নিজের মুখে শিকার করছে এক এক সময় ভিন্ন ভিন্ন বক্তব্যে সেটাই প্রমাণ করছে সে	Political Hate
10038021	রাইট ভাই	None
10038022	বড় বড় দালাল সব বি এন পি তে	Political Hate
10038023	দাদাকে শেলুট	None
10038024	পিনাকী দাদা সত্যি একজন লাজেন্ড একদম যায়গা মতো মলম লাগিয়ে দিছে	None
10038025	রুমিন ফারহানা ম্যাডামের ছবিটা সেই হইছে	None
10038026	দাদা একাই একশো এই মহিলার কথা শুনলে মনে হয় না ভালো ফ্যামিলির মেয়ে	None
10038027	রুমিন ফারহানার নতুন নাম পেলাম রুমিন ফাফহানাআজতাক চ্যানেল	None
10038028	ওনাকে অনেক ভাল মনে করছি কিন্তু আসলে তিনি প্রমাণ করলেন নির্লজ্জ বেহায়া	Abusive
10038029	রুমিন এর বিয়ে না হওয়ার জন্য বুদ্ধি সব হাটুর নিচে জমা হচ্ছে	Abusive
10038030	দাদা না এর আগের ভিডিওতে বললো বিএনপি ক্ষমতায় আসলে দেশের উন্নতি হবে আজকে আবার তাদেরকে নিয়ে এই ভিডিও দিলেন	Political Hate
10038031	খাস দালাল সহমত প্রকাশ করছি পিনাকী দাদা	Abusive
10038032	ভারতের চেনেল গুলো বন্ধ করা উচিত	None
10038033	গুরু একটা পয়েন্ট ত বাদ পরেছে রুমিনের বাল থেকে ফ্ল্যাট নেওয়ার আবেদন	Profane
10038034	দাদা নিশ্চিন্তে থাকুন রুমিন ফারহানার বাস আইতেছে ও যদি এত বড় আইনজীবী তাহলে উনার দলের বড় বড় ক্যাটাররা কেন জেল কাটিয়েছিলেন আপনি নিশ্চিন্তে থাকুন রুমিন ফারহানা আওয়ামী লীগের দালাল আমি বহুত কয়েকটি টকশো শুনেছি রুমিন ফারহানা এটা হইতে পুরাপুরি বুঝা যায় ও আওয়ামীলীগ করে এবং আওয়ামী লীগের সঙ্গে পুরাপুরি জড়িত কিন্তু বিএনপি এটা বুঝতেছেনা	Abusive
10038035	ভারতের কাছেই যারা আহ্বান কারা তারাই দালাল	Abusive
10038036	ভারতের দালাল রমিন পারনা আজীবন নিষিদ্ধ করা হোক দল থেকে	Abusive
10038037	সব পাগলা দের ভন্ডামি দেকিয়ে দেওয়ার জন্য আপনাকে আম্রপালি মধুমতী মায়ায়াবনি অভিনন্দন	None
10038038	মেধাবী নেতা কর্মীর অভাব আছে বিএনপিতে এই জন্যই রুমিনের মত আবালদের বিএনপির হয়ে মাঠে নামতে হচ্ছে	Profane
10038039	এক যায়গায় বেথা আছে এখনো রড ঢুকে নাই	None
10038040	ছাত্র দলের নেতার বাড়ি উঠান থেকে আমার বাইক চুরি করে নিজেরা খেয়ে দিছে পুলিশ বলে আমাদের এখন করার কিছু নেই	Abusive
10038041	ইনকিলাব জিন্দাবাদ	None
10038042	সালির বেটি কে বিয়া দেওয়া দরকার	None
10038043	যতদিন পর্যন্ত বাংলাদেশের মানুষ ভারত বিদ্বেষী না হবে ততদিন পর্যন্ত বাংলাদেশ একটি স্বাধীন রাষ্ট্র হিসেবে ভাবা মুশকিল	Political Hate
10038044	তুমি ভাল পালাইবা মাদারবোর্ড	Profane
10038045	বিয়ের আগে না নির্বাচন আগে বিয়ে আগে বিয়ে আগে রুমিন ফারহানাবিয়া আগে	None
10038046	ছবিটা কিন্তু দাদা সেই হয়েছে	None
10038047	দাদা আপনার কথা শুনে গায়ের লোমশ দাঁড়িয়ে যায়খুব ভালো লাগে আপনার কথা	None
10038048	পিনাকীর পুংটামি আর কেও খাইনা	Abusive
10038049	ল্যাংটা দাদাউফফ দাদা ল্যাংটা থাকলে আপ্নারে সেই রকম লাগেআচ্ছাআপ্নের মতো চরিত্রের লোকের মুখে এত ভালো ভালো কথা তো মানায় না	Abusive
10038050	ইনকিলাব জিন্দাবাদ	None
10038051	ইনকেলাব জিন্দাবাদ	None
10038052	বুয়েট ছাত্র ফারদিন হত্যার বিচার চাই	None
10038053	রুমিন নামে মেয়েটি ভিতরে ভিতরে লীগ কিন্তু বিএনপির ট্যাগ লাগিয়ে এখন চলতেছে বিএনপি র বারেটা বাজাচ্চে	Political Hate
10038054	ঝাড়ু ডুকায় দেয়া উচিত এই বেডির পিছন দিয়ে বদমাশ মহিলা	Profane
10038055	কৃতজ্ঞতা দাদাএক্সিলেন্ট	None
10038056	রুমিনের হাতে লাল সুতা কেন	None
10038057	মালতো ভালোই পাইছেন	None
10038058	রুমিন ফারহানা ওরফে মুজিব ভারতের দালাল	Abusive
10038059	ওহ মোটা বাঁশটা	None
10038060	রুমিন ফারহানা মানসিক ভারসাম্যহীন রোগে ভুগতেছে তাকে অতি শীঘ্রই চিকিৎসা নেওয়া দরকার আর কোন কোন জায়গায় ব্যথা হলে বান্ধবী ফারহানা রুমি সব ব্যাথা ঠিক হয়ে যাবে যদি তাকে ভালো মানের চিকিৎসা দেওয়া হয়	None
10038061	আর  গণতন্ত্রের নতুন ফর্মুলা আদর্শ হারালে ভোট হয় মজার জিনিস করলে হিরো আলমও সংসদে যায় আর যদি তারকারা মিলে এলায়েন্স বানায় রিহো অপু প্রিইন্স লাইলা পিনাকীয় ইলিয়াস—তাদের ভিউএর প্রভাবেই ভোটের আসন নির্ধারিত হবে সংসদ হবে লাইভ শো ‘বিল পাশ’ হবে ট্রেন্ডিং বিরোধীরা স্কিপ বাটনে যাবে গণতন্ত্র নয় এখন ‘ভিউতন্ত্র’ চলছে	None
10038062	হাটে হাড়ি ভেঙে দিছে রে	None
10038063	বাবরের কি সংবাদ দাদু	None
10038064	ইসলামি আন্দোলন বাংলাদেশ সম্পর্কে এপিসোড চাই	None
10038065	দাদা আপনাকে প্রয়োজন দেশ গড়ার কাজে	None
10038066	ইসলামি আন্দোলন বাংলাদেশ জিন্দাবাদ হাত পাখা জিন্দাবাদ	None
10038067	কৃতজ্ঞতা দাদা ভাই আপনাকে	None
10038068	আ কাকা আর সফলতা বাংলা করো না	None
10038069	রুমিন ফারহানা একটি গালি	None
10038070	জামায়াতে ইসলামী একটি ব্যঞ্জনবর্ণ দল‌ ব্যঞ্জনবর্ণের মানে জানলে তারা এই কথাটি বুঝতে পারবে	None
10038071	আফার খালতো বোন খেলাতো ভাইরা বি এন পি ডুইবাছে	None
10038072	দাদা সেই লেভেলে দিয়ে দিছেন এটা রুমিনের প্রাপ্য ছিলো	None
10038073	পিনাকী ভট্টাচার্য বিচক্ষণ একজন বীর পুরুষ	None
10038074	দালাল দের টাইম নাই নতুন বাংলাদেশে	Abusive
10038075	রুমিন এর বিয়ে চায় ওবায়দুল কাদের সাথে	None
10038076	সত্যি কথা রুমিন আর ফজু পাগলা যতদিন বিএনপিতে আছে ততদিন আমি বিএনপিতে নাই	Political Hate
10038077	খুব সুন্দর করে জায়গা মতো বাশ দিয়েছেন খুব ভাল লাগলো	None
10038078	রমিনের ভিডিও গুলা দেখেছি খুব মনে আছে ওর মুখোশ খুলে গেছে	None
10038079	কমেন্ট না করে থাকতে পারলাম না ঠিকই আছে	None
10038080	অকাম করলেতো ভয় পেতেই হবে	Abusive
10038081	অতিরিক্ত বেগুন ব্যাবহারের ফল	None
10038082	শেখ রুমিবুর রহমান নতুন জাতির মাতা	None
10038083	স্বামী ছাড়া কোন মহিলা নিরাপদ না	None
10038084	রুমিন ফারহানা অনেক বেশি রকমের বাড়াবাড়ি করায় থলের বিড়াল এখন সম্মুখে	Abusive
10038085	এনসিপি ও অন্যান্ন দলের উচিৎ সংবিধান বদল না করিলে নির্বাচন বর্জন করা বিএনপি একক নির্বাচনে গেলে জনগনের ভয়াবহ বাঁশ খাবে লীগের মত এদের নাম নিশানা ও থাকবেনা আর বাটপার নেতাদের দ্বারা পরিচালিত দলটির এখন এই পরিনতি হওয়া সময়ের ব্যাপার কারন এ দলটি সংস্কার বাঁধা দিয়ে সরাসরি দেশের নির্যাতিত্বো মানুষের সাথে বেইমানী করিতেছে বর্তমানে এ দলে লুটেরা ও কিছু দেশদ্রোহী সমর্থন করিতেছে কারন দেশের সার্থে এরকম বেইমান বাটপার দল কোন দেশপ্রেমিক করিতে পারেনা	Political Hate
10038086	আমার মনেহয় বিএনপি কেও হাসিনার মতো দেশ থেকে তাড়ানো উচিৎ	Political Hate
10038087	দাদা মনে কিছু নিয়েন না ছোট মানুষ তারপরও বলতে হয় রুমির ফারহানার না কুরকুরানি ভাসিছে একটা ব্যবস্থা আপনার নেওয়াই লাগবে নালী কইলাম হবি না	None
10038088	পিনাকী দাদাকে দেশবাসীর পক্ষ থেকে জাতীয় অভিনন্দন	None
10038089	আপনিতো জাতীয় বেইমান আপনার দেশ ছাড়ার বিষয় নিয়ে একটি ভিডিও বানাবেন আর আপনার ওষুধ কোম্পানির ভেজাল ওষুধ খেয়ে ২৯০ জন মানুষ মারা গিয়েছে সে বিষয়ে একটু জানাবেন আপনি আওয়ামী লীগকে পছন্দ করেন না আওয়ামী লীগ তো এখন নাই আপনি কেন দেশে ফিরে আসেন না আপনার দেশে এসে দেশভক্তি দেখান আপনি এক বাপের বেটা হলে আপনি কেন দেশ ত্যাগ করেছিলেন আপনার ভেজাল ওষুধ খেয়ে কেন ২৯০ জন মারা গিয়েছিল আপনি কেন এখন দেশে আসেন না দেশে এসে দেশের উন্নয়ন করেন না জাতি জানতে চায়	Political Hate
10038090	রুমিন ফারহান আরে কামলা দিয়া সুদানের দরকার খানকিমাগী	Profane
10038091	রুমিন ফারহানার সেক্স মাথায় উঠে গেছে  তাই কেউ উনার এরকম মাতলামি সিরিয়াসলি নিবেন না	Abusive
10038092	তুই এত দেশপেম তা তুই দেশের বাইরে কেন	Abusive
10038093	রোহিঙ্গা ইস্যু রোহিঙ্গাদের প্রত্যাবর্তন এই বিপর্যয়ে বাংলাদেশের পরিণতি এবং ভবিষ্যত এই ক্ষেত্রে বাংলাদেশের করণীয় নিয়ে ভিডিও বানানোর অনুরোধ রইল স্যার	None
10038094	ভরতের আরো এক প্রতিরছব	None
10038095	ড্রাইভার ছাড়া গাড়ি স্বামী ছাড়া নারী দুইটার মধ্যে কোন পার্থক্য নাই	None
10038096	দাদা আমার মনে হয় কাউয়া কাদের অথবা শামীম ওসমানের বিচি ২টা এখন রুমিনের কাছে আমানত আছে সেজন্যই সে এতো লম্পটতা দেখাচ্ছে কিন্তু কার বিচি এটা শিওর কওন মুশকিল তবে যার বিচি সেটা তার কাছেই মানায় আরেকজনের সঙ্গে তা যায়না কাউয়া রুমিন	Profane
10038097	ইনকিলাব জিন্দাবাদ	None
10038098	থিক থিক	None
10038099	ইনকিলাব দেখছি ইদানিংবি এমপির পক্ষ নিয়ে পত্রিকায় ছাপাই গা ইতেছে	Abusive
10038100	রাষ্ট্র ৪৪তম বিসিএস প্রার্থীদের শেষ পর্যন্ত মৃত্যুর দিকেই ঠেলে দিলো ৪৪তম বিসিএসের ফলাফল হতে রিপিট ও লোয়ার ক্যাডার বাতিল করে এবং ৪৪ এর জন্য অধিযাচিত পদ বৃদ্ধি করে ৪৪তম বিসিএসের নতুন রেজাল্টের দাবিতে আগামীকাল ১০ জুলাই বৃহস্পতিবার বিকাল ৪০০ টা থেকে ঢাকা বিশ্ববিদ্যালয়ের রাজু ভাস্কর্যের পাদদেশে	None
10038101	রাষ্ট্র ৪৪তম বিসিএস প্রার্থীদের শেষ পর্যন্ত মৃত্যুর দিকেই ঠেলে দিলো ৪৪তম বিসিএসের ফলাফল হতে রিপিট ও লোয়ার ক্যাডার বাতিল করে এবং ৪৪ এর জন্য অধিযাচিত পদ বৃদ্ধি করে ৪৪তম বিসিএসের নতুন রেজাল্টের দাবিতে আগামীকাল ১০ জুলাই বৃহস্পতিবার বিকাল ৪০০ টা থেকে ঢাকা বিশ্ববিদ্যালয়ের রাজু ভাস্কর্যের পাদদেশে আমরণ অনশনে যাচ্ছে ৪৪তম সাধারণ প্রার্থীরা	None
10038102	আবার ইন্ডিয়ার নিউজ এ নিউজ করে মনে রাখবেন এই বিএনপি ইন্ডিয়ার কাছে বিক্রি হয়ে গেছে	Political Hate
10038103	বিএনপির উচিৎ এসব লীগের দোসর ছা দের দল থেকে দ্রুত আজীবনের জন্য বহিষ্কার করতে হবে না বিএনপি ধ্বংস হয়ে যাবে	Political Hate
10038104	রুমিনফারহানা এখন বেশি করে যাচ্ছে	None
10038105	রুমিন ফারহানা ইন্ডিয়ার দালাল	Abusive
10038106	প্রশাসন সেনাবাহিনী রাজনৈতিক দল নির্বাচন চায় জনগণ চায় না	Political Hate
10038107	দাদা ভিডিও টা অনেক ভালো লাগছে	None
10038108	বংগ ফারহানার যে ছবিটা বানাইসেন সেই হইছে	None
10038109	দাদা মনটা ভরে গেল	None
10038110	এক দিনে এতো কমেন্ট ২১ হাজার তার মানে আওমী ছাও দের এতো বাস দিচ্ছে	Political Hate
10038111	দাদা আপনি তো একজন ডাক্তার আপনার হয়তো মনে নাই যে রুমিনের স্বামী নেই আর স্বামী ছাড়া একজন নারী অসুস্থ পারলে একটা ঘটকালি করেন	None
10038112	শেখ পারহানা	None
10038113	আওয়ামী+বিএনপি একই মূদ্রার দুই পিট একই মায়ের দুই সন্তান সালাদের কোনো লজ্জা শরম কিচ্ছু নেই	Profane
10038114	বাঁশ টা যে ভাবে দিছে বিহা কারার যা একটু ইচ্ছে ছিলো সেটাও উইরা গেলো	Abusive
10038115	এই বার ভোট নিস দিমু হান্দায়	Political Hate
10038116	রুমিন ফারহানার সারা অঙ্গে অঙ্গে ব্যথা	None
10038117	রুমিন মেগি	None
10038118	এটা কেও জয় বাংলা করে দিলেন দাদা	None
10038119	টকশো রুমিন ফারহান	None
10038120	যে ব্যক্তির কোন কিছুই করার যোগ্যতা নেই এমনকি ভিক্ষা করার ও যোগ্যতা নেই সেই একমাত্র রাজনীতি করে বাংলাদেশে	Political Hate
10038121	সাবাস	None
10038122	সাংবাদিক ইলিয়াস ভাইকে বলবো রুমি ফারহানার লিঙ্কটা নিয়ে একটু কাজ করা	None
10038123	এই মহিলারে কেন টকসোতে আনে আমি বুজিনা	None
10038124	রুমন ফারহানা শামীম ওসমান ছাড়া ভালো নেই	None
10038125	ওরে জাউরার ঘরের জাওরানি এই সিল মারা হোক	Profane
10038126	পিনাকী দা আপনি ভুলভাল ইনফরমেশন দিয়ে জনগণকে বিভ্রান্ত করবেন না	None
10038127	এত বিয়ো কেমনে	None
10038128	দালালের সিমটা মারছে কত মিনিটে একটু বলেন তো	Abusive
10038129	রুমিন ফারহানা কে কাপড় না খুলেই খেয়ে দিয়েছে	None
10038130	বঙ্গবন্ধু শেখ রুমিন ফারহানা রহমান	None
10038131	ভিডিও টা একদম সত্যি	None
10038132	দাদা তুমি এতো সত্য কথা বলেন কোন	None
10038133	পিনাকি তোই যে বিএনপির বিরুদ্ধে লাগিছ বাংলাদেশের মানুষ এই সিব খায়না যদি বেটা ছাওয়াল হস দেশে আসস না কে তোর বাচ্ছাদের বল কেন দেশে আসনা	Political Hate
10038134	কৃতজ্ঞতা দাদাঅনেক ভালো হয়েছে এপিসড টা	None
10038135	রুমিন ফারহানা একেবারে বেশি করে ফেলতেছেনবেশি বাড় বাড়লে পুড়তে হয়	None
10038136	বিএনপির পিছনে লাতি মারা উচিত	Political Hate
10038137	আচ্ছা বিএনপিকে নিয়ে কিছু বইলেন ওরাও বাড়তাছে	Political Hate
10038138	উফ উফ ব্যাথা লাগতাছে আর দিয়েন না	None
10038139	দাদা আপনাকে অসংখ্য কৃতজ্ঞতা আপনি যে ডলা দিলেন আপনার বক্তব্যটা আনন্দের সহিত শুনলাম আর হাসলাম হয়ে শুনলাম বিএনপিকে ধ্বংস করার জন্য এরা দুজনেই যথেষ্ট ফজলরমি	None
10038140	এরে কেউ লাথি মার	Abusive
10038141	ইন্সি বিরুদ্ধে যে কথা বলে তাকেই রোস্ট করে দেয় 3 ইন্সি জোনাকি	None
10038142	দাদা বাঘ তো জানোয়ার তাহলে রুমিন ফারহানা বাঘের ছা মানে	None
10038143	ওনাদের চোখে তো পর্দা পড়েছে দাদাতাই তারা এই সরকারের ভালো কিছুই চোখে পড়ে না	None
10038144	এ মহিলা বেপোক নাটক বাজ	Abusive
10038145	দাদা নির্বাচন টা কোনো ভাবে রুমিনের সাও  দিয়ে ভরে দেওয়া জাইনা	None
10038146	শেখ রুমিন ফারহানা অনেক বেশি রকমের বাড়াবাড়ি করছিল তাকে বেশ আগেই ধরে সফলতা বাংলা করে দেয়া উচিত ছিল	None
10038147	আসসালামুয়ালাইকুম দাদা একটা সুন্দর হিসাব দেওয়ার জন্য আপনাকে অসংখ্য কৃতজ্ঞতা	None
10038148	রুমিন ফারহানার সাথে আমার সিটিং করিয়ে দেও দাদা	None
10038149	রুমিন ফারহানার ব্যথা হচ্ছে নিচে	None
10038150	দাদা আপনাকে কৃতজ্ঞতা সত্যি উদঘাটন করে ছেন	None
10038151	দাদা কইকি গুড	None
10038152	বাস সেইরকম হইছে	None
10038153	অস্থির বাঁশ দুঃখিত বাঁশের ঝাড়	None
10038154	এই মহিলা চরম রকমের ফাজিল আর অসত্যবাদি এরা করবে দেশের সেবা এসব প্রতারক হয় দেশের এমপি হায়রে অভাগা দেশ	Abusive
10038155	হাসিপায় একেক মুখে একেক কথা রুমিন হাহাহা	None
10038156	দাদা বিবিসির প্রতিবেদনটি দেখেছেন দেখে থাকলে একটি ভিডিও চাই	None
10038157	চুদির ভাই ৩২ এ মব হইছে না কি হইছে	Profane
10038158	জয় বাংলা জয় বঙ্গবন্ধু চাড়াল সব নিপাত যাগ	Abusive
10038159	রুমিন ফারহানা ইন্ডিয়া আর আওয়ামী লীগের দালাল	Abusive
10038160	দাদা ভাই সেই হইছে জোস	None
10038161	দাদা এতদিন পরে আমার আরজি টা রাখলেন	None
10038162	রুমিন ফাফহানা লেখা ইন্ডিয়ান টিভিতে	None
10038163	রুমিন ফারহানা ফ্যাসিবাদ আওয়ামী লীগের দালাল	Political Hate
10038164	এখন বোঝালাম রোমিকে কেনো মানোষ বিয়ের করেনি সে একটা ফাজিল মহিলা	Abusive
10038165	খাটখেলোয়াড় বমিফারহানা	None
10038166	এটা ইসকনের মাল	Abusive
10038167	ওই মহিলারে পাগলাগার তে দেওয়া উচিত	Abusive
10038168	মাথায় কিসসু নেই বেডি মানুষ ছাইড়া দেন	None
10038169	রুমির প্রচার হইলো রাইতের ব্যবসা আরো বাড়লো	None
10038170	ও দাদ হামার মাওক কইছি যদি নির্বাচন হয় আর বিএনপিতে ভোট দেয় হামি তাহলে প্রবাস থেকে আর টেকা পাঠামো না	Political Hate
10038171	তাইতো ভাবি রুমিন ফারহানা র বিয়ে হয়না কেন বিয়ে হইলে তো মাগীবাজি করতে পারবে না ছেদারি পানা করতে পারবে না	Profane
10038172	মামু দেশে আসো	None
10038173	দাদা তো পিএইচডি করছেন থিসিস নিয়া ব্যস্ত আছেন দেশে কি আসিলে উনার কাজকি তুমি করে দিবা	None
10038174	দাদা দেশে আসিলে উনার ধারে কাছেও যাইতে পারবা'না	None
10038175	যার সত্যিকার অর্থে দেশের ভালো চায় তারা কখনো বিএনপিতে ভোট দিতে পারে না	None
10038176	জনগণ আসলেই বেশ কিছু ভুলে যায় তবে চিন্তার কোন কারণ নেই পিনাকী দাদাদের মতো মানুষ আছে বলেই এমন গিরগিটি স্বভাবের মানুষদের মুখোশ খুলে যায় এই রুমিন ফারহানা এমন একটা মহিলা ওর কথা বলার ধরন ও টোন শুনলেই মেজাজ খিটখিটে হয়ে যায় পায়ের রক্ত মাথায় উঠে যায় যারা বি এন পি করেন তাদেরকে এমন মহিলার আচরণে লজ্জিত হওয়া উচিৎ	Abusive
10038177	সফলতা বাংলা সফলতা বঙ্গবন্ধু	None
10038178	দূর হালা	Profane
10038179	সাংবাদিক নাজমুলকে হুতুম পেঁচার মত লাগে	Abusive
10038180	বঙ্গবন্ধু শেখ রুমিনুর রহমান	None
10038181	কপাল খারাপ কাগজে কলমে এখনও ব্যাথা পাওয়ার সুযোগ পাই নাই শামীম ওসমানের ছোট বোনের	None
10038182	মাগীর বেশী বাইর হইছিলো বেস্সারে যখন কুত্তালীগ রাতের বেলায় কাপড় খুলে ঠাপাতে গেছিল তখন ঠিক ছিলো	Profane
10038183	এটা কি করলো পিনাকী দাদা  সবাইতো জেনে গেলো তার সাথে রাতে ১ জন লাগে  এখনতো রুমিন ফারহানা রাতের রেট আরো বাড়িয়ে দিবে	None
10038184	লুতুপুতু রুমিন	None
10038185	ভন্ডামি বাদ দেন কাকি ইনকিলাব জিন্দাবাদ	Abusive
10038186	দাদা পাগলী টাকে একটু বিয়ে দেওয়ার ব্যবস্থা করেন প্লিজ	None
10038187	কি বিনোদন যে পাইলাম দাদা প্রেম নিবেন	None
10038188	দাদা জনগন শহিদি মর্যাদা দিলেও লাভ হবে না	None
10038189	আনিস আলমগীর মোস্তাফা ফিরোজ মানচিত্রের পান্না এদেরকে নিয়ে একটি পর্ব তৈরি করেন এরা একটি বিশেষ দলকে প্রতিষ্ঠিত করার জন্য কাজ করছে	None
10038190	রুমিন ফারহানা এইবার জয়বাংলা হয়ে গেলো	Abusive
10038191	খালেদা জিয়ার বাড়ি ভাংচুর করার সময় আপনি কোথায় ছিলেন	Political Hate
10038192	তুই আমার দেশটাকে নষ্ট করে দিচ্ছিস	Political Hate
10038193	রমিন ফারাহাকে বিএনপি থেকে বহিষ্কার করা উচিত এই মহিলা ভারতের দালাল ও আওয়ামী লীগের দালাল পরিষ্কার হয়ে গেছে	Political Hate
10038194	স্বামীর অভাবে রুমিন মাতলামি করতেছে	None
10038195	এই নর্তকী রুমিন বিক্রি হয়ে গেছে	Abusive
10038196	শাহাবাগি রুমিন	None
10038197	তোর হেড়া	Profane
10038198	তোর হেড়া	Profane
10038199	ডলা ঠিক হয়েছে দাদা এবার সাবধান হবে	None
10038200	দাদা তেল ছাড়া বাঁশটা ভালোই দিছেন আপনার জন্য দোয়া রইল	None
10038201	অনেক অনেক কৃতজ্ঞতা দোয়া	None
10038202	আপনারা সবাই কি শুধু শুনেই যাবেন ৩২ নাম্বারের মতো জয় বাংলা করে দিতে হবে তো	None
10038203	দাদা আপনি তো রঙিন ফারহানাকে একেবারে নেংটা করে দিয়েছেন	Abusive
10038204	বিএনপির এখন বিএনপির নেতাদের ভোট ছাড়া ভোট নাই তাইতো আওয়ামী লীগের গুণগান গেয়ে আওয়ামী লীগের ভোটগুলো পাওয়ার চেষ্টা করতেছে	Political Hate
10038205	সুখে থাকতে ভুতে কিলাই বিএনপির মামলা গুলো আবার চালু হোক	Political Hate
10038206	রুমীন ফারহানার কথা অনুযায়ী ২০০৯ সালের নির্বাচিত আওয়ামীলীগ সরকার ইউনুস সরকারের তুলনায় ভালো  এবার দেখা যাক ২০০৯ সালের নির্বাচিত আওয়ামীলীগ সরকারের আমলনামা  ২০০৯ সালের পিলখানা হত্যাকাণ্ড ২০১৩ সলের শাপলা গণহত্যা ২০১৩ সালের ২৮ ফেব্রুয়ারি গণহত্যা এতো কিছুর পরেও ২০০৯ সালের নির্বাচিত আওয়ামীলিগ সরকার ইউনুস সরকারের তুলনায় উত্তম	None
10038207	এটা কি করলো পিনাকী দাদা  সবাইতো জেনে গেলো তার সাথে রাতে ১ জন লাগে  এখনতো রুমিন ফারহানা রাতের রেট আরো বাড়িয়ে দিবে	None
10038208	রুমিন তো র'এর এজেন্ট	None
10038209	দাদা র প্রতি ভালবাসা বেড়েই চলেছে	None
10038210	১৫ বছরে তার ভাই ছিলো তার সাথে এখন তো আর নাই তাই এখন আর নিরাপদে নাই	None
10038211	ইনকিলাব জিন্দাবাদ	None
10038212	ফেরাউন এক মুখে দুই কথা বলতো রুমিনও ফেরাউন এর অনুসারী	Religious Hate
10038213	মা‌ গি বা‌জি	Abusive
10038214	ইনকিলাব জিন্দাবাদ	None
10038215	রুমিন ফারহানার বিয়ে না হওয়া পর্যন্ত এই বাংলায় কোন নির্বাচন হবে না  কোন ভোট হবে না ইনকিলাব জিন্দাবাদ	None
10038216	এগিয়ে যান	None
10038217	তুমি পিরে আলেম নূরে কালেম	None
10038218	তাকে বিয়ে দেন	None
10038219	বাঁশ একেবারে আইক্কা ওয়ালাটা দেওয়া উচিৎ ছিল	Abusive
10038220	পিনাকী দা রুমিন আর ফজুর মতোন ছাগলের ছাদের মিষ্টি বাসায় সমালোচনা করবেন না করা করা গালি দিবেন এইসব কুজাতদের নিয়ে ভিডিও বানাইলে	Abusive
10038221	ভাই রুমিন তো গ্যাস	None
10038222	শেখ রুমিনুর রহমান	None
10038223	আমি মান্নার ভাষায় বলতে চাইএইইই রুমিন ভালা হইয়া যা	None
10038224	আমি তিব্র প্রতিবাদ জানাচ্ছি এভাবে একজন অবিবাহিত একা মানুষকে এভাবে বাাঁশ দেয়া উচিত হয়নি সহ্য হবে	None
10038225	এটা কি করলো পিনাকী দাদা  সবাইতো জেনে গেলো তার সাথে রাতে ১ জন লাগে  এখনতো রুমিন ফারহানা রাতের রেট আরো বাড়িয়ে দিবে	None
10038226	পিনা কি দাদা জিন্দাবাদ আপনাকে স্যালুট জানাই দাদা	None
10038227	পিনাকী দাদা আপনের সাথে আমার জরুরি কথা ছিলো আমার প্রতিবন্ধী বড়ো কে ধর্ষণ করছে আগমী লীগের নেতার বড়ো ভাই আমি মামলা করছি কিন্তু লোকজনের মুখে শুন্তাছি ওরা নাকি টাকা দিয়ে মেডিকেল রিপোর্ট নষ্ট করে ফেলবে তাই আমি আপনের সহজগিতা চাই কিভাবে আপনের সাথে কথা বলবো	None
10038228	ওনাকে তারা তারি বিয়ে না দিলে আরও ভয়ংকর হতে পারে রুমিন পারহানা	None
10038229	এটা কি করলো পিনাকী দাদা  সবাইতো জেনে গেলো তার সাথে রাতে ১ জন লাগে  এখনতো রুমিন ফারহানা রাতের রেট আরো বাড়িয়ে দিবে	None
10038230	এই শয়তান মহিলা বিএনপি না আওয়ামীলীগের রাজনীতি করেন জনগণ বুঝবার পারছে না হাসিনাকে আইনী সহায়তা দেওয়ার জন্য উনাকে ভারতে পাঠিয়ে	Political Hate
10038231	মনের কথা	None
10038232	ভাই আপনার ভিডিও গুলো তে খুব বিনোদন পাইহা হা হা আমি ঘুম থেকে উঠে নিউজ দেখার পর আপনার ভিডিও সার্স করি	None
10038233	রুমিনের এমন বেশ কেমনে হলো	None
10038234	রু‌মিন‌কে দাদায় খে য়ে দি‌লো	Abusive
10038235	নওগাঁ জেলার মান্দা থানা দেলুয়াবাড়ী বাজার এ পাইলট  রায়হানআলামিনসোহেল মাদক ব্যাবসা কে এমন পর্যায় নিয়ে গেছ এরা হেরোইন গাঁজাইয়াবাফেনসিডিল এর দোকান দিয়ে বিক্রি করে দেলুয়াবাড়ী বাজার মুরগিহাটি পাইলট এর বিল্ডিং এর পিছনে তাদের মাদক এর দোকান কেউ কিছু ভয় এ বলতে পারে না কারন তারা এক ভয়ঙ্কর কিশোর গ্যাং কে ব্যাবহার করে আর এদের শেল্টার দেয় মান্দা থানা বিএনপির সভাপতি মকলেছার রহমান মকে মকলেছার রহমান মকে তাদের থেকে টাকার ভাগ নেয় আর এই মাদক ডিলারদের রক্ষা করে	None
10038236	এটা কি করলেন দাদা  সবাইতো জেনে গেলো তার সাথে রাতে ১ জন লাগে  এখনতো রুমিন ফারহানা রাতের রেট আরো বাড়িয়ে দিবে	None
10038237	রুমিন ফারহানাকে একটা ঐ মহিলার মতন দেখা যায়	Abusive
10038238	দাদা সেই ডলা নিলেন তবে ওর নুড পাব্লিক ভাইরাল হওয়া চাই	None
10038239	কৃতজ্ঞতা পিনাকী দাদা দিল্লির দাদিকে ভালো করে ধুয়ে দেওয়ার জন্যে	None
10038240	এটা কি করলো পিনাকী দাদা  সবাইতো জেনে গেলো তার সাথে রাতে ১ জন লাগে  এখনতো রুমিন ফারহানা রাতের রেট আরো বাড়িয়ে দিবে	None
10038241	সারা দেশের মানুষ এক হয়ে প্রধান উপদেষ্টা বানিয়েছিল এটা কি এক ধরনের ভোট নয়	None
10038242	শামিম ওসমানের বান্ধুবি	None
10038243	এটা কি করলো পিনাকী দাদা  সবাইতো জেনে গেলো তার সাথে রাতে ১ জন লাগে  এখনতো রুমিন ফারহানা রাতের রেট আরো বাড়িয়ে দিবে	None
10038244	দাদা আপনাকে কৃতজ্ঞতা সত্য বলার জন্য	None
10038245	ইনকিলাব জিন্দাবাদ	None
10038246	রুমিন ফারহানা ভারতের টেলিভিশনে দেশের সুনাম ক্ষুন্ন করেছে তিনি একজন দেশদ্রোহী বহুরুপি উদ্দেশ্যহীন অগোছালো একজন মানুষ	Abusive
10038247	বাংলাদেশের দুই নক্ষত্র ইলিয়াস পিনাকি	None
10038248	পিনাকী ভাই কেমন আছেনআপনাকে ভালো মানুষ ভেবেছিলাম চরমনাইর একটা বিশাল শমাবেস হইল অথচ আপনি নিরবতা বজায় রাখলেন বিষয়টা ভালো লাগেনি	None
10038249	দাদা আপনি সঠিক বলে ছেন ইনকিলাব জিন্দাবাদ	None
10038250	পিনাকী দাদাকে কৃতজ্ঞতা	None
10038251	দাদা ডলাটা জবরদস্ত হইছে ইনকিলাব জিন্দাবাদ	None
10038252	দাদা ওরে আরো উচিত শিক্ষা দেয়া উচিত	None
10038253	কৃতজ্ঞতা	None
10038254	দাদার বালও ছিঁড়তে পারবেন'না	Profane
10038255	দাদা জিন্দাবাদ ️	None
10038256	ভরে দিলো	None
10038257	সাব্বাশ দাদা সব কিছু দুয়ে দিলেন	None
10038258	এটা কি করলো পিনাকী দাদা  সবাইতো জেনে গেলো তার সাথে রাতে ১ জন লাগে  এখনতো রুমিন ফারহানা রাতের রেট আরো বাড়িয়ে দিবে	None
10038259	অনেক ভালো ছিলো দাদা	None
10038260	রুমিন ফারহানা হলো দুমুখো সাপ	None
10038261	কৃতজ্ঞতা দাদা এভাবেই ধুয়ে দিবেন হেতিও ভাবতে পারেনা	None
10038262	আপনি আমাদের লেডি ঐশেল্ডাঊণ  আপণাকে ণীয়ে আমড়া গড়ভীৎৎো	None
10038263	ফজু পাগলা রুমিন ফারহানার ক্যারাই উঠেছে	Abusive
10038264	রুমিন ফারহানা নিপাত যাক তিনি আবোল তাবোল বকছেন ভারতের দালাল	Abusive
10038265	পাকিস্তানের বীর্য এত শক্তিশালী পারমাণবিক এর চাইতে ভয়ানক তা যুগ যুগ ধরে ভয়ে বয়ে যায়	None
10038266	এ মহিলায় সবারচেয়ে উনমাত পাগল লুবি তারচেয়ে খারাপ নায়	Abusive
10038267	কৃতজ্ঞতা দাদা রুমিন ফারহানা ওরফে বিএনপি মমতাজ খানকি খালা আম্মাকে বাস দেয়ার জন্য	None
10038268	খানকি মহিলা	Profane
10038269	আপনি একটা ফাজিল লোক পারেন না দেশের ভেতরের ঝগড়া মিটাতে উল্টো বিদেশে বসে দেশের ভিতরে প্যাঁচ লাগান কেন আপনাকে কেউ বলছে প্যাঁচ লাগাতে সন্দেহ হয় আপনি হয়তো ছাত্র প্রজা নাহলে সবাইকে নিয়ে বলেন ছাত্রদের নিয়ে কিছুই বলেন না	Abusive
10038270	ও যে বাবাপিনাকি তুই তো এক বাটপার	Abusive
10038271	বিএনপি বলেছিল ২৪'জুলাই আগস্ট আন্দোলনের পুর্বে মির্জা ফকরুল আমরা নাই আন্দোলনের সাথে সরাসরি হাসিনা পালানোর পর আমরা আন্দোলনের শরিক ছিলাম এখন বলছেন ৩২ নাম্বার 'মব ভায়োলেন্স' কয়েকদিন পর কি বলবে সবাই জানে সংবাদ মাধ্যম ক্ষমতাধর বিবিসি যে হাসিনার ভয়ংকর সত্য দেখাচ্ছে কাল সেটারও বিএনপি সিসিপি ভন্ড প্রতিবাদ করবে বর্তমানে 'নতুন বিটিভি' ছাড়া বাংলাদেশ প্রাইভেট চ্যানেল গুলো বিএনপির সাথে মিলে পুরানো খাসলত আবার চালু করেছে	Political Hate
10038272	পিনাকি ভট্টাচার্য ভাইয়া আপনি যদি সাবেক ঢাকা মেট্রোপলিটন এর কমিশনার পুলিশের অতিরিক্ত আইজিপি হাবিবুর রহমান কে নিয়ে একটা ভিডিও করেন ক্ষুবই ভালো হয় সে বেদে সম্প্রদায় ও হিজরা সম্প্রদায় কে নিয়ে উন্নয়ন মূলক বিভিন্ন কর্মকান্ড পরিচালনা করে ছিলো যার জন্য উত্তরণ ফাউন্ডেশন প্রতিষ্ঠা করে ছিলো সেটা কি সত্যিই সামাজিক উন্নয়মূলক কর্মকাণ্ড ছিলো না কি বৈদেশিক সহায়তা ফান্ড হাতিয়ে নেয়ার কোনো গোপন কৌশল ছিলো কি নাপ্লিজ প্লিজ প্লিজ ছোট ভাইয়ের এই ভিডিও এর আশাটা পূর্ন করবেন	None
10038273	বিএনপির ভরাডুবির জন্য এই হারামজাদিই যথেষ্ট	Profane
10038274	চোরের মুখে ধর্মের কাহিনী শোনার মত লোক এই আমাদের দেশে ছাড়া অন্য কোথাও এরকম বাঙ্গু খুঁজে পাবেন না	Abusive
10038275	এই বুইড়া মহিলাডারে এইভাবে উলঙ্গ করাটা একদম ঠিক হয়েছে	Profane
10038276	হাহাহা ️️️	None
10038277	পিনাকি দাদা চুপ্পু আর ওয়াকার এই দুইটাকে সরানোর ব্যবস্থা করেন দাদা তাহলে আমরা দেশের সাধারণ মানুষ শান্তিতে থাকতে পারবো আর এই স্বৈরাচার আওয়ামী লীগ বিএনপি জাতীয় পার্টি এদের হাত থেকে মুক্তি পাব এই মাল দুইটাকে সরানোর ব্যবস্থা করেন দাদা	Political Hate
10038278	দাদা এই ভিডিওর অপেক্ষায় ছিলাম	None
10038279	মুখোশ ধারি রুমিন ফারহানার মুখোশ উন্মোচন করার জন্য কৃতজ্ঞতা	Abusive
10038280	ফালতু মহিলা নতুন মমতাজ	Abusive
10038281	নব্য ফ্যাসিবাদি কাওয়া কাদের ফজলু আর নব্য মমতাজ বি এন পিচাদাবাজি দল দুরনিতিবাজ মামলা বাজ তখন সামি শামিশ ওসমান ছিল বলে আওয়ামলীগ আমলে তাই রাএে ভয় ছিল না	Political Hate
10038282	কৃতজ্ঞতা পিনাকী ভট্টাচার্য দাদা এই বদমাইশ মহিলার মুখোশ উন্মোচন করার জন্য	None
10038283	আমার ভালবাসার দল বি এনপি কে আর কোন ফ্যাসিবাদি হয়ে ওটতে দেওয়া হবে না	Political Hate
10038284	দাদা আপনাকে স্যালুট বিএনপি চরিত্র এখন আওয়ামী লীগের সাথে মিশে যাচ্ছে	Political Hate
10038285	রুমিন ফারানা এত বেয়াদব মহিলা আগে জানতাম না শেখ মুজিবের রক্ত তার শরীরে আছে মনে হয় তা নাহলে ৩২ নাম্বার ভাঙলে কেন সমস্যা হয়	Abusive
10038286	জঘন্য রুমিন	Abusive
10038287	ওরা আসলেই ইন্ডিয়ান র	Abusive
10038288	তুমি তো ভন্ড	Abusive
10038289	সেরা সেরা	None
10038290	ঠিক বলছেন এই রুমিন ফারহানার জন্য বিএনপি কে দেখতেই ইচ্ছা করে না  কত বড় পল্টুবাজ এই মহিলা ক্ষমতার জন্য পাগল হয়ে গেছে	Political Hate
10038291	আমি নিজে দেখেছি আওয়ামী লীগে ধরে নিতে রুমিন ফারহানার গাড়ি থেকে পড়ার সময় পাছার কাপড় ঠিক ছিল না	Profane
10038292	যারা ৩২ নম্বর ভাঙার বিপক্ষে তারা সবাই কুকুরলীগের সদস্য রুমিনের কোন দিক দিয়ে বাঁশ ঢুকবে সে নিজেও জানেনা	Political Hate
10038293	যে যাই বলেন ভাই রুমিন ফারহানা কিন্তু একটা সেই লেভেলের মাল	Abusive
10038294	ইনকিলাব জিন্দাবাদ	None
10038295	দাদা খালি উচিত কথা কয়	None
10038296	যে কহে বেশি সে কহে ভুল	None
10038297	আমি রুমিন ফারহানাকে বিয়া করতে চাই আমার বাড়ি ব্রাহ্মণবাড়িয়া বিসফলতানগর পিনাক দাদা আপনি এই সংবাদটা ছড়িয়ে দেন সবার মধ্যে আমি রাজি আছি	None
10038298	অনেক কৃতজ্ঞতা দাদারুমিন ফারহানাকে এভাবে মুজিব এর থাম্বেল বানিয়ে দেওয়ার জন্য	None
10038299	বহু অপেক্ষার পর দিলেন সেই ছিল	None
10038300	রোমিন ফারহানা এর ছা নেওয়া দরকার তাহলে এতো দিকে কথা বলতে পারবে না কী বলেন	None
10038301	দাদা আপনাকে অসংখ্য শুভেচ্ছা এই রুমিন ফারহানা কে বাংলা ওয়াস সফলতাবাংলা করে দেওয়ার জন্য কৃতজ্ঞতা	None
10038302	ও যদি সুস্থ নারী হয় তাহলে আর মিডিয়াতে কথা বলবে না	Abusive
10038303	রুমিন খুব বাড়া বেড়েছে	None
10038304	দাদা আপনি যে ভাবে অন্য সকল নেতা কমীদের নিয়ে সমালোচনা করেন মনে হয় আপনি দুধে ধোয়া তুলসি পাতা আপনার মতন আরেক তুলসি পাতা ব্যারিস্টার সুমন সাহেব ছিল তারে কিন্তু দেশের জনগন জয় বাংলা কইরা দিছে	Political Hate
10038305	রুমিন হল মমতাজের বিএনপি ভার্সন	Political Hate
10038306	দাদাকে অনেক অনেক কৃতজ্ঞতা রুমিনের চরিত্র উন্মোচন করার জন্য	None
10038307	সুমির একটা ফালতু রাজনৈতিক নেতা ও কোন রাজনীতি জানে বেয়াদব একটা	Abusive
10038308	অস্থির ধোলাই	Abusive
10038309	দাদা আপনার ভিডিও গুলো খুব ভালো লাগে	None
10038310	সন্ধ্যার পরে উনি কেনো নিরাপদ নয়কি আছে উনার মাঝে যা হারানোর ভয়	None
10038311	উফ দাদা আপনার এই বাশ দেয়ার স্টাইল টা ফাটাফাটি	None
10038312	সেই হয়ছে দাদা️️	None
10038313	আপনি কার দালাল সেটা জনগণকে একটু জানাবেন	Abusive
10038314	প্রেমর আরেক নাম পিনাকি ভাই	None
10038315	এই ভিডিওটা আমিযে ককয়েকবার দেখছিঈদের আনন্দ লাগে	None
10038316	এই নষ্ট মহিলার কথা শুনলে মাথা নষ্ট হয়ে যায়	Abusive
10038317	এই নষ্ট মহিলার কথা শুনলে মাথা নষ্ট হয়ে যায়	Abusive
10038318	রুমির ফারহান ভারত রাজাকার দুর্নীতিবাজ খুনি হাসিনার কুকুর লীগ গুপ্তচর বিএনপির দলের শত্রু দেশের মানুষের শত্রু	Political Hate
10038319	এই ভিডিওটা আমিযে ককয়েকবার দেখছিঈদের আনন্দ লাগে	None
10038320	ইদানীং বেশি বাইরা গেছে আর এনসিপিরে নিয়ে ওনার বেশি চুলকানি	Political Hate
10038321	রুমি ভরা না আপা তাইলে আম্লিক তাড়ানোর দরকার কি ছিল শেখ হাসিনাই তো ভালো ছিল তোমার কাছে	Political Hate
10038322	আহ শান্তি	None
10038323	রুমিন চোরনী একটা	Abusive
10038324	ইনসাফ জিন্দাবাদ	None
10038325	সেই	None
10038326	পাকিস্তানি নাগরিক শোয়েব আব্দুল্লাহ আপনার কি হয়	None
10038327	দাদা তিন্চির কি অবস্থা	None
10038328	রুমিন ফারহানা রাজাকার দেশদ্রোহী ওকে দেশ থেকে পাছায় লাথি মেরে বের করে দেওয়া হোক	Abusive
10038329	উফ্ দাদা কি বাঁশ টা দিলেন	None
10038330	নমস্কার প্রিয় পিনাকী দা রুমিন ফারহানা বিএনপি করে সেই অর্থে তার একটা জাত আছে হজু পাগলা আগে আওয়ামী লীগ করতো এখন বিএনপি করে সেই অর্থে তারও একটা জাত আপনার কোন জাত আপনি কোন জাতের দয়া করে এর পরের ভিডিও আপনার জাত প্রকাশ করবেন জি পি ও পিনাকি দা	None
10038331	ভন্ড রুমিনের মুখোশ উন্মোচিত কৃতজ্ঞতা দাদা	Abusive
10038332	গোফটা দিয়ে দেওয়া ভালো হতো	None
10038333	রুমিন ফারহানা চেতে কেন জানেন আওয়ামী লীগের কাছ থেকে ভাতা পাচ্ছে না তাই	Abusive
10038334	তোর কোন কোন জায়গায় ব্যাথা গো বান্ধবী রুমিন ফারহানা	None
10038335	আওয়ামী লীগের বিকল্প আমরা পেয়ে গেছি	None
10038336	পিনাকী দাদা রোমিন ফারহানা কে নিয়ে ভিডিও করেছেন এইসব মহিলারা দিনের রানী আপনি রাতের রানী দের নিয়ে ভিডিও বানালে ও এর চেয়ে ভালো হতো আমি একজন প্রবাসী ৪৫ বছর যাবত কুয়েতে আছি এইসব মহিলা কোনো রুচি সম্মত না এর চেয়ে বেশি কিছু লিখলাম না কৃতজ্ঞতা আপনাকে	None
10038337	দাদার মতো আরও কই জন থাকলে এই দেশে আসতে পারত না যাইহোক রুমিন কে দাদার বউ হিসেবে চাই	None
10038338	ইনশাসৃষ্টিকর্তা নব্য ভারতীয় দালাল বি এন পি আগামীতে গোয়ামা রা খাবে	Political Hate
10038339	দাদা নমস্কার আমার মোবাইল নাইএটা আমার ভাইয়ের মোবাইল আমি কি করব দেশে ফিরে আসার পর কারো সাথে দেখা করতে পারি নাইআমি দূলাল মিয়া ২১৬২০২৫ বুরূনাই থেকে আমি কোথায় যাব কে আমাকে রিসিভ করবে একটু আমার জন্য কিছু করেন ভাই	None
10038340	ভারতীয় মিডিয়াতে কথা বলে এবং দেশের বিরুদ্ধে কথা বলে সে নাকি দেশ প্রেমিক তাকে বিয়ে দিন সুস্থ হয়ে যাবেন	None
10038341	১৩৮ আমার দেখলেই ঘৃণা লাগে আর কথা শুনলে শরীর জলে তাই অর কথাই শুনি না	Abusive
10038342	রুমিন যদি বিএনপির পোলাপান না থামাই তো তাহলে দেখতেন দেশের পরিস্থিতি কোথায় গিয়ে দাঁড়াইত	None
10038343	বিএনপি ভূয়া	Political Hate
10038344	পিনাকিরদার প্রতিটি কথায় অমূল্য সত্যি সৃষ্টিকর্তাু আপনাকে দীর্ঘায়ু দান করুন আমিন	None
10038345	রুমিন যা বলছে ঠিকই বলেছে	None
10038346	মালাউনের ছা মাশসৃষ্টিকর্তা ইনশাসৃষ্টিকর্তা বলা বন্ধ কর তোর মত মালাউনের মুখে এইগুলা মানায় না	Abusive
10038347	দাদা কমই ধূইছেন আরো ধোওয়া উচিৎ ছিল	None
10038348	রুমিন মানেই শুয়ার ছানাআর পায়খানার ডাস্টবিন	Abusive
10038349	এবার ফাযিল পাগ্লার উপর একটা ভিডিও দাদা	None
10038350	এসব মহিলা গুলো দেশের আবর্জনা	Abusive
10038351	দাদা যে ভাবে সবার সামনে রুমিনার কাপর চোপড় খুলেছেন ওই অবস্থায়  কাপড় চোপড় খোলা  তার একটা ছবির খুব খায়েশ ছিলো	None
10038352	সত্য কথা বলার জন্য কৃতজ্ঞতা দাদা	None
10038353	দাদা সঠিক কথা নাইস	None
10038354	রুমিনের ছবিটা সেই হয়ছে	None
10038355	রুমিন ফ্যাসিবাদের প্রডাক্ট	Political Hate
10038356	দাদা শান্তি পেলাম	None
10038357	ফজু পাগলার সাথে রুমিন মমতাজের বিয়ে দেওয়া হোক	Abusive
10038358	এই আক্রমণ প্রফেসর ইউনুস সরকারের আমলেই হয়েছে তা রুমিন ফারহানা নিজেই বলছে আমরা তা স্পষ্ট শুনলাম	None
10038359	ইনকিলাব জিন্দাবাদ	None
10038360	আজ তক চ্যানেলের স্ক্রিনে লেখা ছিল রুমিন ফাফহানা	None
10038361	শয়তান দেখার ইচ্ছা হলে দেখে নাও ১নম্বর শয়তান	Abusive
10038362	কৃতজ্ঞতা পিনাকী দাদা	None
10038363	একটা নষ্ট নাটকবাজ মহিলা	Abusive
10038364	পৃথিবীর সবচেয়ে খারাপ মানুষ এই পিনাকী ভট্টাচার্যজাল ঔষধের ব্যাবসায়ী	Abusive
10038365	পিনাকী দাদা	None
10038366	বিএনপি কমিটি যদি স্থগিত না করতো আওয়ামী লীগ কোথায় গিয়ে দাঁড়াই তো	Political Hate
10038367	রোমানের এই বক্তব্যের পরেই বিএনপি'র কমিটি বাদ পড়েছে কিন্তু এটা মাথায় রাখতে হবে	None
10038368	স্যালুট দাদা	None
10038369	বাঁশ যায়গা মতো ঢুকাইয়া দিছে	Abusive
10038370	হেতির কিনতু বিয়েহয়নায় ইনডিয়ার আকাডা পছন্দা হৈছে	Abusive
10038371	এরা আওয়ামীর চেয়েও খারাপ	None
10038372	আপনাকে এখন তারাই হুমকি দেয় গালি দেয় যারা আওয়ামী লীগ থেকে মুখোশ পাল্টিয়ে বিএনপিতে যোগ দিয়েছে তারাই নতুন হাইব্রিড বিএনপি হয়ে আওয়ামী লীগের কাজ চালিয়ে যাচ্ছে	Political Hate
10038373	এই হালায় কোন বাল কয়	Profane
10038374	ইনকিলাব জিন্দাবাদ পিনাকী স্যার জিন্দাবাদ	None
10038375	রুমিন ফারহানা কোন দর্শনে এই ভাষ্য দিলেন	None
10038376	চলুক দাদা	None
10038377	গুরো স্যালুট আপনাকে	None
10038378	দাদা টুংগিপারার দিকে একটু যদি	None
10038379	কৃতজ্ঞতা দাদা ভাই এই বেটি কথা শুনলেই মেজাজ খারাপ হয়ে যায়	None
10038380	জায়গা মতো ভরে দিছে দাদা	None
10038381	আমার ভাই ডক্টর পিনাকী ভাই কে অনেক বেশ কৃতজ্ঞতা জানাই আমি ডক্টর পিনাকী ভাই সাথে আমি এক মত আছি	None
10038382	কৃতজ্ঞতা দাদা	None
10038383	পিনাকি ভট্টাচার্য বাংলার আপামরজনতার একজন অবিস্মরণীয় নেতা যিনি দেশকে ভালোবাসতে এবং দেশের জন্য নতুন করে ভাবতে এবং সকল ষড়যন্ত্র রুখে দিতে শিখিয়েছেন তার ত্যাগ এবং দিক নির্দেশনা আমাদের সর্বদা মনে রাখা উচিত	None
10038384	একটা কথা মনে রাখ জনগণ বিএনপিকে ভোট না দিলেও জামায়াতকেও ভোট দিবে নাদালালি কম করে করিসতোর তো ইহকাল পরকাল দুইটাই শেষ তাই সাধারণ মানুষকে তোর জ্বালে টেনে নিতেছোস	Political Hate
10038385	রুমিনদের মত নাগিন নাগরা যতদিন বাংলাদেশে থাকবে ততদিন দেশ কখনো শান্তি হবে না	Abusive
10038386	অন্তবর্তীকালীন সরকারকে নির্লজ্জ বলে রুমিন ফারহানা বলেছিলেন আসেন খেলি এটা কি নির্লজ্জতার চরমপন্থী নয় কি	Abusive
10038387	পিনাকী দা যাকে ধরে তার পিছন দিয়ে নাড়িভুড়ি সব বের করে ফেলে	None
10038388	আপনার এক এক টা কথা যেন এক একটা মিসাইল ইরানের	None
10038389	কৃতজ্ঞতা দাদা তোমাকে এই শালির মুখোশ উম্মোচন করার জন্য	None
10038390	কি বলব আর আপনাকে দাদা ভাষায় প্রকাশ করা যাবে না আপনার জন্য অনেক অসংখ্য প্রেম রইলো এত সুন্দর করে রুমিন ফারহানা কে উচিত জবাব দিয়ে দিলেন	None
10038391	শামীমের খাটের সঙ্গীকে লেঙ্গটা করার জন্য কৃতজ্ঞতা	None
10038392	রুমিনকে জয় বাংলা করে দিলেন দাদা	None
10038393	রুমিন কে বিচারের আওতায় আনা দরকার	None
10038394	সৃষ্টিকর্তা নাম নিয়ে কারো গর ভাংচুর করে জানোয়ার রা	Religious Hate
10038395	ইনকিলাব জিন্দাবাদ	None
10038396	জিনিস আপনি একটা	None
10038397	রুমিনফারহানাকে জুদি বামনবারিয়া মানুস বোট দেয় চরম বুল করবেন	None
10038398	সত্যর পথে চলা পিনাকি স্যার আর সাংবাদিক ইলিয়াস	None
10038399	রুমিও ফারা দেশদ্রোহী ওর বিচার আগে করতে হবে	None
10038400	বাঁশটা সেই রকম দিয়েছেন দাদারুমিন হল বি এন পির মমতাজ	Political Hate
10038401	বিয়েনপি খমতায় আসলে দেশের মানুসের গলাচেপে দরবে	Abusive
10038402	রায়ের কাছে আরো অনেক ভিডিও আছে	None
10038403	রুমির একটু বেশী ফালায়ঠিক মত ধরেছেন দাদা এই ফালতু মহিলার কথা শুনলেই প্রচুর রাগ উঠে	Abusive
10038404	বাদদ দেন মািিগগ বেটি মানু্ষ	Profane
10038405	বাঁস দিলেন দেখে মজা পাইলাম দাদা	None
10038406	সত্য কথাটি বলার জন্য কৃতজ্ঞতা লাঙ্গ ঠিক বাতার ঠিক রাখে	None
10038407	অসত্য কথা না বললে রুমিন ফারহানার মাল বের হয় না	Abusive
10038408	বাংলাদেশের নির্বাচন নিয়ে দেশের মানুষের চেয়ে ভারতীয়দের আগ্রহ বেশি	None
10038409	রুমিন ফারহানা আওয়ামী লীগের দালাল বলে আওয়ামী লীগের বিভিন্ন নেতার মত একা একা বের হতে ভয় পায় চোরের মনতো পুলিশ পুলিশ থাকবে এটাই স্বাভাবিক	Abusive
10038410	আপনার উপস্থাপনা অনেক সুন্দর	None
10038411	আমরা আগে থেকে জানতাম রুমিন ফারহানা মির্জা ফখরুল ইসলাম আলমগীরও মির্জা আব্বাস ওরা হচ্ছে আওয়ামী লীগ ও ভারতের দালাল	Abusive
10038412	রুমিন পাগল হয়ে গেছে	Abusive
10038413	ওরে গাদা শেখহাসিনা আমনে রিজাব ছিলো ২৬ বিলিয়ন মার্কিন ডলার গাদা পিনাকি	Abusive
10038414	অসংখ্য কৃতজ্ঞতা ও 5 আগষ্টের পর থেকেই পাগল হয়ে গেছে ওরে ধরা উচিৎ ছিলো	None
10038415	বিএনপিকে জনগণ ডাস্টবিনে ফেলে দিবে	Political Hate
10038416	রুমিন ফারহানা সাথে বেইমানি করেছে	Abusive
10038417	অসাধারণ দাদা	None
10038418	রুমিন যে একজন আওয়ামী লীগের দালাল সেটা অনেক আগেই প্রমাণিত	Abusive
10038419	দাদা এই খানকিরে চালিয়ে যেতে দেন তাই চালিয়ে যাওয়া মানে বিএনপির গোয়া মারা সারা	Profane
10038420	পুরো ওয়াস করি দিছেন	None
10038421	শুভেচ্ছা পিনাকী দাদা	None
10038422	দাদাকে কৃতজ্ঞতা	None
10038423	খাট কাঁপানো রুমিন কখন যে কি বলে	None
10038424	আপনার আবার চক্ষু লজ্জা আছে 3 ইঞ্চি পুরো দুনিয়া দেখলো কি আর কমু বাটপার	Abusive
10038425	ইনকিলাব জিন্দাবাদ	None
10038426	বাংলা রোস্ট	None
10038427	জন্মের পর বুঝ আসার পর থেকে রাজনীতির কুখ্যাত কুৎসিত রাজনীতি বা নেতা দেখেছি আর রাজনীতিকে ঘৃণা করেছি কখনো রাজনীতি করার প্রয়াস বা ইচ্ছে হয় নাই  কিন্তু আপনি কখনো বাংলাদেশের রাজনীতিতে আসলে ইনশাসৃষ্টিকর্তা বিনা স্বার্থে আপনার রাজনৈতিক সহযোগী হবো	Political Hate
10038428	এই মাগিটাকে আরও আগেই জয়বাংলা করার দরকার ছিল দাদা	Abusive
10038429	কৃতজ্ঞতা দাদা দারুন বলেছেন বিএনপি শেষ	None
10038430	দাদা কলিজা ঠান্ডা করা একটা এপিসোড ️	None
10038431	মীরজাফর যুগে যুগে	None
10038432	খুব সুন্দর ভাবে ধুয়ে দিসেন দাদা খুব চমৎকার হইসে সারা বাংলাদেশ আপনার সাথে আছে আমাদের সকলের উচিত বিএনপি কে বয়কট করা এবং ক্ষমতায় আসতে না দেয়া সবাই মিলে একটি ঐক্য গড়ে তুলুন দেশ রক্ষার কাজে	None
10038433	ফজু পাগলা কে	Abusive
10038434	ইনকিলাব জিন্দাবাদ	None
10038435	খুব ভালো লাগলো	None
10038436	দাদা টুংগি পাড়ার দিকে একটু নজর দেন	None
10038437	রুমিন নয় টোটাল দলই এক অবস্থা	None
10038438	নাসিম একাটা	None
10038439	দাদা অসংখ্য কৃতজ্ঞতা	None
10038440	বাংলায় আপনার মতো যোগ্য একজন নেতার দরকার ছিল হয়তো ভবিষ্যতে দেখতে পাবো আশা রাখলাম	None
10038441	রুমিন তুতো গায়া	None
10038442	ভারতে দালাল হতে চায় কিন্তু ভারত তাকে নিচ্ছে না	Abusive
10038443	পরম ভক্তি ভাজন দাদা  আপনাকে অনেক বেশ কৃতজ্ঞতা  মুখোশ ধারি রুমিন ফারহানার মুখোশ খুলে দেওয়ার জন্য  দাদা ভালো থাকেন ও সুস্থ থাকেন  ইনকিলাব জিন্দাবাদ  আমিন	None
10038444	আজকে আওয়ামী লীগ করমু কালে বি এন পি করমু পরশু জামাত করমু স্বাধীন দেশে যখন যার খুশি যে কোন দল করতে পারে যদি সে অপরাধী না হয় দল পরিবর্তন কোন অপরাধ নয় এক দল ভালো না হলে ভিন্ন দল চয়েস হতেই পাবে	Political Hate
10038445	রুমিনকে আর ফজু পাগলাকে একসাথে বিয়ে দিয়ে দেওয়া উচিত এই দুটোকে এই দেশ থেকে বের করে দেওয়া উচিত এরা মানুষের ছা না এরা বেইমানের ছা এরা মুনাফিকের ছা	Abusive
10038446	টিক দাদা	None
10038447	কৃতজ্ঞতা দাদা আপনাকে	None
10038448	দাদা আপনি কি জিনিস আপনাকে স্যালুট জানাই	None
10038449	বেশ্যার ছেলে পিনাকী বাংলা ভাষায়	Profane
10038450	২০২৬ সালে নির্বাচন হবে না	None
10038451	অভিনন্দন দাদা সত্যকে সুন্দরভাবে জাতির সামনে প্রকাশ করার জন্য	None
10038452	টিক দাদা	None
10038453	সেলুট দাদা ভারতের সাথে কোনো ভাবেই বন্ধুত্ব হতে পারে না	None
10038454	বিএনপির বৃদ্ধা নেতারা ক্ষমতায় যাওয়ার জন্য মরিয়া হয়ে গেছে তাদের মৃত্যুর আগে ক্ষমতার স্বাদ নিতে হবেই যেভাবে হোক তারা ইন্ডিয়া এবং পতিত আওয়ামীলীগের সাথে আতাত করে ক্ষমতায় এসে নিজেদের আখের গোছাতে চায় এই দলকে বয়কট করুন	Political Hate
10038455	দাদা একেবারে জায়গা মতো দিছে রে	None
10038456	দাদা বাশটা খুব ভালো লাগছে	None
10038457	আমার ছেলে বলতেছে যে মুজিবর আর হাসিনা মিক্সড করলে এরকম দেখতে হয় রুমিন ফারহাহাহাহা	None
10038458	তোর কোন কোন জায়গায় ব্যথা গো বান্ধবী ললীতা	None
10038459	রুমিন ফারহানার মত লোকেরা ছিলো বলে ই আম্লীগ ১৫ বছর ক্ষমতায় ছিলোভিন্ন সময় ভিন্ন কথাউনি ব্রাহ্মণ্যবাড়ীর কলঙ্ক ব্রাহ্মণবাড়িয়ার যেই আসন থেকে উনি নির্বাচন করবে গো হারা হারবে	Political Hate
10038460	দাদা আমাদের খলিফা আপনি তো জানেন আমরা আপনার সব কথা শুনিমানি আপনার ধর্মীয় বয়ান আমাদের খুউব ভালো লাগে একট কথা দাদা শুধু নুনুর সামনের দিকের চামড়া টুকু একটু ছেটে ফ্যালান না খুব কষ্টের কিছু না আমরাও তো কেটে ফ্যালাই দিছি	None
10038461	ভালো লাগার মত একটা ভিডিও	None
10038462	রুমিন ফারহানা প্লাস হিরো আলমের বিয়ের দাবি জানাচ্ছি	None
10038463	রুমিন জয় বাংলা হয়ে গেছে	None
10038464	রুমিন ফারহানা কে নেংটা করে পিঠানোর দরকার এখন	Abusive
10038465	অনেক দিনের ইচ্ছে পূরণ হলো দাদা এই নোংরা মহিলার চাপাবাজী আর ভালো লাগে না  পিনাকি ভট্টাচার্য একজন বিশ্লেষণধর্মী চিন্তাবিদ ও স্পষ্টভাষী বক্তা তার রাজনৈতিক বিশ্লেষণ ও সোশ্যাল মিডিয়ার উপস্থিতি তাকে সাধারণ মানুষের কাছে জনপ্রিয় করে তুলেছে তিনি যেভাবে তথ্যউপাত্ত দিয়ে মত প্রকাশ করেন তা অনেকের জন্য চিন্তার খোরাক হয়ে দাঁড়ায়	Abusive
10038466	টুট শব্দের মানেটা কেউ বলে যান	None
10038467	অসংখ্য দিনের ইচ্ছে পূরণ আছে দাদা এই নোংরা মহিলার চাপাবাজী আর ভালো লাগে না  পিনাকি ভট্টাচার্য একজন বিশ্লেষণধর্মী চিন্তাবিদ ও স্পষ্টভাষী বক্তা তার রাজনৈতিক বিশ্লেষণ ও সোশ্যাল মিডিয়ার উপস্থিতি তাকে সাধারণ মানুষের কাছে জনপ্রিয় করে তুলেছে তিনি যেভাবে তথ্যউপাত্ত দিয়ে মত প্রকাশ করেন তা অনেকের জন্য চিন্তার খোরাক হয়ে দাঁড়ায়	Abusive
10038468	রুমিন ফারহানা  জয় বাংলা	None
10038469	আওয়ামী লীগ এনসিপি বিএনপি এসব দলাদলি তেমন বুঝিও না বুঝতে চাইও না কিন্তু আপনি যে অনেক বড় ভন্ডতা আপনার কয়েকটি ভিডিও দেখে বেশ বোঝা যায়আর আপনার যখন এতোই দেশপ্রেম তাহলে দেশে এসে এই প্রেম প্রকাশ করেন না কেনএকে নিজে পলাতক	Political Hate
10038470	দাদা যাই করেন ওর বিয়ের ব্যবস্থা করেন নির্বাচন এর আগে	None
10038471	তারেক রহমান আপনি ভুল করতিছেন আর ভুল করতে থাকলে হিন্দুস্তান + আপনার আশেপাশের র এর লোক দ্বারা খুন হবেন	Abusive
10038472	মভ মারানি	None
10038473	কোন রাজনীতিক যদি পতিত ফ্যাসিষ্ট হাসিনার সাথে যেতে চায় যেতে পারে সে ব্যাপারে সে সম্পূর্ণ স্বাধীন ফ্যাসিষ্ট হাসিনা তাকে সাদর অভ্যর্থনা জানাবে নিজেকে নিজেই যদি জয়বাংলা করে তাহলে কারো কিছু করার নেই এমন গলাবাজ মহিলা বিএনপিকে ইতিমধ্যে ডুবন্ত বাঁচার জন্য খড়কুটা আঁকড়ে ধরছে ডুবানোর জন্য একাই যথেষ্ট আর কারো দরকার নাই	Political Hate
10038474	এভাবেই আছিলা যুক্ত বাঁশ বাগান দেওয়ার জন্য বেশ কৃতজ্ঞতা দাদা	None
10038475	বি এন পি বয়কট	Political Hate
10038476	বিএনপি বয়কট	Political Hate
10038477	দ্বিতীয় মমতাজ	None
10038478	বিয়ে দাও ওরে	None
10038479	সাবাস পিনাকী দাদা	None
10038480	মাশাসৃষ্টিকর্তা আপনার মত ব্যক্তি সৃষ্টিকর্তা যেন আমাদের বাংলাদেশের আরো কিছু দান করেন তবে রিকুয়েস্ট থাকবে আপনার কাছে ফজলু সাহেবকে একটু বুঝাই দেন যে উনি আসলে ঠিক লাইনে নাই	None
10038481	কৃতজ্ঞতা	None
10038482	দাদা বিএনপির পিসনে লাগিশ নে	Political Hate
10038483	ফারহানা নিজের পায়ে নিজেই কুড়াল মারছে	Abusive
10038484	তরা দাদাকে দেশে নিয়ে আয় মাদারবোর্ড	Profane
10038485	এটা আরেক দীপুমনি	None
10038486	পিনাকী থেরাপি দেওয়া হোক	None
10038487	দাদা অসাধারণ এপিসোড সমালোচনা আর বিদ্বেষ এক জিনিস নয় গঠনমূলক সমালোচনার উদ্দেশ্য ভুলগুলো তুলে ধরা যাতে সংশোধনের সুযোগ থাকে দেশের দ্বিতীয় বৃহত্তম রাজনৈতিক দল হিসেবে বিএনপির দায়িত্বও অনেক তাদের আদর্শ থেকে বিচ্যুতি হলে সে বিষয়ে আলোকপাত করাটা দায়িত্বশীলতার পরিচয়	None
10038488	দনকি ভট্টাচার্য	None
10038489	দাদা পুরা ফায়ার	None
10038490	বি এন পি তে একজন পাগল এবং একজন পাগলী আছে এদের মুখের কথার কারনে বি এন পি র ক্ষতি হচ্ছে	Abusive
10038491	আমি একজন আরব আমিরাত প্রবাসী আমি বিএনপি সাপোর্টার ছিলাম বর্তমানে বিএনপির কর্মকান্ডে দেখে আমি ওদেরকে মনেপ্রাণে এখন ঘৃণা করি	Political Hate
10038492	দাদা অনেকদিন পরে বিনোদন পাইলাম এই মহিলার কাজ হচ্ছে গিয়ে আপনার গলাবাজি করা আমি লীগ সরকার আমলে উনি কি করছে বিএনপির জন্য শুধু রাত দশটার পর আসে আইসা টক শো করছে বিভিন্ন জায়গায় গেছে নিজের একটা ইউটিউব চ্যানেল ছিল ওই জায়গায় এসে শুধু বক্তব্য দিছে এই ছিল মনে করেন আপনার তাদের কাজ ছাত্ররা আজকে আন্দোলন করে দেশ থেকে তাড়াইছে এখন তো এজন্য তারা নির্বাচনে আসা ক্ষমতায় আসা এই স্বপ্ন দেখতে পারে কিন্তু দুঃখের বিষয় এই মহিলা সব ভুলে গেছে এবং কি ছাত্র আন্দোলনের সময় ওর বাসায় ​আক্রমণ পর্যন্ত চালাইছে লাইভে এসে পর্যন্ত বলছে সেইগুলো ভুলে গেছে ইন্ডিয়ার চ্যানেলে যাইয়া টকশোতে বক্তব্য দিতাছে তাও বাংলাদেশের সরকারের বিরুদ্ধে ফাজলামো একটা লিমিট থাকে ভাই এই মহিলার ভিতরে আমার কিছুই না শুধু গলাবাজি কইরা ভিউ বাড়ায় টকশোতে ডাকে তাছাড়া আর কিছুই না আপনি তো আর কমেন্ট গুলো দেখেন গাথা টকসা গুলোতে বেশিরভাগই কমেন্টস হচ্ছে ম ইন্ডিয়া দালাল এইসব আরকি আজকে যে বাঁশ টা দিচ্ছেন না খুব ভালো লাগছে ওর শিক্ষা হওয়া উচিত এইসব বেশ্যাদের বিয়ে হয় নাই তো মাথা ঠিক নাই ওই মতিও চৌধুরীর কাতারে এও যাইবো বোঝা শেষ	Profane
10038493	ইনকিলাব জিন্দাবাদ	None
10038494	সাবাশ দাদা	None
10038495	পিনাকী ভট্টাচার্য দাদা আপনাকে কী বলে কৃতজ্ঞতা জানাবো বুঝতে পারছি না আপনি আমাদের সমাজকে সত্যের আলো দেখাচ্ছেন আপনার প্রতিটি ভিডিও যেমন যুক্তিনির্ভর তেমনি মানুষের চেতনাকে জাগ্রত করে সৃষ্টিকর্তা আপনাকে সুস্থ রাখুন দীর্ঘ হায়াত দান করুন এবং সত্য প্রকাশে আরও শক্তি ও সাহস দিন আপনাকে শ্রদ্ধা ও প্রেম জানাই হৃদয়ের গভীর থেকে	None
10038496	চরম অসত্যচারী এই মহিলা পরীক্ষায় নকল করে আইনজীবি হয়েছে যে সব বিষয়ে সে টকশোতে গলাবাজি করেছে তার প্রত্যেকটিতে চরম মূর্খতার পরিচয় দিয়েছে ও ফ্যাসিষ্ট হাসিনার সুযোগ্য উত্তরসূরী	Abusive
10038497	গণজাগরণ মঞ্চে আপনার অবদান কি ছিলো	None
10038498	এই ভারতীয় দালাল দেশদ্রোহী রুমিনের আজীবন জেল হাজত চাই	Abusive
10038499	তুই এত ভালো মানুষ তো দেশে আসিস না কেন	None
10038500	আকাডা দাদা আপনি কি তুলসি পাতা নাকিদাদা দেশের মানুষ নিয়ে এত ভাবেন তাহলে দেশে কেন আসেন না আপনি	Abusive
10038501	মমতাজের ফটোকপি ফাউল একটা মহিলা	Abusive
10038502	দক্ষিণাঞ্চলের ভাষায় কই “ধরছে আইজকে রুমিনরে এক্কেবারে ছাই দিয়ে ধরছে দাদায়”	Abusive
10038503	এই মহিলাকে দেখলেই রাগ হই	Abusive
10038504	পিনাকী পিনিকে আসে	None
10038505	রুমিন ফারহানার ভারতের দালাল	Abusive
10038506	সে একজন আওয়ামী দালাল বিয়ে না করে নেতাদের নিচ তলা ভাড়া দিয়ে খুশি করায় যার মূল উদ্দেশ্য এদের মতো মীরজাফরদের জনসন্মুখে উল্টো করে ঝুঁলায় রাখায় হবে যথার্থ শিক্ষা ষ্টুপিড	Abusive
10038507	রুমিন ফারহানা দেখছি জিয়াউর রহমানের থেকে শেখ মুজিবের প্রতি দরদ বেশি	None
10038508	দেরিতে বিয়ে হলে যা হয় আরকি	None
10038509	দাদা ফ্রান্স থেকে রুমিরে সহবাস কইরা দিল	Abusive
10038510	আপনার জন্য প্রাণঢালা শুভেচ্ছা এবং অভিনন্দন সৃষ্টিকর্তা সুবহানাতায়ালা যাতে আপনাকে হেদায়েত দান করে পথে আসার জন্য সৃষ্টিকর্তাতালা আপনাকে গায়েবী সাহায্য করে মনের আশা পূর্ণ করে	None
10038511	আজকাল আসসালামুয়ালাইকুম পিনাকী দাদা আপনার জন্য দোয়া এবং প্রেম রইলো আমি মোঃ সুমন ঢাকা থেকে বলছি	None
10038512	আসসালামুয়ালাইকুম দাদাভাই ইনকিলাব জিন্দাবাদ ইনকিলাব জিন্দাবাদ আমার সালাম নিবেন	None
10038513	সব দালালদের এভাবেই মুখোশ উন্মোচন করতে হবে কৃতজ্ঞতা দাদা	None
10038514	ইনকিলাব জিন্দাবাদ	None
10038515	লেংটা সোলাইমান	Abusive
10038516	হক কথা	None
10038517	আরে ও একটা থাইরা গায় ও কখন কি বলে কিছুই বলতে পারে না দাদা আপনাকে অনেক কৃতজ্ঞতা ওকে এভাবে ধুয়ে দেয়ার জন্য	None
10038518	রুমিন ফারহানাকে দেখতে তো বানরের মতো লাগে	Abusive
10038519	ভাই আপনিও পারেন	None
10038520	বিএনপি পাগলাগুলারে থামায়না কেনো	Political Hate
10038521	সত্যিই সে আওমী ছাওয়াল	Political Hate
10038522	ভারতের দালাল	Abusive
10038523	গলাবাজ সুবিধাবাদী নেত্রী	Abusive
10038524	আর যাই হোক আমি এবং আমার পরিবারের কেউই বিএনপি কে ভোট দিবো না	Political Hate
10038525	রুমিন পল্টিবাজ বেশ্যার চেয়ে কম না	Profane
10038526	যে হাসিনা পালিয়ে গিয়ে বেচে গিয়েছে তার জন্য ফজলু পাগলা রুহি ফারহানাএত দরদ কেন তোর এত জ্বলে কেন জবাব দে জবাব দে ফারহানা তুই তো তসলিমা নাসরিনের মতো হয়ে গেছ ত দুই সাপের একই বিযনৌকা আর ধানের শীষ হাসিনার সাথে ইন্ডিয়া চলে গেলে পারতো	Abusive
10038527	বেস্সারা বেস্সা থাকে বেস্সারা কখনো ভালো হয় না	None
10038528	অহ ভালো ব্যক্তিটাও নষ্টামি শুরু করছে রুমিন	Abusive
10038529	দালাল দালাল দালাল দালাল দালাল দালাল দালাল দালাল দালাল দালাল দালাল দালাল দালাল দালাল দালাল খাস দালাল	None
10038530	বাঙালি সাংবাদিকগুলো দলভুক্ত হোকভালো হোক বা খারাপ হোক প্রতি স্মার্টনেস বজায় রাখেভারতের সাংবাদিক গুলো চুরের মত ভাব নেয়	Abusive
10038531	ফজলুরে একটু আইকাঅলা বাশ দিতে হবে	Abusive
10038532	পুরাই সফলতা বাংলা হয়ে গেছে	None
10038533	দাদা আমার মনে হয় সিউর আপনি পাকিস্তানের এজেন্ট  ইতিহাসের দায় মুচন বলতে কি বুজান পাকিস্তান থেকে স্বাধীন হওয়ার দায় মুচন  আপনিও ছাড় পাবেন না ব্রেন ওয়াশ আর কতদিন চলবে	Abusive
10038534	ভুয়া ওষুধ বিক্রি করে অসংখ্য শিশু হত্যা করে দেশ থেকে পালিয়ে গেছেন এখন ফ্রান্স বসে শয়তানি করেন	Abusive
10038535	সুন্দর করে বাশ দেওয়ার জন্য কৃতজ্ঞতা দাদাকে	None
10038536	ছবি টাকা অসাধারণ ছিলো	None
10038537	কৃতজ্ঞতা দাদা	None
10038538	ইনকিলাব জঙ্গিবাদ	Abusive
10038539	শামীম উসমানের বউ	None
10038540	এবারের ব্যাখ্যা অসম্ভব সুন্দর ছিল	None
10038541	এই মহিলার বিন্দু মাত্র সরম লজ্জা কিছু নেই কৃতজ্ঞতা দাদা সত্য কথা গুলো তুলে ধরার জন্য	Abusive
10038542	দাদা ছোট ভাই হিসাবে আপনার কাছে একটা অনুরোধ আপনি কারো ব‍্যক্তিগত মতামত কে দলীয় সিদ্ধান্ত বলে প্রচার করবেন না যদি সেটা বেগম খালেদা জিয়া জনাব তারেক রহমান অথবা মীর্জা ফখরুল ইসলাম আলমগীর সাহেবের মুখ থেকে যদি আসে তাহলে সেটাকে আপনি দলীয় সিদ্ধান্ত ফলে বিবেচনা করতে পারেন অন‍্য কারে কোনো কথাকে আপনি দলীয় সিদ্ধান্ত বলে প্রচার করবেন না এটা আপনাকে উপদেশ না ছোট ভাই হিসাবে আপনার কাছে আমার অনুরোধ বেয়াদবি মাপ করবেন	None
10038543	একে দৌলতদিয়ার দ্বায়িত্ব দেয়া হোক	None
10038544	নির্বাচন যত দেরিতে হবে তত বিএনপির নেতা কর্মীরা মানুষের মন থেকে উঠে যাবে	Political Hate
10038545	তার তো অনেক জায়গায় ব্যথা কোন কোন জায়গার কথা বলবে সে……	None
10038546	তুই এতো বড় মানুষ হলে দেশে আসিস না কেন তুই একটা জজ্ঞি	Abusive
10038547	এক কথায় অসাধারণ হয়ে সংবাদ দাদা	None
10038548	সমীর ফারানা উচিত বাংলাদেশের সরকার নিয়ে ভারতের কাছে পাচার করে দিচ্ছে তুমি অসত্য সংবাদ প্রচারণা করছে এই অপরাধের কাহিনী হতানো উচিত এবং বিএনপিতে তাকে বহিষ্কার করা উচিত কারণ বিএনপি দলকে তারা দুজনে ডুবাতে ব্যস্ত	Political Hate
10038549	রুমিন ফারহানা আওয়ামী মা গী ছিল সেটা আমরা আগে থেকেও জানি	Political Hate
10038550	এবারের ব্যাখ্যা অসম্ভব সুন্দর ছিল	None
10038551	দাদা ঐ মাগীরে ভরে দিয়েছে	Profane
10038552	দাদা সেই মজা পাইছি	None
10038553	এই আপাকে হিজড়া বললে ভুল হবে আমার	None
10038554	আঁতেল বেডি নিসন্দেহে ইন্ডিয়ার দালাল	Abusive
10038555	রুমিন ফারহানা আওয়ামী ১ নাম্বার দালাল	Abusive
10038556	এই রুমিন ফারহানা ছাত্র ছাত্রীর আন্দোলন এ মাঠে ছিলো আর তুমি শুরুর দিকে ছিলে বিপরীত দিকে	None
10038557	এই মাল দাও তো তাহাজ্জুদের সময় মাল খায় তা কি বলবে ও ভুলভাল ছাড়া	Abusive
10038558	সবথেকে সুন্দর ভিডিও ওইটা হয়েছে	None
10038559	আরেকটি বিষয় রুমিন ফারহানা হিন্দু মহাজোটের সভায় কি করে	None
10038560	আমি মনে করি জনাব তারেক রহমান এই ভিডিও দেখার পরে মোনাফিক রুমিন ফারহানকে বিএনপি থেকে বের করে দেবে	Abusive
10038561	ভারতের দালাল এর এজেন্ট রুমিন ফারহানাকে অতি দ্রুত গ্রেফতার করা হোক	Abusive
10038562	কি বলবো দাদা কে কোন মুখোশ পড়ে আছে বোঝার উপায় নাই এই ভন্ডকে দেখে আগে মনে করতাম এই হয়তোবা আইনজীবী আমাদের উপকারে আসবে কিন্তু এখন তো দেখছি আওয়ামী লীগের দালাল হয়ে গেছে মানুষ চেনায় বড় মুশকিল দাদা	Abusive
10038563	বাসটা একদম ঠিক মতন দিয়েছে	None
10038564	শরম লজ্জাহীন এক পার্টিতে রূপ নিচ্ছে বিএনপি	Political Hate
10038565	রুমিন ফারহানা গোপনে আওয়ামী দোসর ছিলো	Abusive
10038566	রুমিন ফারহানাকে বিএনপি থেকে বহিস্কার করা হোক	Abusive
10038567	৩২ ভাঙ্গার দায়ে একদিন পিনাকি কে ফাসির কাটগড়ায় দাড় করাতে হবে	Abusive
10038568	বিএনপির প্রতেকটা এভাবে ছুলে দিতে হবে	Political Hate
10038569	দাদা যা দিলেন না সামলানো দায় সব উন্মোচন করে দিলেন ইনকিলাব জিন্দাবাদ	None
10038570	দাদা দিলেন বরে	None
10038571	কৃতজ্ঞতা পিনাকী দাদা সত্যগুলো প্রকাশ করার জন্য	None
10038572	মুড নষ্ট করার জন্য রুমিনের মুখ দর্শন যথেষ্ট	None
10038573	খুব সুন্দর বলেছেন দাদা	None
10038574	দাদা আপনি রুমিন ফারহানার আটু খেলাই দিতে পারবেনি বেশ্যার ভোদায় কিনতু অনেক গন্দ তাই তারে কেউ চোদেনা	Profane
10038575	নেশা করে ভিডিও বানান নাকি	None
10038576	বান্ধবী ললিতা গানটি রুমিন ফারহানার জন্য 100 প্রযোজ্য	None
10038577	পৃথিবীর ইতিহাসে সবচেয়ে ফালতু মহিলা	Abusive
10038578	এ মহিলার মত ফালতু আর থার্ডক্লাস আর একটাও নাই	Abusive
10038579	সহমত আওয়ামিলীগের দালাল	Abusive
10038580	দাদার থুঃখু শব্দ টা আমার ছোট কালেরকোনোকিছু ভুল হলেই বলতাম	Abusive
10038581	খুব সুন্দর হয়েছে দাদা	None
10038582	আমার অনেক আগেই সন্দেহ ছিলো যে এই রুমিন একটা আওয়ামী দালাল	Abusive
10038583	বেশিরভাগ ঠকবাজ আর অসত্য বাদিরাই এখন রাজনীতি করেযাদের জবানের কোন দাম নাইজনগণকে শুধুমাত্র ক্ষমতায় যাওয়ার জন্য পন্য সামগ্রী বানায়	Political Hate
10038584	শেখ রুমিন ফারহানা কুমারী	None
10038585	বিএনপি এখন ভারতীয় ডিমে তা দিয়ে দেশে আবারও আওয়ামী লীগের মত সন্ত্রাসী সরকার গঠন করতে চায়	Political Hate
10038586	পিনাকী আঙ্কেল জিন্দাবাদ ইনকিলাব জিন্দাবাদ দেশদ্রোহী রুমিন ও ফজলুরা হাসিনামারা খাক	Abusive
10038587	দাদা আপনাকে অসংখ্য কৃতজ্ঞতা	None
10038588	রুমিনের বিচিত্র চরিত্র এক এক সময় এক এক কথা বলে এত পুরাই মোনাফেকের চরিত্র কথায় কথা আছে না যে ও আসলে কার	Abusive
10038589	সেই সাদ ভাই সুপার	None
10038590	সেরকম হইছে	None
10038591	দাদা এখন আমাদের আর উপায় নাইবিএনপি'র অত্যাচারের কোন শেষ সিমানা নাই যেভাবে চাঁদাবাজি আর দখলের রাজত্ব কায়েম করেছে তাতে দেশবাসী অতিস্ট তাই দাদা আপনাকে অনুরোধ আপনি একটু জামাতের পক্ষে কথা বলেন প্লিজ প্লিজ প্লিজ	Political Hate
10038592	এভাবে ভরে দিলেন যে সে বের ও করতেও পারবেনা	None
10038593	রুমনের মগজ গররে পরিণত হয়েছে আর বর্তমান সময়ে যে চোখে কাজল দিয়ে সাজ সেজে আসে তাকে দেখতে একদম ভূতের মত লাগে	None
10038594	পীর পিনাকির জয় হোক	None
10038595	পিনাকি দা আপনাকে কৃতজ্ঞতা; রুমিন ফারহানা কে নয়া সাজে সাজানোর জন্য এবার মনে হয় বিয়েটা হয়ে যাবে নতুন সাজের কারণে	None
10038596	রুমিনরে সবাই ধরে চুদে দেন না হলে বিয়ে করাই দেন	Profane
10038597	এদের মুখোশ আরো খুলতে হবে	None
10038598	বিএনপির এই পলিসি ভুলআম্লিগের ভোট পাবে না আর নিজের কর্মীরাও তাকে ভোট দিবে না	Political Hate
10038599	ওর মাথায় গ্যাস্টিক উঠছে ওরে বিয়ে দিতে হবে	Abusive
10038600	রুমিন আর ফজু দুই পাগলদাদা আপনি বলাতে অসংখ্য কিছু হয় কিন্তু আপনার একশ একশ ভাগের এক ভাগ কাজ করার ক্ষমতা রুমিনের নাই	Abusive
10038601	হেডা	Profane
10038602	বল্টু ফারহানা	None
10038603	বিদেশি চ্যানেলে গিয়ে রুমিন ফারহানার দেশের বিষয়ে এরকম মন্তব্যকে ধিক্কার জানাই	Abusive
10038604	তোর কুন কুন জায়গায় ব্যথা গো বান্ধবী ললীতা	None
10038605	ইনকিলাব জিন্দাবাদ	None
10038606	থাম্বেল এর ছবিটা সুন্দর হয়েছে দাদা	None
10038607	তারে শামীম উসমানের সাথে বিয়ে দেওয়া হোক তানাহলে তাকে দেখে রাজনীতিবীদরা যৌনহয়রানী হবে	None
10038608	এই মহিলা চরম লেভেলের বেয়াদব	Abusive
10038609	রুমিন ফারহানার বহিষ্কার চাই	Abusive
10038610	পিনাকী দা সব সময় সময়োপযোগী রিপোর্ট তুলে ধরেন  তাই অনেক নামধারী ভালো মানুষের কাপড়ের নিচের লেজ বাহির হয়ে যায় এটাই পিনাকী দা 'র সফলতা	None
10038611	ওর বিয়া দিয়া দেন	None
10038612	সরকারের বিরুদ্ধে অসত্য ছড়ানোর অভিযোগে এই মহিলার বিরুদ্ধে রাষ্ট্রদোহী মামলা হওয়া উচিত	Political Hate
10038613	পোংগায় বাশঁ দিয়ে দিলো দাদা	Abusive
10038614	কৃতজ্ঞতা দাদা	None
10038615	ছবিটা দারুণ হইছে	None
10038616	বিএনপির মমতাজ	Political Hate
10038617	আওয়ামিলীগ চুরি করছে আমারা মেনে নিলাম বি এম পি জাতীয় পাঠি জামাত আল্লার অলি নাকি ২০২৪ সালে সুইজ ব্যাংকের সংবাদ নিয়ে দেখছেন আমাদের দেশের কত টাকা চুরি করে রাকছে সৃষ্টিকর্তা বলছেন জান মাল রক্ষা করা আপনার ঠিক আগের সরকার য়ে পতে হাটছে আপনার সেই পতে আর কি বলবয়	Political Hate
10038618	দাঁদা উনাকে কালা মানিকেরবিচি মানিক বিছায় ছাইরা দেন	Profane
10038619	রুমিন ফারহানারুমে নিয়ে ফাইরালা	None
10038620	তদন্ত করলে সব বাহির হবে বিএনপির সবাই গ্রেফতার হলে এই মহিলা গ্রেফতার হয়নি এখন কথাবার্তায় সন্দেহ আাছে রুমন ফারহানা একজন আওয়ামী লীগের ভিতরের লোক	Political Hate
10038621	রাইট	None
10038622	ওরে ভাই আমি তো হাসতে হাসতে শেষ	None
10038623	বগুড়ার কড়া মাল দাদা️	Profane
10038624	আর র এর গুপ্তচর	None
10038625	রুমিন বেয়াদবের মত ইউনূস ইউনূস করতেছে কেন রুমিনের গোয়ায় বেশি চর্বি জমে গেছে নাকি	Abusive
10038626	রুমিন একটা আস্তা খাটাস	Abusive
10038627	এই শেখ রুমিন ফারহানার কারনে বিএনপি ক্ষতি গ্রস্ত হচ্ছে আমি মনে করি বিএনপি থেকে শেখ রুমিন ফারহানাকে বহিষ্কার করা হোক	Abusive
10038628	ডঃ মুহম্মদ ইউনুস স্যারকে যারা জানেন তারা তার সম্পর্কে বলতে গেলে সম্মানসূচক সম্বোধন করে কথা বলেন কিন্তু রুমিন তাঁকে শুধু ইউনুস ইউনুস বলে সম্বোধন করছে বেয়াদব একটা আরে উনি তো থেকে বয়সেও অনেক বড় যোগ্যতার বিষয় তো ধরাছোঁয়ার বাহিরে	None
10038629	রুমিন একটি চাটুকার	Abusive
10038630	আমি আগে থেকে জানি ও ভারতীয় র এর এজেন্ট	None
10038631	রবিন যদি দাঁত না মেজে টকশোতে আসে তাহলে আমি তার সাথে টকশো করবো না	None
10038632	দাদা গান টা কিন্তু ভালো	None
10038633	তুইতো মতিউর রহমান নিজামী দেলোয়ার হোসেন সাঈদী আলি আহসান মুজাহিদী এবং কাদের মোল্লা সহ সবার ফাঁসির জন্য দিনের কে দিন স্লোগান দিয়েছিস	None
10038634	রবিন ফারহানকে আগে ভালো জানতাম এখন দেখি সে বহুমুখী	None
10038635	বিএনপি বয়কটনির্বাচন এদের পুটকিয় ভরে দিতে হবে	Political Hate
10038636	আই লাভ পিনাকী দাদা	None
10038637	এত পয়সা কি করবে বিশ্রী দাতঁ গুলো ঠিক করায়না কেন মেয়ে মানুষের বাচনভঙ্গি অসুন্দর হলে কথা শুনতে ইচ্ছে করে না	Abusive
10038638	ধুর বেটা ভন্ড	Abusive
10038639	দাদার এক একটা কথা কোনো রাজনীতিবিদের ওজন করা ক্ষমতা নেই দাদা সঠিক সময়ে বাস ধোলাই করছেন	Abusive
10038640	ধুর ভালো লাগছে না দাদা এইসব ইন্ডিয়ান দালাল দেশের শত্রুদের সামনে না এনে ডাইরেক্ট ক্রসফায় দেওয়া উচিৎ	Abusive
10038641	রুমিন হাসিনা	None
10038642	দাদা ছ‌বিটার নি‌চে ক‌্যাপশনটা হওয়া উচিৎ‌ছি‌লো শেখ রু‌মিন ফারহানা ওয়া‌জেদ মোদী অ‌মিতশাহ আর জয়শংকরদের মোট ছয়টা ডি‌মের যে কোন দুইটা যেন ও‌রে দেয় রু‌মিন সেই বিষ‌য়ে কাতর আবেদন জানাইছে এই বিষয়টাও আরও প‌রিস্কারভা‌বে ব‌্যাখ‌্যার প্রয়োজন ছি‌লো ইন‌কিলাব জিন্দাবাদ	None
10038643	কি দো মুখো সাপ এই রুমিন ফারহানা ছিঃ ছিঃ ছিঃ	Abusive
10038644	একপেশে কথাবার্তা	None
10038645	বাজেট হল চলতি দায়িত্ব	None
10038646	গোপন কথা এই ভাবে বললেন দাদা	None
10038647	পিনাকি সারএন সি পিদলকে আামার সন্দেহ হয়ওরা আওয়ামী লীগের শাখাউপশাখা নয় তোআপনি একটু বুঝিয়ে বলবেন	Political Hate
10038648	হিতি নষ্ট বেডি	Abusive
10038649	স্যালুট দাদা ভাই	None
10038650	পিনাকী ইলিয়াস এদের কোন দল নাই এরা দেশ প্রেমিকের দলে	None
10038651	রুমিন ফারহানা আওয়ামীলীগ আমলে কেমন করে সংসদে ছিলেনএটা আপনিও জানেন দাদাজুলাইয়ে তার ভূমিকা সম্পর্কও জানেনসে সব সময় টক শো করেতার দুই একটি কথা এমন ভাবে কেটে আপনি উপস্থাপন করেছেনআপনার টা ধরলে আপনিও একাধারে আওয়ামীলীগবিএনপি এবং জামাআতের দালাল হয়ে যাবেনকিছু বট ও গাধা বাহিনী আছেতারা সব সময় আপনায় কমেন্ট করে যাচ্ছে সুতরাং এমন প্রচারণা করে কোন লাভ নেই	Abusive
10038652	রুমিন এর মাল মাথায় উঠে থাকে সব সময়তাই আমাদের জনতা কে মাল খসানোর দায়িক্ত নিতে হবে	Abusive
10038653	জাওরা সীল দিয়ে দেও	Profane
10038654	হেডাম থাকলে দেশে আসেন আপনার জন্য আমি একাই যথেষ্ট কারণ আপনিও হিন্দু আর আমিও হিন্দু আপনার জন্য এই দেশের হিন্দুরা এক সময় নির্যাতনের শিকার হবে	Religious Hate
10038655	আমাদের ধর্ষক দলের প্রতি দৃষ্টি আকর্ষণ করছি এই মালটার দিকে একটু সদয় দৃষ্টি দেওয়া যায়না এই রুমিন এখন ভারতীয় মালের দিকে দৃষ্টি দিয়েছে এটা আমাদের জন্য খুবই অপমানজনকধর্ষক দলের কেউই কি রুমিনকে একটু পরিপূর্ণ তৃপ্তি দিতে পারে না	Abusive
10038656	একটা বাজে লোক এই হলো হিন্দু ব্রাহ্মণ	Religious Hate
10038657	রুমিন ফাফহানা	None
10038658	আর চেচিয়ে লাভ নেই দাদাভাই দেশের সবাই জেনে গেছে আপনার তিন ইঞ্চি একজন হিন্দু ব্রাহ্মণ যে কতটা খারাপ হতে পারে আপনি হলো তার বড় উদাহরণ আরে এই দেশের পাতা চাটা মুমিনদের কথা আর কি বলবো	Abusive
10038659	অাপনি অর্ডার দেন রুমিনের ধুতি খুলে ছেরে দেব রাস্তায়	Abusive
10038660	দাদা আপনি এক খান জিনিস	None
10038661	ভোট দেব না নিকৃষ্ট একটা দেশ	Political Hate
10038662	মুজিবের মুভির চরিত্রে আরফিন শুভকে বাদ দিয়ে রুমিন ভাইকে দিলে কেমন হয়	None
10038663	ওয়াও রুমিন সাপের গালে চুমা দেয় ব্যাঙ এর গালেও চুমা দেয় প্রমানিত হয়েই গেল	Abusive
10038664	দাদাই পারে সেই রকমের কল্পনাশক্তি	None
10038665	পিনাকির কথা সেই	None
10038666	বিয়ে হলে ঠিক হয়ে যাবে	None
10038667	পুরাই এন্টারটেইনমেন্ট	None
10038668	সেই হইছে	None
10038669	হেতির নিচ তলাতে কেউ একটা সিল মারেন	None
10038670	ওনার নিচতলার দরজায় হাজারো সিল মারা আছে	None
10038671	ইনকিলাব জিন্দাবাদ	None
10038672	ফালতু মহিলা	Abusive
10038673	মাইর হবে আওয়াজ হবে না দাদা ইনকিলাব জিন্দাবাদ	None
10038674	স্যালুট দাদা	None
10038675	সব চেয়ে ভাল লেগেছে “সবাইকে দেখছি কিন্তু কাউকেই দেখছি না” এর বিষয়টা আমি এটা মনে রাখার চেষ্টা করবো দাদু	None
10038676	এই মাগীর মুখে এককথা পুঁটকিতে আরেক কথা	Profane
10038677	তুই পিনাকী ভট্টাচার্য দেশকে ধ্বংস করছিস আর মূর্খ বাঙ্গোরাও তর পথকে অনুসরণ করছে	Abusive
10038678	দাদা রুমির ছবিটি সেই	None
10038679	পিনাকী স্যারের সাথে একমত পুশন করছি আমি	None
10038680	দাদা রুমা আপা রে কি ঢলা টা দিলেন	None
10038681	ভালো একটা পাত্র খুঁজে রুমি আন্টিকে বিয়ে করে দিলেই রুমির সংসার নিয়ে ব‍্যস্ত থাকবে তাহলে আবল তাবল বলা থেকে বিরত থাকবে পাত্র চাই	None
10038682	এই মাগীর মুখে এককথা পুঁটকিতে আরেক কথা	Profane
10038683	হাজার লক্ষ কোটি স্যালুট আমার প্রাণপ্রিয় পিনাকী দাদাকে	None
10038684	ওরে বাটপার মব জাস্টিজ এর দোহাই দিয়ে পুলিশ বা উপদেষ্টা থেকে শুরু করে যে কোন মীর জাফর উপদেষ্টা পরিষদের সদস্য আওয়ামী লীগের আদর্শ আর দুর্নীতিবাজ নমরুধ নেতাদের সিন্ডিকেট সদস্য কে জামিনে মুক্তির চেষ্টা করে তাহলে বাংলাদেশের ভারতীয়দূর্নীতি বাজসিন্ডিকেট নিমুল করা উচিত ছিল তাহলে বাংলাদেশের দূর্নীতি বাজদের আইনের আওতায় আনা সম্ভব হবে না তো কি	Political Hate
10038685	রুমিন ফারহানা বাংলাদেশের জন্য ক্যান্সার	None
10038686	এই মহিলার চুলকানি সবথেকে বেশি আওয়ামীলীগ চলে গেছে তাই ওর চুলকানি কেই মেটাচ্ছে না এর জন্য আরো বেশি লাফালাফি করতেছে	Abusive
10038687	এডিটর সাহেব নতুন মজিব তৈরি করছে	None
10038688	কৃতজ্ঞতা পিনাকী দা রুমির কারনে তারেক দেশে আসতে পারবে নাফেল করবে	None
10038689	আরও আগে এই ছিনালকে বাশ দেওয়া উচিত ছিলও	Abusive
10038690	বর্তমান এ বিএনপির সামনের সারির গুলো আওয়ামীলীগ এর সহযোগী ছিল রুমিনফজলু আলমগীর আরো	Political Hate
10038691	কৃতজ্ঞতা পিনাকী দাদাকে এই ভাবে রুমিন ফারহানার আসল চরিত্র জাতীর সামনে ফাঁস করে দেওয়ার জন্য	None
10038692	দা বরাবরই সেরা কি দরকার মাগিরে এসব বলা	None
10038693	উনি হচ্ছে এলিট শ্রেণীর দেহ ব্যবসায়ী	Abusive
10038694	ফেরাউনের দেহরক্ষী রুমিন ফারহানা	Abusive
10038695	দাদা আপনাকে স্যালুট জানাই সত্য কথা তুলে ধরার জন্য	None
10038696	অসত্য ই রুমিনের উপজিব্য এই নোংরা মহিলাকে বি এন পি থেকে বহিষ্কার করার জন্য জোব আবেদন জানাচ্ছি	Abusive
10038697	দেরিতে হলেও শেখ রুমিন ফারহানাকে নিয়ে চমৎকার এপিসোড করার জন্য দাদাকে অনেক অনেক কৃতজ্ঞতা	None
10038698	রুমিন আওয়ামী ফ্যাসিস্টদের বাস্টার্ড	Profane
10038699	ইনকিলাব জিন্দাবাদ	None
10038700	গত ১৬বছরে শুধু রুমিন কেনো হাজার হাজার বিএনপি জামায়াত এর প্রথম শ্রেনীর প্রায় সকল নেতাই আওয়ামীলীগ এর সকল সুযোগ সুবিধা করেছেন এটা নতুন কি	Political Hate
10038701	দাদু আপনি ঠিক বলেছেন	None
10038702	সব সময় সত্যবলা উচিত	None
10038703	রুমিন বাংলাদেশের ভাবমুর্তি নষ্ট করছে	None
10038704	রাইট	None
10038705	শেখ রুমিন ফারহানা	None
10038706	বিগত দিন বছরগুলোতে বললেন না কেন কয়দিন পর আবার আরেকজনকে বলবেন আপনি এরকম সবার ভিডিও পারলে সিরিয়ালে প্রকাশ করুন তাইলে বুঝবো আপনি ঠিক অন্যথায় স্বার্থে আঘাত পরলে ভিডিও করেন বুঝবে সবাই	None
10038707	রুমিন এখন থেকে কথা বললে অনেক হিসেব করে কথা বলবে	None
10038708	পিনাকি দ্যা গ্রেড	None
10038709	আওয়ামীলীগ এর মমতাজ আপা কেও হার মানাইছে	None
10038710	এই মহিলা র এর এজেন্ট	None
10038711	টিক	None
10038712	দেশদ্রোহীদের মুখোশ উন্মোচন করার জন্য কৃতজ্ঞতা দাদা	None
10038713	পিনাকী দাদা কে অসংখ্য কৃতজ্ঞতা	None
10038714	ছবি টা দারুন হইছে	None
10038715	অরিজিন আওয়ামি চাও	None
10038716	বঙ্গবন্ধু শেখ রুমিন ফারহানা নিজের গোয়া নিজেই মারা	Profane
10038717	দাদা আগুন	None
10038718	দাদা দেখেন রুমিন ফারহান কে কারো সাথে বিয়ে দেওয়া জায়নাকি	None
10038719	ইনকিলাব জিন্দাবাদ	None
10038720	পিনাকি শুভেচ্ছা	None
10038721	ডঃ ইউনুস সাহেব মনে হয় রুমিন ফারহানার মায়ের ভাতার লাগে এজন্য একটা সম্মানি বৃদ্ধ মানুষকে শুধু মাত্র ইউনূস ইউনূস করে ডাকে বেয়াদব মহিলা	Profane
10038722	বংঙবদু মরে নাই	None
10038723	দাদা ইলিয়াস ভাইকে একটু রুমিন ফারহানা লিংক দিতে বলেন	None
10038724	শেখ রুমিন হসিনা শুভেচ্ছা দাদা এই শয়তান কাল নাগিনের মুখোশ উন্মোচন করার জন্য	None
10038725	সঠিক বলর জন্য দাদা	None
10038726	দাদা বিএনপি ক্ষমতার মহে পাগল হয়ে গেছে এরা ক্ষমতার জন্য আওয়ামী লীগের থেকেও খারাপ অবস্থায় যেতে রাজি ওরা মনে করছে আমরা ক্ষমতায় চলে গেছে এবার নির্বাচন আসুক দেখায় দেবে মানুষ ওদেরকে	Political Hate
10038727	স্যার আমিও উকিলএই পেশায় কি থাকা উচিতআপনার মূল্যবান মতামত চাই	None
10038728	রুমিন ফারহানা ফালতু একটা মহিলা	Abusive
10038729	এই রুমিন টাকার বিনিময়ে আওয়ামী লীগকে পালাতে সহোযোগিতায় করেছে	Political Hate
10038730	আগে রুমিনকে পছন্দ করতাম এখন শুধু ঘৃনা করি	Abusive
10038731	রুমিন দালাল	Abusive
10038732	দাদা ঠিকই বলেছেন ধন‍্যবাদ আপনাকে	None
10038733	৯০ মানুষ ডক্টর ইউনুস কে চায়	None
10038734	ফেসবুকে ইলিয়াসঃ রুমিন আপাকে আগেই বলছিলাম ভালো হয়ে যান উনি আমার কথা না শুনে রাখলেন ভুট্টো সাহেবের কথা যা হবার তাই পিনাকী দাদা আজকে জয় বাংলা করে দিয়েছে	None
10038735	ডা পিনাকী এইবার টার্গেট করছে রুমিনকে পিনাকীতো যাকে ধরে একদম ছাই দিয়া ধরে তার রাজনীতি এহাবারে শেষষষ দেখা যাক সৃষ্টিকর্তা্ কী নির্ধারণ করে রেখেছেন	Abusive
10038736	এই ভারতীয় অপশক্তি মহিলার বিরুদ্ধে পদক্ষেপ গ্রহণ করা উচিত	Abusive
10038737	আমি তো নিজেই দেবো না বিএনপির ঘরের মানুষ হয়ে ও ঘৃণা হয়	Political Hate
10038738	ইনকিলাব জিন্দাবাদ	None
10038739	সফলতা বাংলা দাদা	None
10038740	ভাই আপনার কথা ভালো লাগে আমি	None
10038741	রুমিনকে উচিত জবাব দিয়ে দিলো পিনাকী দাদা	None
10038742	ইনকিলাব জিন্দাবাদ	None
10038743	ওই তো একটা মাগী	Profane
10038744	পিনাকী দা কে অসংখ্য কৃতজ্ঞতা রুমিনের মতো চাটুকার কে জায়গা মতো ডোজ দেওয়ার জন্য	None
10038745	বিএনপি নেতারা সব প্রতিবন্ধী এদের ভাতা দেয়া উচিত ইউনুস সরকার কে আমি এক মত আপনার সাথে কৃতজ্ঞতা পিনাকী দাদা	None
10038746	শান্তির মেয়েকে মুলাদে	None
10038747	শুভেচ্ছা দাদা এগিয়ে যান সত্যি র সাথে	None
10038748	ওই শয়তান ভারতীয় মিডিয়াতে কথা বলছে কেন	None
10038749	৩২ নাম্বার ভাংগা বিশাল রকমের মববাজী রুমি ফারহানা বিয়াসাদী না কইরা বেডাগো সাথে রাজনীতি নিয়া ক্যাচাল করা বিভৎস রকমের মাগীবাজি	Political Hate
10038750	শেখ রুমিন ফারহানা মুজিব	None
10038751	অসাধারণ হইছে ভাই	None
10038752	দাদা মানেই আগুন ️‍	None
10038753	পিনাকী দাদা জিন্দাবাদ	None
10038754	দেশটারে খাইয়া দিলি	Abusive
10038755	পিনাকী কি পিনিক ধরাইলি	Abusive
10038756	বিএনপির একটা কাট্টা	Political Hate
10038757	তর সাহস থাকলে দেশে আই তরে জয় জামাত কইরা দিই	Abusive
10038758	মোবিল লাগানো ছাড়াই হো মারার ঠেলায় মীর জাফর আলুগীর চাঁন্দা আব্বাইস্যা চদু চেহারার দুদু খসরু মাহমুদ চ্যেঁও প্রমুখ আন্ডা খাওয়া ছাড়াই ঠান্ডা মাইরা গেছে; সেখানে কমিন পায়খানা কোথায়কার কয় পয়সার	Abusive
10038759	তা দাদা আপনি দেশে আসেন না কেন আপনার সাথে একটা সেলফি তুলবো	None
10038760	দাদা হেতিরে মনে কয় ঝারু পিটা করি হেতি আসলে একট খাংকি কুতি	Abusive
10038761	বিখ্যাত ও জনপ্রিয় প্রবাদ ধান চিনে পাতায়; মানুষ চিনে কথায়	None
10038762	ভাই হাসতে হাসতে পেট ব্যাথা হয়ে গেছে	None
10038763	১৫ বছর ওর গর্তে পানি ঢালার লোক ছিল বর্তমানে নাই তো এজন্যই আবোল তাবোল বলতেছে	Abusive
10038764	রুমিন আওয়ামী দোসরএ আওয়ামী থেকে সুবিধা নেয়া দালাল	Abusive
10038765	নর্তকী	Abusive
10038766	বাল ছীরু	Profane
10038767	কি তোর বাবার ছিল রে এইটা দেশেরসম্পদ ছিলো	None
10038768	দাদা অসাধারন বলছেন	None
10038769	বিএনপি একটি ব্যক্তিগত দল ক্ষমতার লোভলালসায় বর্তমানে বিএনপি ইন্ডিয়ান মদদপুষ্ট একটি দলইন্ডিয়ান সর্বোচ্চ পর্যায়ের বক্তব্য মন্তব্য এবং বিএনপি কথা মন্তব্য বক্তব্য একদম মিলদেশের স্বার্থের বিরুদ্ধে এবং জনগণের বিরুদ্ধে বিএনপির অবস্থানএ পর্যায়ে আমরা সাধারণ নাগরিক রা কি ভূমিকা পালন করতে পারি আমরা যা করতে পারি তা হল বিএনপি কে বয়কট করাতাই দেশের স্বার্থে জনগণের প্রতি আবেদন অনুরোধ আওয়াজ তুলুন বয়কট বি এনপিবয়কট বিএনপি	Political Hate
10038770	জেইভাবে রুমিন ভারতের কোলে উইঠা চুম্মা খাইতেছে পুরাই ভারতের দালাল	Abusive
10038771	বিএনপি দলটা কাদেরকে নিয়ে সাজাইচে বুঝিনা এখন বুঝছিবেশি বেশি করে টকশোতে নিয়ে আসবেন তাহলে আরো বুঝবো আমরা কে কোন গেটের মাঝি	Political Hate
10038772	রুমিন ফারানা বারো মাতারী মহিলা	Abusive
10038773	মুজিব ফারহানা	None
10038774	ও তো ব্রাহ্মণবাড়িয়া বানানই জানে না ওরে ব্রাহ্মণবাড়িয়ার মানুষ ভোট দিবে কেনো	Abusive
10038775	আচ্ছা যেখানে যে সাউন্ড টা বন্ধ করে দেওয়া হয় সেখানে কি মাগীবাজি শব্দটা উচ্চারিত হয়েছে	Profane
10038776	আমাদের দেশের অভ্যন্তরীণ সব কিছু ইন্ডিয়াকে বলে কেন ওই মূর্খ	Abusive
10038777	রুমিন যে দলের রাজনীতি করে সেই দল কোন সংবিধান অনুযায়ী গঠিত	None
10038778	রুমিন ফাফহানা	None
10038779	অনেক দিন শামীম ভাইকে পায়নি তো তাই ক্যারা আর শরীরে নাই মাথায় চড়ে বসছে	None
10038780	বিএনপির সবাই একই অবস্থা সবাই চাঁদাবাজির ভাগ পায়	Political Hate
10038781	ছি রুমিন	None
10038782	বাংলাদেশের যে সাম্প্রদায়িক দাংগা মানুষে মানুষে যে রক্তারক্তি এর একমাত্র কারন এই জোনাকি আর ইলিয়াস এই দুইটাই বিদেশে বসে ভিউ বাড়ানোর জন্য আজে বাজে বকে আর বোকা বাংগালী বাহবা দেয় এই দুইটা দেশে আসে না কেন এতো বড় দেশপ্রেমিক তা	Abusive
10038783	ভাইরে ভাই একবারে গোড়ায় হাত দিয়ে দিছেন	None
10038784	উনি কি ভোটে পাশ করেছিলো	None
10038785	লাভইউ দাদা	None
10038786	দাদা কৃতজ্ঞতা	None
10038787	এই মহিলা কে দেশদ্রোহিতার জন্য শাস্তি দেয়া হোক এ অন্য একটা দেশের টিভিতে দেশের ভুল ইনফরমেশন দিচ্ছে দালাল	Abusive
10038788	কোন নির্বাচন হবেনা আগে বিএনপিকে হঠাও তারপরে নির্বাচন	Political Hate
10038789	শেখ হাসিনা যেমন বাবা দাদার নাম ডুবিয়ে ছিল রুমিন ফারহানা ও বাবার দাদার নাম ডুবিয়ে ফেলবে	None
10038790	৫২১ এরা কি দিন রাত ধান্দায় থাকে ঘুমায় কখন এরা	None
10038791	দাদা নির্বাচন আরও ৫ বছর পরে না হলে দেশে ভয়াবহ অবস্থার সৃষ্টি হবে	Political Hate
10038792	দাদা নির্বাচন আরও ৫ বছর পরে না হলে দেশের দেশে ভয়াবহ অবস্থার সৃষ্টি হবে	Political Hate
10038793	ভাই পিনাকী আপনি ঠিক বলেছেন রুমিন এই নির্বাচনে জিততে পারবে না যখন ভোট হয়নি আমলীগের আমলে তখন সে জিতেছিল তার বাবাও কোনো নির্বাচনে জিততে পারেনি রুমিন বলে ' ৭০ নির্বাচনে তাহের উদ্দিন ঠাকুর নাকি হেলিক্যাপ্টার নিয়ে ব্যালট চুরি করে জিতেছিল হারামজাদি  এতো বড় সংবাদটা আমি কারো কাছে শুনিনি তখনকার কোনো পত্রিকাতেও এরকম সংবাদ ছাপা হয়নি মাগী বোধ হয় হিজরা সংবাদ নিয়ে দেখেন সেই জন্যই বিয়ে করেনাই দালাল মাগী	Profane
10038794	যখন বিএনপি চাঁদাবাজি করে পাথর ছুঁড়ে মানুষ খুন করে— আজ যখন রাজপথে রক্ত ঝরে তখন সেই ‘দেশপ্রেমিক’ ‘সত্যবাদী’ সাংবাদিকরা কোথায় পিনাকী ইলিয়াস কনক—এই ত্রয়ী আজ চুপ না লাইভে না ভিডিওতে না কোনো ব্যানারে—মুখে যেন তালা ভিউ আর চাঁদার হিসাবের বাইরে দেশের রক্তপাত তাদের স্পর্শ করে না আজ তাদের নিরবতা প্রমাণ করে এরা সাংবাদিক নয় এরা ব্যবসায়ী যখন আওয়ামী লীগ কিছু করে—তৎক্ষণাত লাইভ থাম্বনেইলে আগুন ক্যাপশনে বিষ আর বিএনপির খুনসন্ত্রাস দেখেও আজ তারা “লাগে না কথা বলতে” এ কেমন দেশপ্রেম তাদের এই নিরবতা পক্ষপাতদুষ্টতা এবং চাতুর্যপূর্ণ চুপ থাকা— প্রমাণ করে এরা আর সাংবাদিক না বরং সুবিধাবাদী এজেন্ট \ নকলসাংবাদিকতা সাংবাদিকনাকিসমর্থক পিনাকীকনকইলিয়াস	Political Hate
10038795	ইনকিলাব জিন্দাবাদ	None
10038796	আর কাকচিড়ার লাইনেরইতো টিকিট কেটেছোকতো বলে দিলাম তবুও কেনো এমন হইলো	None
10038797	শুভেচ্ছা আপনাকে	None
10038798	ভাই পিনাকী আপনি ঠিক বলেছেন রুমিন এই নির্বাচনে জিততে পারবে না যখন ভোট হয়নি আমলীগের আমলে তখন সে জিতেছিল তার বাবাও কোনো নির্বাচনে জিততে পারেনি রুমিন বলে ' ৭০ নির্বাচনে তাহের উদ্দিন ঠাকুর নাকি হেলিক্যাপ্টার নিয়ে ব্যালট চুরি করে জিতেছিল হারামজাদি  এতো বড় সংবাদটা আমি কারো কাছে শুনিনি তখনকার কোনো পত্রিকাতেও এরকম সংবাদ ছাপা হয়নি মাগী বোধ হয় হিজরা সংবাদ নিয়ে দেখেন সেই জন্যই বিয়ে করেনাই দালাল মাগী	Profane
10038799	হিন্দুস্তান সুপরিকল্পত ভাবেই আগামী দিনের শেখ হাসিনাকে তৈরী করছে বিএনপির ঘরে ইন্ডিয়া তার দালাল মিডিয়া ও সুশীল দের মাধ্যমে দেশ বিদেশে রুমিনকে কাল্ট ফিগার হিসেবে তৈরী করে বিএনপির মুখামুখি দাড করিয়া দেবে শেষ পর্যন্ত রুমিন বারিষ্টার শাহজাহান ওমরের মত গলার কাঁটা হবে	Political Hate
10038800	ইউনুস সাহেবকে আরও দশ বছর চাই	None
10038801	দাদা আমার দুস্ট জাউরার জাউরা	Profane
10038802	দাদা আমি যদি প্রবাসে যে কোন দেশে সিটিজেন হয়ে থাকি আমি কি বাংলাদেশে নির্বাচন করতে পারব	None
10038803	সেই হইছে বাঁশ টা	None
10038804	কে বানান কোনো না হওয়া	None
10038805	কে কোনো দিল তো মরবেভাই বোন কোনো ভোট দিবে না কে	None
10038806	তুই শেষ সব অসত্য এখন সারা বাংলাদেশ দেখছে কে কোন দিবে না	None
10038807	স্যার আপনাকে স্যালুটতাই তথ্য বহুল জ্ঞান এর জন্যে আপনার জন্যে দুআ আরশ ও জমিনের মনিব আপনাকে ইসলামের জন্যে কবুল করুনআমিন	None
10038808	এক কথায় নাইছ হয়েছে দাদা	None
10038809	সবারি দিন আছে একদিন শেষ হয়	None
10038810	এইটারে সফলতা বাংলা করেন না কেনো বিএনপির সবগুলাকে ধরেন আর সকাল বিকাল নাস্তা করেন	Political Hate
10038811	আপনি এগিয়ে যান	None
10038812	মমতাজ বি এন পির	Political Hate
10038813	আপাকে সফলতা বাংলা করার জন্য শুভেচ্ছা পিনাকী ভট্টাচার্য স্যার কে	None
10038814	রেন্ডিয়ান চ্যানেলে দেশের বিরুদ্ধে অসত্য অভিযোগ করার জন্য ওরা টাক করে মুখে চুন কালি দিয়ে রাস্তায় ল্যাংটা কইরা ঘুরানো উচিত	Abusive
10038815	বাংলাদেশে একমাত্র সত্য ও সঠিক রাজনৈতিক বিশ্নেষক হলে পিনাকি দাদা বাংলাদেশের হাজারো মনুষের প্রেম এভাবেই ধরে রাখেন মানূষ বাঁচেই বা কইদিন বীরেরমত বাঁচেন প্রেম অভিরাম	None
10038816	উনি মমতাজের চেয়ে কোন অংশে কম নয়	None
10038817	এখানেও বৈষম্য হলো দাদা একজনেরটা বলবেন আর একজনের টা বলবেন না তা কিভাবে হয়	None
10038818	রুমিন ফারহানা নির্লজ্জ বেহায়া অকৃতজ্ঞ মহিলা	Abusive
10038819	মিন ফারনা একটা ডেস্পিকেবল মাতারিতার আগে বিয়ের ব্যবস্থা করা হোক	Profane
10038820	দাদা রঙিন ফারহানা আর হচ্ছে ফজু পাগলা এই দুইটা বিএনপিকে মানে ওরা নিজেরাই শুধু পসে নাই বিএনপিকে সহ এমন ভাবে পচায়ে দিচ্ছে যে এখন আওয়ামী লীগের সাথে কম্পেয়ার করলেও এরা হারিয়ে যাবে	Political Hate
10038821	খালেদা জিয়ার বাড়ী ভাংগার সময় এই মহিলা কোথায় ছিলেন	Political Hate
10038822	পিনাকী সাহেব দয়া করে ভারত মাতার নষ্টিফষ্টিতে চিপায়চাপায় জন্মানো এই ফুটফুটে সুন্দর  শিশুদের নিয়ে বানান যেভাবে জোরে জোরে কান্নাকাটি করতে শুরু করেছে তাতে অনতিবিলম্বে এদের মুখে চাপিয়ে না দিলেই নয়	Abusive
10038823	দাদা আপনাকে অনেক শুভেচ্ছা	None
10038824	মালোয়ান ও শহিদ হইতে চায়ক্ষানকির ছেলে	None
10038825	আসসালামুয়ালাইকুম প্রিয় ভাই চাঁদাবাজ দের নিয়ে একটি প্রতিবেদন তৈরি করুন যে প্রতিবেদন করলে চাঁদাবাজের বুকে কাঁপন ধরে যাবে	None
10038826	অনেক সুন্দর ধৌত কাজএকদম পরিষ্কার হয়ে গেছে নোংরামির চরিত্র	None
10038827	মুজিব ফারহানা	None
10038828	খালেদা জিয়ার বাড়ী ভাংগার সময় এই মহিলা কোথায় ছিলেন	Political Hate
10038829	আমার পুরো পরিবারের কেউ বিএনপি তে ভোট দিবনা	Political Hate
10038830	পিনাকী দাদা আপনাকে কৃতজ্ঞতা দাদা আপনে রুমিকে বিয়ে দেয়া চেষ্ঠা করবেন	None
10038831	মুজিব ফারহানা	None
10038832	এটা রয়ের দালাল রুমিন শয়তান	Abusive
10038833	সাবাশ পিনাকী দাদা এই ইন্ডিয়ার মালকে জয় বাংলা করে দেওয়ার জন্য	Abusive
10038834	ধইরা নিয়া ভইরা দিছে রুমি ফারহাকে	Abusive
10038835	সেলুট স্যার	None
10038836	রুমিন একটি নিরলজ্জ মহিলা অর হায়া বলে কিছু নাই অরে জন্য আফ্রিকার মাগুর লাগব	Abusive
10038837	মহিলা মানুষ বলে কথা পাছার গু মাথায় উঠে গেছে	Profane
10038838	রুমিনরে কেউ বিয়ে করে না তাই আওলায় গেছে	None
10038839	কৃতজ্ঞতা দাদা	None
10038840	দাদাই পারে যা	None
10038841	ইন ক্লাব জিন্দাবাদ	None
10038842	দাদা আপনি সবসময় হুডি পরে থাকেন কেন	None
10038843	কোথায় গেলে এমন এডিটিং শিখতে পারবো জানি নামনে সেরা সেরা এডিটর পিনাকী দাদার এডিটিং ম্যানেজার	None
10038844	এই ফালতু মহিলার বয়ান শুনা অনেক আগেই বন্ধ করেছি	Abusive
10038845	সঠিক উনার কথাবার্তায় পরিষ্কার বোঝা যায়	None
10038846	ফজু পাগলার সাথে এই মুখরা রমনীর বিয়ে দেয়া হোক	Abusive
10038847	বিয়ে দিলে বুইড়া খাঁটাশ ফজা পাগলা আর রুমিনের চিল্লাচিল্লিতে পাড়াপড়শির রাতের ঘুম হারাম হয়ে যাবে কনডম নাকি পিল তা নিয়ে তুমুলঝগড়া হবে	Abusive
10038848	জামায়েত জিন্দাবাদ ইসলামী দল জিন্দাবাদ	None
10038849	রুমিন ফারহানা কে ভালো জানতাম আজকে দেখছি সে তো আওয়ামী লীগের ডিসপেন্সারি	Political Hate
10038850	হায়াত মওত সৃষ্টিকর্তার হাতে বিএনপি উছিলা মাত্র	Political Hate
10038851	অস্থির একটা ভিডিও হয়েছে শুভেচ্ছা দাদা	None
10038852	‌পিনাকী দাদা আপ‌নি তো সব কিছু ফাস ক‌রিয়া দেন এরা তো সমা‌জে মুখ দেখা‌তে পাবেনা	Abusive
10038853	শয়তান মহিলা	Abusive
10038854	দাদা সব সময় ঠিক কথাই বলে	None
10038855	সহমত	None
10038856	বি এন পি ক্ষমতা আসলে রুমিন ফারহানা গরিব কে চুশে চুশে খাবে	Profane
10038857	বি এন পি ক্ষমতায় আসলে রুমিন ফারহানা তাশের রাজুত্ব করবেন	Political Hate
10038858	বি এন পি ক্ষমতায় আসলে রুমিন ফারাহর দেশের বাহিরে ১০০০ বাড়ি হবে	Political Hate
10038859	বিএনপি যেভাবে তার নেতাকর্মীদেরকে বহিষ্কার করতেছে এক মাস পর মনে হয় বিএনপি নেতা কর্মী থাকবে না	Political Hate
10038860	স্যালুট দাদা	None
10038861	আর একই মুদ্রার এপিট আর ওপিট এতোদিন মাজলুমের তালিকায় ছিলো না  আগে যত জুলুম করেছে মানুষের উপর মানুষের হক মেরেছে সেগুলারই শাস্তি ভোগ করেছে সৃষ্টিকর্তার পক্ষ থেকে এতো বছর সৃষ্টিকর্তার পক্ষ থেকে যেই শাস্তিটা এখন আওয়ামিলীগ ভোগ করতেছে এখন সৃষ্টিকর্তা আবার সুযোগ দিয়েছে শোধরানোর কিন্তু সুযোগ পেয়ে আবারও জালিম হয়ে উঠেছে তাই এখন আবার সৃষ্টিকর্তার পক্ষ থেকে শাস্তি আসবে ইন শা সৃষ্টিকর্তা বিদ্র কেউ আমাকে আবার জামাত বা ট্যাগ দিয়া নিজে হাসির পাত্র হইয়েন না আমি গণতন্ত্র বিরোধী মানুষ যারাই গণতন্ত্রের মতো ফালতু শাসন ব্যবস্থায় বিশ্বাসী তাদের মতো মূর্খদের থেকে আমি সৃষ্টিকর্তার কাছে আশ্রয় চাই	Political Hate
10038862	দালাল	Abusive
10038863	অসাধারন	None
10038864	দাদা একটা হাইপারসনিক মিসাইল	None
10038865	মাশাসৃষ্টিকর্তা সুন্দর মতামত ১০০ সত্য	None
10038866	৪ঠা আগষ্ট নাহিদের একদফা ঘোষণার সময় পাশের লোকটি ছিলো রুমিন ফারহানাআপনার সুরে কথা না বললেই সব ভারতপন্থী	None
10038867	ইনকিলাব জিন্দাবাদ	None
10038868	হলার গুপ্ত ফেসিস্ট বি এন পিওরাই আওয়ামি কে ফেসিস্ট কাজ কর্মে সাহস দিছে	Political Hate
10038869	তুই নিজে যে আওয়ামী লীগের দালাল আছলে হালাকোন পোস্ট না পাইয়া আওয়ামী লীগের গেছে পুটকি মারা খাইয়া দেশ থাকি ভাগিয়া আইছোত ইতা সারা দেশের মানুষ জানে	Profane
10038870	বিএনপি আর আগের মত নাই এরা জনগনের ঘৃনার দিকে চলে যাচ্ছে	Political Hate
10038871	দাদা শুভেচ্ছা ভালো লাগলো	None
10038872	এই মহিলা নাম রুমিন ফারহানা আওয়ামীলীগের একটা দাসী	Abusive
10038873	জামাতের ল্যাসপেনসার হচ্ছে পিনাকি দাদা	Political Hate
10038874	এখন কি বলবেন বিএনপি চাদাবাজি চালিয়ে যাকআর আমরা সবকিছু জেনে তাদের সমর্থন করে যাই	Political Hate
10038875	বিপদ কেটে গেলে মানুষ উৎফুল্ল ও অহংকারী হয়ে যায়	Abusive
10038876	বিএনপিকে কোন মতেই ক্ষমতায় আসতে দেওয়া যাবেনা পুরো দেশ ধ্বংস  দেশের অর্থনীতি ধ্বংস সবকিছু ক্ষতি হবে দ্বিতীয় স্বৈরাচার হয়ে উঠবে বিএনপি আমাদের সকলকে এখনই সাবধান হতে হবে এই টোকাই বিএনপি যদি ভুল করে একবার ক্ষমতায় চলে আসে তাহলে সব শেষ এই টোকাই বিএনপিকে কেউ ভোট দিবেন না‌	Political Hate
10038877	ইনকিলাব জিন্দাবাদ	None
10038878	এই রুমি কাকা রে দেখলেই রাগ উঠে৷	Abusive
10038879	অনেকেই ভোট চায় উনি কি একবারও সাধারণ মানুষের কথা বলেছেন দেশের সাধারণ মানুষ কি চায় কবে চায় কিভাবে চায় তা তো কখনও শুনিনি	Political Hate
10038880	আগে রুমিন পারহানারে বিয়ার কাজটা শেষ করতে বলেন আপার মাথা ঠিক নাই	None
10038881	অনার কথার আগা মাথা বুঝিনা	Abusive
10038882	একদম একমত	None
10038883	রাত হলে আওয়ামী লীগের নেতাদের বাসায় ভ ঘুমাইত তাকে দেশ থেকে পালাতে হয়নি	Political Hate
10038884	আমি গু দেকতে পারি কিনদু রুবিন ফারহানা কে দেকতে পারিনা	Abusive
10038885	রুমি বহুরূপী একজন মহিলা যার কথার আগাগোড়া ঠিক নেই রুমির লজ্জা থাকলে ভারতের চ্যানেলে গিয়ে টক শো করতো না	Abusive
10038886	দারুণ লাগলো	None
10038887	কঠিন	None
10038888	খুবই খুবই খুবই গুরুত্বপূর্ণ কিছু কথা কৃতজ্ঞতা ইনক্লাব জিন্দাবাদ	None
10038889	এই ম্যাগীরে কেডা ধর্ষণন করবে আমি বুজি না কার রুচি এতো নষ্ট	Profane
10038890	আমরা এখন নির্বাচন চাই না সংস্কার চাই	None
10038891	অসাধারণ হয়েছে	None
10038892	অনেকেই ক্রেডিটের ভিক্ষা করবার চেষ্টা করে	None
10038893	দাদা মুজিবুরের বাড়িটাও ভাঙ্গা দরকার ️	Abusive
10038894	প্রেমর আরেক নাম পিনাকী দাদা ভাই এবং ইলিয়াস হোসাইন ভাই	None
10038895	রুমিরে রোমিও বানিয়ে দাওজুলিয়েট হবে হাসিনার পুতে	Profane
10038896	এই মহিলা গুরুজনকে সম্মান করতে জানেনা ফালতু মহিলা	Abusive
10038897	রুমিন কে পাবলিক কেন সুন্দরী বলে বুজে আসেনা	None
10038898	দাদা একটা ফাউল মালকে খামোখা প্রমোট করতেছেন গার্বেজ মাহিলা	Abusive
10038899	শেষ রুমিন ফারহানা	None
10038900	ফজলুরে একটু ধরেন	None
10038901	রুমিন ফারহানা বাংলার মেয়া খলিফা	None
10038902	দাদা আপনাকে কৃতজ্ঞতা সত্য কথা বলার জন্য	None
10038903	রুমিনের সোনায় বিভিন্ন পূরূষের ধাতু পাওয়া যাবে তাকে জাতীয় বেশ্যা ঘোষণা করিলাম	Profane
10038904	কিরে পিনিক মাদারবোর্ড তোর এত সাহস তাহলে দেশে আসিস না কেন	Profane
10038905	ব্যাথা তো এক যায়গাতেই ঐখানে	None
10038906	★স্যার দয়াকরে এই মন্তব্যটি পড়বেন স্যার আমি আপনার একজন নিরব ভক্ত শুধু মাত্র আপনার দেশ প্রেম ও খারাপ মানুষদের মুখোশ উন্মচোন করার জন্য স্যার আমি ছোট থেকে অনেক বেশি বিএনপি ভক্ত কিন্তুু এই দলের কিছু খারাপ মানুষ আছে যারা বিগতদিনে দলের বড় বড় পদ দখল করেছে আবার আঃলীগ ও রয়ের সাথে যোগাসাজস করে দেশ ও দলের ক্ষতি করেছে আপনার নিকট অনুরোধ এই সকল খারাপ লোকদের মুখোশ দেশ ও দলের কাছে উন্মোচন করে দিন এতে দলের কোন ক্ষতি হবেনা জিয়াউর রহমানের সেই কথা বুকে ধারণ করে এ দেশের জনগণ ব্যক্তির চেয়ে দল বড় দলের চেয়ে দেশ বড় কয়েকজন ব্যক্তির জন্য বাংলাদেশের স্বাধীনতার প্রতিষ্ঠিতা জিয়াউর রহমানের দল ও দেশ আমরা ধ্বংস হতে দিতে পারিনা৷ স্যার একটা অনুরোধ করবো আপনার ছোট ভাই হিসেবে অনুরোধ টা রাখবেন আমি বিএনপি ভক্ত এই দলের খারাপ কিছু দেখলে বুকে লাগে তাই অনুরোধ এটা যে বিএনপির সাথে দলের মাঝে থাকা এই সকল খারাপ লোকদের মুখোশ উন্মোচন করুন তবে দলকে টানবেন না কারন দলের বদনাম হলে খারাপ লাগে আর আবারও অনুরোধ করছি এই দেশ ও দলের জন্য এই ধরনের সকল খারাপ লোকদের মুখোশ উন্মোচন করে এই দেশ ও দলটাকে বাঁচান এই দলটা তো আপনার জন্মস্থানের এলকার মাটির মানুষের দল সেই হিসাবে হলেও দলটাকে ধ্বংস হওয়া থেকে উদ্ধার করেন খারাপ লোকদের হাত থেকে	None
10038907	হাসিনা ও ভারতের দালাল ওয়াকার ভারতের সাথে মি এসব ঘোট পাকাচ্ছে যেন প্রফেসর ইউনুস বিরক্ত হয়ে নির্বাচন দিয়ে চলে যান বিএনপি হচ্ছে নাটের গুর যারা এক মূহুর্তের জন‍্য এই সরকারকে শান্তিতে থাকতে দেয়নি দেশের উন্নয়ন ও ভারতের আধিপত্যে রোধ তাদের কাছে যেন প্রসংগিকই নয় এই যদি চলতে থাকে তবে বাংলাদেশের সামনে ঘোর অমানিশা ঘোর অমানিশা ঘোর অমানিশা	Political Hate
10038908	রুমিন ফারহানা ভু চ কি	Abusive
10038909	লজ্জা থাকলে হয়ত আর উল্টাপাল্টা বকবেনা রুমিন ফারহানা	Abusive
10038910	সরকারের আমলে বদমাইশ লুণ্ঠনকারী ক্ষমতা অপব্যবহারকারীদের মপ জাস্টিস করা লাগবে সরকার স্বরাষ্ট্র উপদেষ্টা ব্যর্থ এদের শাস্তি দিতে	Political Hate
10038911	ধুর কানকীর ফুলা	Profane
10038912	ও বেশ্যা কে বাশ দেওয়া টিক হইছে দাদা ভাই	Profane
10038913	কৃতজ্ঞতা দাদা	None
10038914	নব্য ভারতের এজেন্ট	None
10038915	বিএনপি নাকানিচুবানি খাচ্ছিলো অথচ রুমিন ফারহানা বহাল তবিয়তে ছিলো	None
10038916	এই লুটপাটের পুরা অংশীদার বিএনপির আরো কয়েকজন নেতা রবিন ফারহানা শুধু একা নয় হারুন মির্জা আব্বাস দুধু আরো অসংখ্য লোক আছে ফখরুল ইসলাম আলমগীর সহ এরা হচ্ছে আওয়ামী লীগের রাতের পাচার তো দিনে বিএনপি করতো এরা রয়ের থেকে টাকা পাইছে রায়ের সাথে এদের ব্যবসা চালু হয়ে গেছে বিএনপি আওয়ামী লীগের আমলে আপনারা আসলে বিষয়টাকে বিষয়টা নাকি আরো অধিকতর ডিপে মানে গভীরে চিন্তা করেন দেখেন এরা কিভাবে কি করছে কত শয়তানি করছে এখন সেই শয়তানি প্রকাশ পাচ্ছে সালাউদ্দিন হচ্ছে তাদের অন্যতম	Political Hate
10038917	যেই দল দেশের জনগণের পাল্স বুজে কথা বলবে না দেশ ও জনগণের জন্য রাজনীতি করে না এবং খাতায় যাওয়ার জন্য জনগনের ওপর কোন ভরসা ব আস্তা রাখেনা দিন শেষে আওয়ামীলীগের পরিণতি ভূগ করতে হবে রুমিন ফারহানারা নিজেদেরকে খুব চালাক মনে করে শাক দিয়ে মাছ ঢাকার চেষ্টা করে আর জনগনকে বুকা ভাবেজনগন এইসব রুমিন ফারহানাদের বুজে গেছে সতারাং পরিনতি খুব খারাপ হবে	Political Hate
10038918	ওকে	None
10038919	আমি বিএনপি করি তবে দেশের যে অবস্থা বিএনপির প্রতি আস্থা হারিয়ে ফেলেছি	Political Hate
10038920	বি এন পির সবগুলো জোকার	Political Hate
10038921	প্রথম বার ভোট দিব যদি দেশ হইতে যদি দূর্ণিতী বন্ধ করে দিতে পারে কসম কাটে তার ক্যাডার নেতাদের সড়িয়ে শিক্ষিত যুবক ও ভাল নেতা দিয়ে সততার সাথে দেশ চালাবে অঙ্গীকার করলে ভোট দিব দাদা আপনার মুখে সব ভালো কিন্তু বিএনপি এর সাপোর্ট ভালো লাগে না আপনি ডিরেক্ট ও ইনডিরেক্ট বিএনপি কে সাপোর্ট করে সব ভিডিওতে প্রথম ধুয়ে দেন পরে প্রেম দেখান এগুলা ভালো না দাদা আপনারা বড় পর্যায়ের লোক তো হয়রানি আপনারা হন না এই যে সাধারণ জনগণের ঘারে বন্ধুক রেখে গুলি চালিয়ে আজ আজ ক্ষমতা ক্ষমতা করছে এগুলো জনগন সব বুঝে আমরা সবাই জিম্বি হয়ে গেছি দাদা শুধু আপনাকে বড় লেভেলের একজনের মধ্যে দেখি যে আমার মুখের কথা আপনার মুখ দিয়ে বলেন তাই কিন্তু এখন আস্তে আস্তে দুর্ভোগ লাগছে দাদা ইন্টারনেট ব্যবসা বালুর ব্যবসা ইটের ব্যবসা বাজারের চাদা সরকারী বেসরকারী নির্মান কাজের কন্ট্রাক্ট গার্মেন্টস্ ব্যবসার চাদা এমনকি কেও এলাকায় নতুন বাড়ী করতে গেলে টাকা দেওয়া এগুলা কিছু বাকি নাই আওয়ামী করছে তা অস্বীকার করি না কিন্তু নতুন করে দেশ যদি সুচনা করে থাকে তাহালে এগুলো পূণরায় হচ্ছে কেনো আর আপনি যতই যতই উপরে উপরে বলেন কিন্তু এগুলো বন্ধ করতে পারবেন না কারণ আপনাদের সবার লাভ আছে আমাদের চুষে খেয়ে আপনারা জনগনকে ভোদাই বানান বাংলাদেশে সব রাজনৈতিক দল ভন্ড এখনও সময় আছে ইতিহাস তৈরি করার কোন এগুলো করে ইনকাম করা লাগবে আর যদি করা লাগে তাহলে বালু নির্মান কাজের কন্ট্রাক মাঠ ঘাট ইট ইন্টারনেট বৈধ ব্যবসাগুলো এমন করে দিলে হয় না যে এই ব্যবসা গুলো শুধু রাজনৈতিক নেতা কর্মিরা পাবে তাদের নিজ নিজ এলাকায় কিন্তু সরকার থেকে টেন্ডার নিয়ে ব্যবসা করবে যাতেসরকার একটি অংশ পায় আর বাড়ী তুলতে গেলে টাকা বাজারের টাকা কসাইদের থেকে টাকা মাদক ব্যবসায়ীদের লালন পালন সহ আরও বেশ কাজ আছে এগুলো বাদ দিয়ে সরকার যদি কাজ করে তাহলে ক্ষতি কি আর যদি আন্ডার ওয়াল্ড এর কথা বলি আমি মনে করি রাজনৈতিক নেতারাই ডন এখন আর যদি ডন মারতে গুম খুন শুরু করতে হয় তাহলে খারাপ কি গুন খুন যদি ভালো কাজে লাগানো যায় সমস্যা নাইতো কিন্তু এগুলো আপনারা করবেন না কারণ মোটা অংক না এসে ছোট অংক আসবে তাই আমার ছোট হইতে পারি রাজনীতি নিয়া অনেক ভেবে দেখছে ক্ষমতার মজা বড় মানুষ ই নেয় আমরা তো শুধু বলি কা বাকরা	Political Hate
10038922	এভাবে বাঁশ দেওয়া ঠিক আছে	Abusive
10038923	কৃতজ্ঞতা দাদা রুমিন ফারহানারে চুদে দেওয়ার জন্য এভাবে আমাদের দেশটা পাহারা দিবেন	Profane
10038924	দাদা রুমিন ফাটা জোনার বিয়েই হয় নাই তাহলে ফসাত ফসাত করে কেমনে	Abusive
10038925	রুমিন ফাটাজনা	None
10038926	রুমিনকে এখন হিরো আমল ও বিয়ে করতে চায় না  মনে হয় আর ঘরের খাম্বার কাজে ও লাগানো গেলোনা আহারে মহিলা  ভারতীয় জঙ্গি দালাল বিএনপি নিপাত যাক বাংলাদেশ মুক্তি পাক  ইনকিলাব জিন্দাবাদ	Political Hate
10038927	রুমিন আফা জয় বাংলা	None
10038928	রুমিন ফারহানা খাস দালাল না ইন্ডিয়ান খাস মাগী	Profane
10038929	তোর কপালে প্রচুর দুঃখ আছে পিনুতোর ৫০ প্রজন্ম পর্যন্ত পুইতা রাখবে মাটির নিচে তাও আবার জিন্দা দেখার অপেক্ষায় রইলাম	None
10038930	রুমিন ফারহানার কাজই হইলোটকশো করে বেড়ানোআর টাকা কামানো	Abusive
10038931	ফাতরা মহিলা একটা	Abusive
10038932	দাদা অসাধারণ বিশ্লেষণ জন্য কৃতজ্ঞতা  দাদা দীর্ঘ ভিডিওর মাঝখানে রুমিন ফারহানার কিছু খাট কাঁপানো রোমান্স রাখা উচিত ছিল ইলিয়াস ভাইয়ের থেকে আপনি কিছু রোমান্টিক কালেকশন করে এই ভিডিওটিতে দেখালে খেলাটা জমে খির হয়ে যেত	None
10038933	রুমিনকে আছোলা বাঁশ দিলেন	Abusive
10038934	বয়কট বি এন পি	Political Hate
10038935	দাদা	None
10038936	দাদা আপনাকে প্রধানমন্ত্রী হিসাবে চাই	None
10038937	ডাইনী	Abusive
10038938	চারিদিকে নীরবতা কোন দালালির শব্দ শোনা যাচ্ছে না কোন হৈচৈ আছে  পরিবেশটা কি সুন্দর না  কারণ আজকে পিনাকী দাদা এই রুমিন ফারহানা নামক বাচালের মুখের ম্যানহোলের ঢাকনাটি বন্ধ করে দিয়েছেন জাতি স্বস্তি পেলো	Abusive
10038939	শামসুজ্জামান দুদু‌কে নি‌য়ে কিছু বলা দরকার শুক্রবার জাতীয় প্রেস ক্লা‌ব মিলনায়‌তনে নবীন বিএন‌পি দ‌লের প্রতিবাদ সভায় দুদু ব‌লেন 'দেখা যা‌বে অ‌নে‌কেই নির্বাচ‌নে জামানত হা‌রি‌য়ে দেশ ছে‌ড়ে পালা‌বে' কা‌দের দেশ ছে‌ড়ে পালা‌নোর কথা বল‌ছেন নিশ্চয়ই জুলাই আন্দোল‌নের ছাত্রনেতা‌দের	None
10038940	বিএনপি সকল অন্যায় কাজের জন্য সেরা	Political Hate
10038941	দাদা যারা বর্তমান সরকারকে ব্যর্থ বলে কোন উন্নয়ন দেখছে না তাদের বয়ানের বিপরীতে ডকুমেন্টারি সিরিজ বানান আওয়ামিলীগ ও বিএনপির চুরি ডাকাতি দূর্নিতী ও ব্যর্থতা দেখিয়ে এবং বর্তমান সরকারের সফলতা দিয়ে ডকুমেন্টারি বানান দেশ জাতি আসল ঘটনা জানুক	Political Hate
10038942	ভারতের দা লাল	Abusive
10038943	এই বেডিডা ক্ষমতার লোভে চোখে সইরষা ফুল দেখতাসে আর কি তবে দাদা বাঁশটা খুব ভালো হইসে	Abusive
10038944	দেশে এসে কা কা করো	Abusive
10038945	রুমিন ফারহানা ভারতের টিভি চ্যানেলের সাক্ষাৎ যা বলেছে তা আমাদের দেশকে বেশ ছোট এবং খারপ রষ্ট্র হিসেবে উপস্থাপন করেছে এটা সম্পূর্ন রাষ্ট্র বিরুধী কাজ করেছে ওকে কেউ ক্ষমা করবেন না এখন যত দিন যাচ্ছে ফজলু পাগলার মতো মাতালের মত কথা বলতে থাকে একটা লেভেল থাকা দরকার কিভাবে ওরা পজিশন পায় তবে দোয়া রইল সৃষ্টিকর্তা যেন এদের মতো পাগলের কারনে বিএনপি তারাতারি বাংলাদেশের মানচিত্র থেকে মুছে যায় এবং সময়ের ব্যবধানে যেতে বাধ্যআমীন	Political Hate
10038946	বিএনপি নেতা কর্মী সবাই অভিনয় নাটকের সেরা	Political Hate
10038947	খানকি খায় না তো তাই পাগল হইয়া গেছে	Abusive
10038948	বাবু শুধু হাসিনার পিছনে পড়ে থাকলে হবেএকটু দেশের খুনের ব্যাপারে বলেন বাবু	Abusive
10038949	একটু বেশি করে করার দেরি	None
10038950	সঠিক বলেছেন	None
10038951	এরকম ভিড়িও চাই	None
10038952	আপনাকে অনেক কৃতজ্ঞতা ওর গোমর ফাঁস করার জন্য	None
10038953	চাপাবাজ	Abusive
10038954	পিনাকী দাদা আপনি যে লেপটর নিয়ে বসে আছে তার বিষেয় কিছু কথাবলেন ২০০১৮ ইংলেশনের না সঠিক হয়ে আছে টকশোতেসে কথা র সময় যুদ্ধ লাগাইয়া যাইতআপনি তার বি ডিও গুলা দেখবেনসেত এখন জেলে থাকার কথা	Abusive
10038955	দাদা একটা অনুরোধ করছি বিএনপি ৫ ই আগস্ট এর পর আওয়ামী লীগ এর নামে যে রাজনৈতিক মামলা গুলো করেছে সেগুলো তে অনেক সাধারণ মানুষের নাম দিয়ে তাদের হয়রানি করা হচ্ছে সরকারের দৃস্টি আকর্ষণ করতে এ বিষয়ে একটি এপিসোড তৈরি করুন প্লিজ	Political Hate
10038956	রুমীন খানকি ইনকিলাব জিন্দাবাদ	Profane
10038957	আরো ভিডিও চাই রুমিনকে পচানো	Abusive
10038958	সত্য কথা বলেছেন আপনি আপনাকে অনেক কৃতজ্ঞতা	None
10038959	কথা গুলোর অধিকাংশ বাস্তবতার সাথে মিল খুজে পাওয়া যায়	None
10038960	কৃতজ্ঞতা ভাই	None
10038961	রুমিন নিজের জন প্রিয়তা নিজের হাতে নষ্ট করছেআর বাকিটা দাদা আপনি শেষ করছেনরুমিনের সংসদ সদস্য হওয়ার সপ্ন সপ্ন রয়ে যাবে	None
10038962	দাদা তুমি বেচে থেকো	None
10038963	দাদা	None
10038964	আসল নষ্টামি রুমিমা	Abusive
10038965	মব্বাজি আপনার নামকরনের ধরণটা আলাদা	None
10038966	আপনার এপিসোড অনেক নতুনত্ব দেখা যায়কিন্তু বুঝতে কষ্ট হচ্ছে বিএনপিকে আপনি ক্ষমতায় না চাইলে কোন যোগ্য দলকে চানযে দলকে আপনি ক্ষমতায় দেখতে চান সেই দলকে নিয়ে একটা এপিসোড করলে খুশী হব	None
10038967	মগ বাজী না মাগী বাজ আপা	Profane
10038968	রুমিন ফারহান কথা হলোআওয়ামী সময় আওয়ামি খারাপ এখন ইউনুস সরকার খারাপ ভালো শুধু রুমিন পাটি এখন জনগণ দেখতেছে ভালো খারাপ কেপিএপিকে জনগণ তুতু দিতেছে	Political Hate
10038969	রুমিন ফারহানা ফজু পাগলা গোলাম ময়লা রনি কথা কামাল এরা সবাই আলীগের মাল ॥	Political Hate
10038970	দাদা আপনি একটা জিনিস	None
10038971	আপনার তো কোন ক্লাসই নেই বুঝলেন পিনাকি	None
10038972	পিনাকী ভট্টাচার্য দাদা আপনাকে অসংখ্য অসংখ্য শুভেচ্ছা	None
10038973	দালাল রুমি ফারহানা বিএনপি বয়কট	Abusive
10038974	তোমার মুখে ইনকিলাব সিপির ও স্লোগান ইন ক্লাব এতেই বোঝা যায় তুমি এনসিপির দালাল দেশে অস্থির মব সৃষ্টির কারিগর তুমি	Political Hate
10038975	পিনাকি দাদা তুই একটা বা 054 টপার তুই একটা তুমি এনসিভিনিয়ার নিয়ে দল গঠন করবা না তোমাদের এনসিপির অবস্থা আমি লীগের মতনই হবে	Political Hate
10038976	রবিন পারেনা বিয়া বইলা আমি বিয়া করমু	Abusive
10038977	আনিস চুন্নু ফিরোজ হাওলাদার এরা মূলত আওয়ামী লীগের লোক এরা আওয়ামী লীগকে পুনর্বাসন করার জন্যই জাতীয় পার্টি ও জিএম কাদের বিরুদ্ধে এরা বহুমুখী ষড়যন্ত্র করে যাচ্ছে এরাইতো নিজেদের স্বার্থে এরশাদ সাহেবকে সিএমএইচে ভর্তি নামে জিম্মি করে আওয়ামী লীগের সাথে রাতে ভোটে এমপি হয়ে মন্ত্রী হয়েছিলো	Political Hate
10038978	পালা পাকিস্তানি	Abusive
10038979	যেখানে বিএনপির কেন্দ্রীয় নেতারা তালে নেইসেখানে তো নেতা কর্মীরা বেতাল থাকবেবিএনপি এই মুহুর্তে দেশের জন্যে বিপদ সংকেত	Political Hate
10038980	পিনাকির আসল বাবা হলো সোয়েব আদুল্লাহ পাকিস্তানি চেয়ারা ও একদম মিল	None
10038981	শিবির চুদিপিনাকী চুদিদেশে আয়	Profane
10038982	সাবাশ দাদা আপনার কথা যতোই শ্রবন করি ততোই ভালো লাগে অসাধারণ যুক্তি আপনার	None
10038983	সুন্দর বলেছেন দাদা তবে মূল বিষয় থেকে দৃষ্টি যেন সরে না যায় হাসিনার ফাঁস হওয়া অডিও ক্লিপঃ 9368	None
10038984	এই রকম সমাজে হাজার হাজার সুশীল বেশ্যা রয়েছে যাদের টাকার ও ক্ষমতার দাম্ভিকে পাঁ মাটিতে পড়ে না ও মুখে কিছু আটকায় না	Abusive
10038985	রুমিন ফারহানা মনে হই আওয়ামী লীগের শামিম ভাইয়ের বন্ধু ছিল	None
10038986	মাগি রুমিন	Abusive
10038987	অবশ্যই ঠিক বলেছেন	None
10038988	র এজেন্ট এই পুমিন কারখানাঅরজিলান আমলিকান	None
10038989	রুমিন ফারহানা আওয়ামী লীগের দোসর আওয়ামী লীগের হালুয়া রুটি খাওয়া মানুষ	Political Hate
10038990	নুরুরুমিনা ফারহানা আর গোলাম মাওলা রনি কখন কি বলে ওরা নিজেরাই জানে নাওদের নিজেদের উপর নিজেদেরই কন্ট্রোল নেইদিনে দিনে ওদের আচরণ ওদের মুখোশ খুলে দিয়েছে	Abusive
10038991	লেংটু সোলেমান	Abusive
10038992	দাদা আপনি আমাকে আপনার সহ কারি করেন আপনার সাথে কাজ করতে চাই	None
10038993	সে একটা দাউস	None
10038994	পিনাকি আর ইলিয়াসের কথা শুনলে বিএনপি জনমানুষের প্রেমর ১নং দল হবে	None
10038995	চমৎকার ছবি	None
10038996	দাদা আপনার জন্য সব সময় দোয়া থাকে যেন ভালো থাকেন মহান সৃষ্টিকর্তা আপনার মঙ্গল করুক	None
10038997	পাগলাচোদা	Abusive
10038998	এটা ভারতের দালাল	Abusive
10038999	দাদা মরিচ টা কম হয়ছেআরো একটু লাগবেসামনে আরো একটা দেখতে চাই কড়া ঝালের	None
10039000	ভাই আপনার ভিডিও ফানি ভিডিওর চেয়ে কম কিছু না	None
10039001	আসলেই সত্য	None
10039002	মনে অনেক শান্তি পাইলাম দাদাইনকিলাব জিন্দাবাদ	None
10039003	রুমিন তো রাতের রানী	None
10039004	এটা আগে দরকার ছিল একটু দেরি হয়ে গেল দাদা	None
10039005	আপনি আসলেই হিরো	None
10039006	মাশাল্লাহ বিএনপি বয়কট চাঁদাবাজ	Political Hate
10039007	যারা হাজারো পুরুষের আসক্ত তাদের এক পুরুষ দিয়ে হবে না তাই রুমিন ফারহানা মতো রাজনীতিবিদরা এরা হাজারো নেতাদের খাট কাঁপিয়ে এসেছে এরা বারোভাতারী	Abusive
10039008	তুই নিজেই একটা ভারতের র	Abusive
10039009	দাদা রুমিন ফারহানা হচ্ছে জাউরার জাওরা আপনি আমাকে জাওরার জাওরা সীল মারলেন না কেন	Abusive
10039010	ইনকিলাব জিন্দাবাদ	None
10039011	জামাতশিবিরের অনেক গুণ মসজিদের ভিতরে ইমাম খুন দাঁড়িপাল্লায় ভোট দিন মসজিদ থেকে লাশ নিন চাঁদার নয় হাদিয়া দিন	Political Hate
10039012	ভাই বিএনপি প্রত্যেক বাসা দোকান কারখানা ইত্যাদিইত্যাদি থেকে ময়লার নামে রাতে পাহাড়া দারের নামে ক্লিনারের নামে ছিলিপ দিয়ে দিয়ে টাকা আদায় করে এ নিয়ে একটু কথা বলবেন	Political Hate
10039013	বিএনপি আর আওয়ামী লীগ একই মূদ্রার এপিট অপিট	Political Hate
10039014	বলছিলাম কি পিনাকী কাকু এই বেডিরে বিয়া দিয়া আমাদের দেশবাসীরে বাঁচান বেডির ভিটামিন স্বামীর শাসন খুব দরকার	None
10039015	অন্তত তিন বছর পর নির্বাচন চাই	None
10039016	একমাত্র পিনাকী ভালো বাকি সব ভালা না আর কত পিনাকী করবে দাদা ও দাদা তুমি কি মুসলমান হয়সো নি এতদিন রুমিন ফারহানা ভালা আছিল এহান খারাপ হয়া গেসে গা তুমি এহন ফাউল হয়সো পিনাকি দা না ভাই	Abusive
10039017	আরে দাদা রুমিন ফালতু বহূরূপী বাঁচাল তাকে নিয়ে সময় নষ্ট করেছেন কেন	Abusive
10039018	সেই আইক্কাওলা বাঁশটা দিল রুমিন ফারহানারে আরেকটা আইক্কাওয়ালা বাঁশ দেওয়ার দরকার	Abusive
10039019	কৃতজ্ঞতা পিনাকী দাদা	None
10039020	দাদা এই মহিলারে আরো বেশি বেশি করে বাঁশ দেন দেখলেই অসহ্য লাগে	Abusive
10039021	দাদা তুমি সত্য বলা ভুলে গেছ	None
10039022	রাস্তা একটা বাটপার রনি ফারহানা নিয়মিত	Abusive
10039023	শামীম ওসমান প্রায় সময় রুমিন ফারহানাকে খেলাধুলা করতেন এটা কেউ মানেন আর না মানেনওদের অন্তরঙ্গ দেখলেই বুঝা যায়	None
10039024	দাদা ঠিকই বলছে এই দেখছি সঠিক পথেই আছে বাংলাদেশের বুদ্ধিজীবীরা সাংবাদিকরা যদি ভাবে থাকত সঠিক পথে অবশ্যই বাংলাদেশ সঠিক স্থান দিয়ে কয়টি হয়	None
10039025	সৃষ্টিকর্তা বেশ সময় বেশ কিছুই বুঝে শুনে করেন তাহার বড় উদাহরণ রুমিন ফারহানার বিয়ে না হাওয়া যে বেটা ওকে বিয়ে করবে তাহার সারা জীবন বরবাদ হয়ে যেত	None
10039026	শিক্ষিত শয়তান	Abusive
10039027	দাদা রুমিন বিয়ে করেনা কেনআপনার অনুসন্ধানে জানতে চাই	None
10039028	সেই রকম এটা ভিডিও	None
10039029	দাদা আপনার কথাগুলো 100 সত্য এবং দেশের মানুষের জন্য সতর্কবার্তা	None
10039030	রুমিন তোমাকে পাইলে মানুয গায়ের কাপড় খুলে নিবে	Abusive
10039031	অসাধারণ দাদা	None
10039032	ফাসি আর জেল দিলে তর সমস্যা কি তুইত ভয়ে জীবনে দেশেও আসবি না সেই যে দৌড় খেয়ে পালিয়েছিস সেই গিয়েছিস ত গিয়েছিস ই সেখানকার সরকারের পায়ে ধরে আশ্রয় নিয়ে থাক তুই মনে করিস তরে ফাসি আর জেল দিলেই কি তুইত দেশেই আসবি না	Abusive
10039033	ঠাপা আবিয়াইত্তা গিমারে	None
10039034	টা সেই	None
10039035	রুমিনকে কখনোই সংগতিপূর্ণ মনে হয়নি ননসেন্স কথাবার্তা বলে অহংকারী মুর্খ	Abusive
10039036	রুমি ফারহানা টাকার বিনিময় শীর্ষ সন্ত্রাসীদেরকে জামিন করাইতেছে	Abusive
10039037	কৃতজ্ঞতা পিনাকী দাদা একবারে সত্য নির্ভর সংবাদ তুলে ধরেছেন এই দালালদের আমরা সাধারণ মানুষ এদের আসল রুপ ধরে ফেলেছি	None
10039038	রুমিন ফারহানার বাবা ড অলি আহাদ ছিলেন আওয়ামী লীগের প্রতিষ্ঠাতা সাংগঠনিক সম্পাদক	None
10039039	মমতাজের আপডেট ভার্সন ব্যারিস্টার রুমিন ফারহানা	None
10039040	বুদ্ধি বেশি হইলেও আক্কেল কম মজা পাইলাম	None
10039041	আধা ঘন্টা করে দেখার পরও বিরক্ত না লাগা আমি এক ক্ষুদ্র ব্যক্তি বলছি	None
10039042	দাদা ওরতো হাসিনার মতো শামি নাই ওরে একটু মোদিরকাছে পাঠান	None
10039043	ভালো দিছেন	None
10039044	রুমিন ফাফহানা	None
10039045	দাদা সেলুট আপনারে	None
10039046	স্বামী নাই তো তাই বাশ খেলে ভালো	Abusive
10039047	ইনকিলাব জিন্দাবাদ	None
10039048	তাড়াতাড়ি বিয়ে দিয়ে দাও	None
10039049	বঙ্গবান্ধবী	None
10039050	সকলের জানা উচিত পিনাকির অতীতের কুকর্ম যে বাংলাদেশের বগুড়া জেলার ২৯০ জন শিশুকে নকল ওষুধ দিয়ে হত্যা করেছে আর এখন ফ্রান্স বসে দেশ প্রেমের নাম দেশের অগ্র গতিকে নষ্ট করছে  	Abusive
10039051	পিনাকি তোর জন্মের দোষ আছে	Abusive
10039052	তোমার জন্মের দোস আছে	None
10039053	তুমার বাপ যে দাদা পাকিস্থানের ছিল ওনার নাম যেন কিচেহারায় কিন্ত মেলা মিল	None
10039054	তুই আকাডা কঠিন মুত পড়া খাইছিস সুদিনুসের বুজাই যাচ্ছে	Abusive
10039055	একদম দাদার গঠন পাইছে রুমিন ফারহানা	None
10039056	সফলতা বাংলা ধানের শীষ	None
10039057	মমতাজ প্রো	None
10039058	সাবাস দাদা ইনকিলাব জিন্দাবাদ	None
10039059	কৃতজ্ঞতা পিনাকী দাদা কে	None
10039060	আপনারা খেয়াল করছেন ভারতের চ্যানেল এ রুমিন এর নাম লিখছে রুমিন ফাফহানা	None
10039061	এই সমস্ত নষ্ট রুমিন ফাইরালার জন্য বিএনপি বান্গুু হুগা মারা খাইবো	Political Hate
10039062	তর মার হেডা	Profane
10039063	নগর ভবনে দশ দিন ধরে বাল বাজি করছে	Profane
10039064	বাংলাদেশের রাজনীতিতে পিনাকী দাদার মতো এই কয়েকজন দিকপাল হতে বর্তমান সময়ে দেশের মানুষের পক্ষে এবং এই বাংলাদেশ তার এই সংকট পূর্ণ সময় হতে উত্তরণে আরো কিছু দায়িত্বপূর্ণ ভূমিকা আমরা আশা করি বর্তমানে সশস্ত্র বাহিনীর সক্ষমতা বিশেষ করে বিমান বাহিনীর দুর্বলতা দেশের স্বাধীনতা সার্বভৌমত্বকে গভীর সংকটে নিপতিত করেছে অতএব বর্তমানে সশস্ত্র বাহিনীতে ভারতীয় দালাল মুক্ত করে সংস্কার এবং বিমান বাহিনীতে চাইনিজ জে১০ সি পিএল ১৫ মিসাইল সহ অন্ততপক্ষে দুই স্কোয়াড্রন এবং পাকিস্তান হতে আধুনিক মিসাইল সিষ্টেম ফাত্তাহ সহ জে এফ ১৭থান্ডার দুই স্কোয়াড্রন কেনার মাধ্যমে এই দুই দেশের সাথে নিরাপত্তামূলক সামরিক চুক্তি করে দেশের বহিশত্রুর হুমকি মোকাবেলায় কার্যকর পদক্ষেপ নিলে দেশের রাজনৈতিক এবং আভ্যন্তরীণ সমস্যা ৮০ সমাধান হয়ে যাবে বলে আমাদের বিশ্বাস আমি এই দেশের একজন ক্ষুদ্র জনগণ এবং জুলাই গণঅভ্যুত্থানের একজন ক্ষুদ্র কর্মি এবং এই দুই জন বিশাল ব্যাক্তিত্বের একজন ক্ষুদ্র ভক্ত হিসেবে দুই জনের কাছেই অনুরোধ করব তারা যাতে এই সংবিধান সংস্কারের পাশাপাশি এই দুটি বিষয় নিয়ে সরব হয়ে জাতীয় নিরাপত্তা উপদেষ্টা জনাব খলিল এবং প্রফেসর ইউনুস সরকারের উপর কার্যকর চাপ প্রয়োগের মাধ্যমে এই তিনটি বিষয় এই অন্তর্বর্তী সরকারের আমলেই সমাধান করেন এগুলো সমাধান হলে তিস্তা চুক্তি কার্যকর হওয়া থেকে শুরু করে রোহিঙ্গা সংকট পর্যন্ত সর্বক্ষেত্রেই বাংলাদেশ ভারতীয় এবং বহির্বিশ্বের পরাধীনতা হতে মুক্তি পাবে এবং বাংলাদেশের মানুষ সত্যিকারের স্বাধীনতা সার্বভৌমত্ব উপভোগ করতে পারবে যেগুলো শুধুমাত্র এই সরকারের আমলেই সম্ভব	None
10039065	রুমিনকে পচাতে এই প্রমান গুলোই যথেষ্ট	Abusive
10039066	আপাকে ধোঁয়ার জন্য কৃতজ্ঞতা দাদা	None
10039067	ভোটের রাজনীতি মানে কৌশল  দাদা বিএনপি সে কৌশলে হেরে যাচ্ছে স্বৈরাচার কাছে কখনো হার মানেন নাই সত্য প্রকাশ করলে হেডম লাগে সেটা আপনার ভিতর আছে দাদা	Political Hate
10039068	আমি জানিনা আমার কমেন্টি পড়বেন কিনা আমার কথা আছে যে বিএনপি যে বলে আমরা চাদবাজ না তাহলে ক্ষমতাই না যেয়েই কি ভাবে তারা ইউনিয়ন পরিশোধ গুলো কাদের দখলে সেই পাঁচই আগষ্টের পর থেকেই এটাকী আইনি ভাবে আছে দেশকি প্রশাসন নেই জানিনা বুজাতে পরছি কি না	Political Hate
10039069	একদম ভরে দিছে	None
10039070	দাদা আপনি একটা জিনিস	None
10039071	দাদাএই তো একটা ঘুপশি	None
10039072	দেশে আহো কাকু	None
10039073	রুমিনের চিপা দিয়ে ডুকিয়ে দিলেন পুরোটা	None
10039074	যে চাঁদাবাজ দের বিরুদ্ধে আমি তার পক্ষে যে দখলবাজদের বিরুদ্ধে আমি তার পক্ষে যে ভারতীয় আগ্রাসনের বিরুদ্ধে আমি তার পক্ষে হোক সে হিন্দু বৌদ্ধ বা মুসলিম আমি জনগণের পক্ষে ন্যায়ের পক্ষে কল্যানের পক্ষে	None
10039075	একজন পিনাকি হাজার জন বিএনপির নেতা কর্মী র চাইতে উত্তম পিনাকি দার একটা কন্টেন্ট বিশ্ববিদ্যালয়ের ১০টা ক্লাসের সমান	None
10039076	এই ইডিটর সাহেব এর সাথে দেখা করতে চাই পিনাকী দা	None
10039077	একজন ভন্ড মহিলা	Abusive
10039078	আওয়ামী ফ্যাসিবাদের সময় যারা ভালো থাকবে তারা এই সময় ভালো থাকবে না এটাই স্বাভাবিক	Political Hate
10039079	সেই হয়েছে দাদা	None
10039080	ইরান ফিলিস্তিন জিন্দাবাদ বাগেরহাটের মোল্লা হাট উপজেলা থেকে জামায়াতে ইসলামী বাংলা দেশ জিন্দাবাদ	None
10039081	দাদা আপনি এখনো ভাল	None
10039082	ফজু পাগলা	Abusive
10039083	রাইট	None
10039084	বি এন পি র বেশ্যা	Profane
10039085	ইনকিলাব জিন্দাবাদ	None
10039086	নষ্ট মহিলা মুনাফেকী করা এর ধর্ম আওয়ামী ও ইনডিয়ান ইসকনের হয়ে কাজ করে	Religious Hate
10039087	দাদা যে মারটা দিলেন	None
10039088	চাঁদাবাজের আশ্রয় প্রশ্রয়দাতা রুমিন ফারহানা ভারতের দালাল ফ্যাসিবাদের দোসর	Abusive
10039089	রুমিন ফারহানা শিখতে পারেনি যে অসত্য কথা উচ্চ শব্দে বললেই সেটা সত্য হয়ে যায় না ভারতের গণমাধ্যমে নিজ দেশেের গীবত পরচর্চা করে নিচু রুচীর পরিচয় দিয়েছেন রুমিন ফারহানা	Abusive
10039090	রুমিন ফারহান একজন লোভী মহিলা  হাসিনার কাছে দুই কাটা জমি আবেদন করেছিল এজন্য হাসিনার সাথে ও দেখা করেছিল  কিন্তু কাজ হয়নি পায়নি জমি	Abusive
10039091	বাঁশ টা সঠিক জাগায় দেয়া হয়েছে আমার যে কি ভাললাগতাছে	None
10039092	দাদা রুমিন আপার যে বয়স কি করে একা থাকে বিয়ের সাদি কি করবে না	None
10039093	ভারতের দালাল রোমি	Abusive
10039094	রুমিন একটা ফালতু মহিলা	Abusive
10039095	দাদা অনেক কৃতজ্ঞতা আপনাকে	None
10039096	শেক চোখমারানি রুমিন ফারহানা কে বাশ দিলো পিনাকি দাদু	Abusive
10039097	এইসব করে উস্কে দিয়ে উসকে দিয়ে দেশের অবস্থা খারাপ করে আপনার লাভ আপনার তো বাহিরে আছেন আপনার কোন সমস্যা নাই আমরা যারা দেশে আছি আমরা খুব অশান্তিতে আছি এগুলি ছাড়ে দেশকে আগে এগিয়ে নিয়ে যান ভালো হবে	Political Hate
10039098	আপনি একটা ভন্ড লোক	Abusive
10039099	দাদা আপনার জন্যই আমরা ভুলো মন বাংগালী পিছনের কথা গুলো মনে করতে পারি	None
10039100	সবসময় পাশে আছি এগিয়ে যান	None
10039101	দাদা স্যালুট	None
10039102	আসসালামুয়ালাইকুম ভাইয়া আমি সোনারগাঁও থানার হোসেন পুর পিরোজপুর উচ্চ বিদ্যালয়ের উপবৃত্তি প্রদান করা হয়েছে যেসব ছেলে মেয়ে মাষ্টারদের কাছে কোচিং করে তাদের কে দেওয়া হয়েছে আর একজন গরিব ও রিস্কা চাল দিন মুজুর ছেলে মেয়ে দের কে দেওয়া হয়েছে না এইটা একটু দেখবেন	None
10039103	ভাই পেনকেক আপনিও কিন্তু একী দলে আপনি ত আরো ভয়ংকর ফিতনা ছরান আপনার কি মনে হয়না আপনার রবের সামনে একদিন দারাতে হবে	None
10039104	মাথা না থাকলে জ্ঞান হয় না আপনার অবস্থা একই	Abusive
10039105	উফফফ কি যে ভাল লাগতেসে রে ভাই  ওরে বাঁশডলা টা আরো আগেই দেওয়া উচিৎ ছিল দাদা স্যালুট	None
10039106	সবার মুখোস খুলে দিন	None
10039107	ও তুমি ফ্রান্স থাকো নাস্তিক এর দেশ	Religious Hate
10039108	যে পাতে খায় সেই পাতেই পায়খানা করেএই মহিলা	None
10039109	রবিন ফারহানা তোমার কথায় কথায় ব্যথা আমি আবার আসতেছি তোমার ফ্ল্যাটের নিচে যেরকম দাঁড়িয়ে অকথ্য ভাষায় গালাগালি করছে আমিও করবো ইনশাল্লাহ কিন্তু ভালতার সহিত টোকাইদের কে নিয়ে নয় তোমার মানে তোমার সাথে যারা অ্যাডভোকেট করে অ্যাডভোকেট তোমাকে গালিগালাজ করবে	Abusive
10039110	এই কথার পর যদি নির্বাচন	None
10039111	দাদা কিন্তু হেব্বি মজার মানুষ লাভ ইউ দাদা	None
10039112	দাদা রুমিন ফারহানা কে নিয়ে আরো একটা এপিসোড তৈরি করেনযাতে করে সে বিয়ের আগে গর্ভবতি হয়ে যায়	None
10039113	সহমত দাদা রুমিন আওয়ামী দালাল	Political Hate
10039114	বহুরূপী এক জটিল চরিত্রের মহিলা ভাইরে ভাই	None
10039115	অসংখ্য শুভেচ্ছা দাদা শেখ রুমিন কে আমাদের বাংলাদেশের মানুষের সামনে তার আসল পরিচয় তুলে ধরার জন্য এবার মানুষ তাকে ভালোভাবে চিনবে আসলে সে কোন দলের হয়ে কাজ করে	None
10039116	দূর বা আমি তো আপনার প্রেমে পড়ে যাচ্ছি যাচ্ছি কি কই গেছি	None
10039117	অভিনয়ের জন্য নারী সেরা রেহ	None
10039118	দাদা এ একটা নর্তকী এর কথা শুনলে মাথা নষ্ট হবে	Abusive
10039119	মহিলা দ্বিচারিণীর মতো কাম করে একবার বলে নিরাপত্তা ছিলো না আবার বলে নিরাপত্তা নাই তাকে বি এনপি নমিনেশন দিলে পঁচে যাবে	Abusive
10039120	উফ একদম উদোম করে দিলেন দাদা সেই হইছে	None
10039121	খুব সুন্দর একটি এপিসোড ছিলেন দাদা স্যালুট	None
10039122	আরেকটা সিল মারেন এই শালীরে	Profane
10039123	দাদা ফজু পাগলারে নিয়া একটা এপিসোড বানানো হোক	None
10039124	রুমিন ফারহানা মহা ধান্দাবাজ সে ভাবে কেউ সেটা ধরতে পারবে না প্লটের লোভে আওয়ামী লীগের পা চেটেছিল সে সেটা ফাঁস হয়ে যাওয়ার পরে আবার ভীষন ভাবও নিয়েছিল প্রত্যাহার করে সরকারের কাছে প্লটের আবেদন ও প্রত্যাহার নিয়ে যা বললেন রুমিন ফারহানা	Abusive
10039125	রুমিন ফারহানা কেকেউ বিয়ে করে না ভাবছিলাম আমি বিয়ে করবো কিন্তু ভাই পাগল ধরেবউ বানানো যায় না	None
10039126	দাদা খুব মজা লাগছে হাসতে হাসতে পেট ব্যাথা হয়ে গেছে	None
10039127	এজন্যই তো উনার বিয়ে হয় না	None
10039128	রাজাকারের ছারা এই জায়গায়	Abusive
10039129	রাজাকার	Abusive
10039130	ডলা ঠিক মত হইছে	None
10039131	এরকম বাঁশ ই দরকার ছিল কৃতজ্ঞতা	None
10039132	আপনার ভিডিওগুলো আমার খুব ভালো লাগে পিনাকি দাদা আপনার মতো বিশ্লেষন গুলো	None
10039133	অবিবাহিত রুমিন মাগীর হেটার মাল মাথায় উঠে গেছে ওরে সেই মাপের ঠাপ দেওয়ার জন্য পিনাকিনী দাদা আপনাকে শুভেচ্ছা	Profane
10039134	আপার বিয়ের আগে নির্বাচন চাই না	None
10039135	সত্যি কথা বলতে এই মহিলাকে অনেক ভালো লাগতো আওয়ামিলীগ এর আমলে টকশো তে যেয়ে যে সত্য উন্মোচন করতো তা সাহসের পরিচয় রাখে বলে আমার ধারনা ছিল কিন্তু ৫ তারিখের পর তার আসল রুপ বের হয়ে আসে	None
10039136	দেরিতে হওয়া সবকিছুই সুন্দর হয় ইনকিলাব জিন্দাবাদ	None
10039137	বিএনপি বলে আওয়ামী লীগ হলে ভালো ছিল	Political Hate
10039138	ভাইয়া আমি আপনার সাথে কথা বলতে চাই কি ভাবে হবে	None
10039139	কি যে বলব	None
10039140	রুমিন একটা বেসসা	Abusive
10039141	কাকা করছেন ডা কি	None
10039142	বাংলাদেশের মানুষ পরিশ্রম করে খেতে দুর্ভোগ হয় তাই তারা জনগণের সেবা করার জন্য পাগল কারন সেখানে তাদের পরিশ্রম করতে হয় না চাদা বাজি টেন্ডার বাজ করে খাবে	Abusive
10039143	দাদা ওর কি লিংক নাই আমি ভাইরাল করতাম চাই	None
10039144	দাদা রুমিনের একটা জামাইর ব্যবস্থা করে দেন দেখবেন তখন সব ঠান্ডা হয়ে গেছে	None
10039145	রুবিনা রে মুসলমানি করাইতে হবে	Abusive
10039146	তাহলে তো সবার বিছানায় খটকা পাইছে	None
10039147	সঠিক কথা তুলে ধরার জন্য কৃতজ্ঞতা	None
10039148	পিনাকি তাতে লাভ কি	None
10039149	এখানে রুমিন ফারহানার কোনো দোষ নেই ৩ দিন হাগু না হলে এমন ই হওয়ার কথা কারন পেটের গ্যাস মাথায় উঠে যায়	None
10039150	রাইট কথা গুলো আপনার ব্রুনাই থেকে দেখচি বিএনপির আচরন আওমিলিগের মতো দেখতেচে হাচিনা যাওয়ার পর থেকে	Political Hate
10039151	রুমিন কে বয়কট কর সবাই	None
10039152	যত সব নষ্টের মুল হলো এই দাদা	Abusive
10039153	বুদ্ধি বেশি হলেও আক্কেল কম	Abusive
10039154	আপনি একজন দেশ প্রেমিক আপনার জন্য শুভকামনা	None
10039155	অসংখ্য কৃতজ্ঞতা নিজে তো পারমু না আপনার দিকেই চেয়ে ছিলাম এই মাগি রে বাশ দিবেন আপনি দীর্ঘজীবি হন আপনার দরকার আছে	None
10039156	আপনার মতো একজন মানুষ আছে বলেই আমরা সত্য টা জানতে পারি	None
10039157	তোর কবরে মুতবে বাঙালি দিবস বানিয়ে দেশে আয়	Abusive
10039158	আরো আগে বাশ দেয়া উচিৎ ছিলো	Abusive
10039159	শান্তি অনুভব করছি পিনাকি দা	None
10039160	এমনভাবে প্রমাণ সহ এমনভাবে কাউকে ধুয়ে দিতে আপনিই সেরা	None
10039161	সাব্বাস আমরা পিনাকির জন্য শুভকামনা করছি	None
10039162	শামীম ওসমানের খাট কাঁপানো রুমিন	None
10039163	কী ফাইন করে আও করিচ্চে	None
10039164	প্যান্টি টা অন্তত না খুললে ভালো হতো	None
10039165	দাদা বিএনপিকে মন থেকে পছন্দ করতাম শহীদ জিয়ার আদর্শের দল হিসেবে এখন এদের আচরণ এতটাই মনঃক্ষুণ্ণ যে এদের নাম শুনলে ঘৃণা লাগে প্রতিটা থানা প্রতিটা জেলায় এদের অত্যাচার এতটাই বেশি হয়ে গেছে যে সাধারণ মানুষের ধৈর্য সীমার বাহিরে চলে গেছে মানুষের মনে এখন একটা ভয়ের জন্ম নিয়েছে যে নির্বাচনের আগে যদি এই অবস্থা হয় তাহলে নির্বাচনের পরে কি হবে	Political Hate
10039166	আপনি ও কিন্তু মাঝে মাঝে ফাওল করনার করেন	None
10039167	রুমিন ফারহানা ১০০ ঠিক বলেছেন	None
10039168	রুমিন একজন একনিষ্ঠ দালাল	Abusive
10039169	রুমিন ফারহানার মুখোশ উন্মোচন করার জন্য দাদাকে অনেক কৃতজ্ঞতা️️	None
10039170	এবার ঠিক আছে	None
10039171	সালাউদ্দিন আহমেদ কে আরেকটা ভিডিও বানান উনি একটু বেশিই পক পক করে	None
10039172	দাদা বেশ দিন পরে একটা ছিল পাইলামকৃতজ্ঞতা আপনাকে	None
10039173	দুই রানের মাজে ব্যাথা	None
10039174	আপনি ও পারেন বটে	None
10039175	খুব মজা লাগিছে বলে দিলাম দাদা	None
10039176	তোর মাথায় সমস্যা আছেঝাউরা তুই তো ঠিক মতো বাংলাইতো বলতে পারস না	Abusive
10039177	শুভেচ্ছা পিনাকী ভাইকে এমন বাস্তবতাকে তুলে ধরা র জন্য  ঘৃণার থুথু নিক্ষেপ করলাম রুমিন ফরহানার উপর	None
10039178	আমার রাজনৈতিক কোন কথা ভালো লাগে না কিন্তু আজকে মনটা খারাপ তাই মন ভালো করতে ভিডিও টা দেখতে আসলাম খুব আনন্দ পায় দাদার কথা বার্তা শুনলে	None
10039179	শান্তিতে বসবাস করার পরিবেশ বানাবে হতাশ বাংলাদেশের জনগণ  কে দেখতে চাই দেশের গুরত্ব যেকোন জায়গায়	None
10039180	বাংলাদেশে সরকারে গুরুত্বপূর্ণ স্থানে সৎ মানুষের বিরল  যে কিনা দেশকে শান্তিতে বসবাস করার পরিবেশ বানাবে হতাশ বাংলাদেশের জনগণ  কে দেখতে চাই দেশের গুরত্ব যেকোন জায়গায়	None
10039181	বাংলাদেশে সরকার গুরুত্বপূর্ণ স্থানে সৎ মানুষের বিরল  যে কিনা দেশকে শান্তিতে বসবাস করার পরিবেশ বানাবে হতাশ দেশের জনগণ কে দেখতে চাই  দেশের গুরত্ব যেকোন জায়গায়	None
10039182	পাপিয়া প্রবাসীর বিরুদ্ধে কথা বলছে দাদা দেন সিল লাগায়া	Abusive
10039183	দাদা সিল একটা কম হয়েছে কিন্তু আজকে	None
10039184	জামায়াতে ইসলামী জিন্দাবাদ ইনকিলাব জিন্দাবাদ	None
10039185	কাল নাগীনি	None
10039186	রুমিন তুই বাটপার	Abusive
10039187	চমৎকার বাঁশ দাদা	None
10039188	এর মত একজন মেন্টরের কথা শুনে যারা তারাও মেন্টাল	Abusive
10039189	চমৎকার ছিল চমৎকার কৃতজ্ঞতা দাদা	None
10039190	সরকার শুধু সরকারি স্কেলে বেতন বাড়ানো নিয়ে ব্যস্ত থাকে আর লক্ষ লক্ষ শ্রমিক গার্মেন্টস শ্রমিকদের বেতন নিয়ে কেউ কোন চিন্তাই করে না বিষয়টা ঠিক না দয়া করে ফি নাকি দাদা একটু এই বিষয়ে তুলে ধরবেন প্লিজ লক্ষ লক্ষ শ্রমিক যে বেতন পায় সংসার চালানো অনেক দুর্ভোগ হয়ে যায় প্লিজ শ্রমিকদের বিষয়ে একটু কথা বলার জন্য আপনাকে বিশেষভাবে আহ্বান জানাচ্ছি আমরা শ্রমিক পক্ষ থেকে	None
10039191	বেশির ভাগ কথাই বাস্তবতা থেকে দূরে রেটরিক	None
10039192	আপনি আসেন বাংলাদেশে আপনাকে খুজছে বাংলাদেশ	None
10039193	যারা সত্যি কথা বলে তারা অজনপ্রিয় হন রুমিন ও ফজলু এর উদাহরণ	None
10039194	পিনাকি দা জিন্দাবাদ বাংলাদেশ জিন্দাবাদ ১০০ ঠিক বলেছেন রুমিন ও ফজলু দুইডা ই ও আওয়ামী লীগের দালাল	Abusive
10039195	পিনাকী দাদা এই বেশ্যারে দেখাইলে বারেবারে ওগো ভাইঙ্গা যায় ভাই আমি খাগড়াছড়ি থেকে বলতেছি	Profane
10039196	নাকি দাদা আমি দেশ প্রেমিক মানুষ আপনাকে অনেক ভালোবাসি এই মাগীরে আপনি বারে বারে দেখেন না ভাই আপনার অনুরোধ করি ও তো বাজারের ম দেশের কি বলে বোঝেন নাই কি বলে	Profane
10039197	আমি তো দিমু না আমার 14 গোষ্ঠীরেও বিএনপিরে ভোট দিতে দিমুনা এরা খারাপ মুনাফিকরা	Political Hate
10039198	রুমিন ফারহানা ইসরাক ফজু পাগলা এদের জন্য বিএনপির ভোট অসংখ্য কমে গেছে	Abusive
10039199	শেখ রুমিন ফারহানা	None
10039200	আওয়ামীলীগের নেতাকর্মি ১০ কোটি মানুষের কাছে পিনাকী ভট্টাচারিয়াও অত্যন্ত ঘৃনিত একটি নাম	Political Hate
10039201	সেই হইছে	None
10039202	খোব ভাল হবে নির্বাচন পাঁচ বছর পরে হলে	None
10039203	এক রুমিন ফারহানই যথেষ্ট বিএনপিকে ডুবানোর জন্য	Political Hate
10039204	দাদা একটা মাল সেই হইছে	None
10039205	একে আগে ভালো লাগতো এখন বুঝতে পারছি এই ব্যাক্তিও কম কিছু না	None
10039206	মুখোশ খুলে দিলো	None
10039207	রুমিনের খাস দালালের সিল মারার সিনটা সেরা ছিলো	Abusive
10039208	বেশ সুন্দর আলোচনা	None
10039209	বিএনপি বয়কট	Political Hate
10039210	নাকি এনালাইসিস	None
10039211	দলের তুরিন আফরোজ হল রুমিন ফারহানা নিজে তো পঁচে গেছে এবারে কেও পচাবে	Abusive
10039212	ফজু পাগলের সাথে শেখ রুমিন ফারহানার বিয়ের অনুষ্ঠানে আপনারা আমন্ত্রিত	Abusive
10039213	দাদা তুমি তোমার জবাব তোমার সাথে কারো তুলনা চলতেছে না বাংলাদেশে চালিয়ে যাও	None
10039214	আওয়ামী সরকার এর সময় এই বেড়ির কথা সাহস জোগাতো কিন্তু এখন এই বেড়ি কেমন যেনো আওয়ামীলীগকে আনতে চায় যায়গায় পল্টি মেরে দিলো	Political Hate
10039215	এই মহিলা একটা দালাল	Abusive
10039216	আমার মতে দুই টা দায়িত্ব একটি স্বরাষ্ট্রমন্ত্রী আরেকটি স্বাস্থ্যমন্ত্রী দেওয়া হোক পিনাকি স্যার কে	None
10039217	বান্ধবী ললিতা টা খুব সুন্দর ছিল	None
10039218	উনাকে সুন্দর করে ধরে শশী দেন না হোলে সে ভালো হবে না	None
10039219	মাগীবাড়ি রমাগী	Profane
10039220	অসাধারণ দাদা ওরে বাঁশ দেওয়াটা সুন্দর হয়ছে	None
10039221	স্যালুট	None
10039222	বিএনপিকে নির্বাচন ছাড়া ক্ষমতা দেওয়া হোক	Political Hate
10039223	একদম ঠিক কথা বলেছেন এই ভিডিওটি অপেক্ষা ছিলো	None
10039224	এক কথাই অসাধারণ দাদা	None
10039225	রুমিন ফারহানা আওয়ামী লীগের আমুলে তার গাড়ি বোরে ​আক্রমণ করেছিল	Political Hate
10039226	দাদা আপনাকে আমার পক্ষ থেকে আপনাকে সালাম আপ্নে আমাদের দেশের অহংকার আপনাকে নিয়ে আমাদে গর্ব	None
10039227	দাদা আপনার সাথে কথা বলতে চাই	None
10039228	এটা আবার কওয়া লাগে নাকি আবিয়াত্যার কোন জায়গায় ব্যাথা জানেন না	None
10039229	ইনকিলাব জিন্দাবাদ 🇧🇩	None
10039230	রুমিন এর স্বামী বিদেশে তাই বুঝেনই তো	None
10039231	বিএনপি কে আমি এখন ভোট দিতে পারলেও বিএনপিকে ভোট দিতামনাআমি কিন্তু মনে প্রানে বিএনপি কে ভালোবাসি কিন্তু বর্তমান এ বিএনপি হ্মমতা লোভী হয়ে উঠেছে এটা তাদের কাজ কাম কথা বার্তায় ফুটে উঠেছে	Political Hate
10039232	দাদা এগিয়ে যান আমরা আপনার পাশে আছি	None
10039233	এই মাগীকে নিয়ে ভিডিও বানানোর দরকার ছিল	Profane
10039234	এই রুমিনদের জন্য বিএনপির বদনাম হয়	Political Hate
10039235	ভাইয়া আওয়ামীলীগের বয়ানে যেটা পেলাম তাদের সাথে ভারতের স্বামীস্ত্রীর সম্পর্ক আর আজ জানতে পারলাম আওয়ামীলীগের সাথে বিএনপির ভাইবোনের সম্পর্ক তাহলে ভারতের সাথে বিএনপির কি সম্পর্ক দাড়ালো ওরা ওদের সম্পর্ক নিয়ে থাকুক আমাদের দেশের দায়িত্ব ওদের না নিলেও হবে আপনি দেশের জন্য অনেক ভুমিকা রেখেছেন সারাটা জীবন আপনার কাছে এ দেশ কৃতজ্ঞতা প্রকাশ করবে আরো এরকটু করেন ভাইয়া যে করেই হোক ইসলামী দলগুলিতকে একত্রিত করে দেন  নতুন করে সম্পূর্ণ নতুন এক সরকার দেখতে চাই   আপনি এবং ইলিয়াস ভাই নিশ্চই পারবেন এ দেশের জনগণ এবং সিংহ ভাগ রাজনৈতিক দলের কাছে আপনাদের সম্মন ও গ্রহণ যোগ্যতা অপরিসীম তো   ভাইয়া	None
10039236	রমিন ফারহানা আওয়ামী লীগের দালাল ভারতের এজেন্ট	Abusive
10039237	রুমিন ফারহানাকে বিএনপি হতে বহিস্কার করা হউক	Abusive
10039238	কি বলব দাদা মনটা জুড়িয়ে গেল কি ফোন মেরে দিলেন	None
10039239	জাউর জাউরা মাইরা দেন তিনবার	Profane
10039240	বেশ্যার রুমিনদেহ ব্যবসায়ী	Profane
10039241	রুমিনের বিয়ে দিতে চাইকেউ পাএ আছে নাকি	None
10039242	সঠিক কথা বলেছেন পিনাকী দাদা	None
10039243	দুই নামবার মহিলা একটা	Abusive
10039244	রুমিতুইরাজাকা্য	None
10039245	ফাউল বেশি করলে লাল কার্ড পায় তাই দেরি না করে লাল কার্ড দেওয়া হোক	None
10039246	আমার তো কেন জানি মনে হচ্ছে রুমিন ফারহানা শেখ মুজিবের মেয়ে লাগছে	None
10039247	মেয়ে বিয়ে না করে মহিলা হয়ে গেলে এমনই হয় মোদির সাথে একে বিয়ে দেওয়া হোক	Abusive
10039248	কৃতজ্ঞতা দাদা আপনাকে মুখোশ খুলে দেওয়ার জন্য	None
10039249	রুমিন পায়খানা কে সতর্ক করে দিচ্ছে ইউনুস স্যার কে সম্নন করা শিখে নাও	None
10039250	দাদা ভাই রুমিন পায়খানা কে রাজনৈতিনী আইন শিখিয়ে দেওয়া হোক	None
10039251	আওয়ামী লীগ হল ভারতের আউটলেট লেখক মহীউদ্দিন আহমেদ  ভারতকে বাংলাদেশে গাঢ়ে ঢুকানোর এই আওয়ামী লীগের কোন অধিকার নাই বাংলাদেশের রাজনীতি করার ৭১ এ বাংলাদেশ ভারতের সাহায্যে স্বাধীন হয়েছে পাকিস্তানকে তাড়িয়ে  ২৪এ বাংলাদেশ নিজস্ব শক্তিতে স্বাধীন হয়েছে ভারতকে তাড়িয়ে  জুলাইএর গুরুত্ব অপরিসীম  জুলাইকে অস্বীকার করলে বাংলাদেশের সভেরিন্টি থাকে না  জুলাইকে ধারন করেই আগামীর বাংলাদেশের রাজনীতি হতে হবে  বিএনপির উচিত ছিল জুলাই বিপ্লবের জন্যে ছাত্র জনতার ত্যাগকে স্বীকৃতি দিয়ে বয়ান সৃষ্টি করা বিএনপি ও খালেদা জিয়া ১৫ বছরের তিল তিল করে ফ্যাসিষ্ট বিরোধি আন্দোলনে যে শক্তি জুগিয়েছিল এ টি না হলে জুলাই বিপ্লব সফল হত না হাসিনাকে তাড়াতে ছাত্র জনতার জুলাই বিপ্লবের সফলতা যে ফাউন্ডাশনের উপরে দাড়িয়েছিল সে টি হল বিএনপি ও খালেদা জিয়ার আপোষহীন সংগ্রাম  এ তে করে জুলাই বিপ্লবীরা ও বিএনপি এক সাথে বাংলাদেশের উপরে ভারতের অগ্রাসনের বিরুদ্ধে দেশপ্রেমিক রাজনীতি গড়ে তুলতে পারত আগামীতে  বিএনপি জুলাই বিপ্লবকে হাইজ্যাক করার চেষ্টা যতই করুক মানুষকে বোকা বানাতে পারবে না মানুষ জানে জুলাই বিপ্লবের অগ্রগামী সৈনিকেরা কারা  বিএনপির উচিত ছিল জুলাই বিপ্লবকে হাইজ্যাকের চেষ্টা না করে জুলাই বিপ্লবের সাথে মিশে যাওয়া  কারন বিএনপির বহু কর্মী জুলাই বিপ্লবে শহীদ হয়েছে  মনে রাখবেন বিএনপির যারা জুলাই ও বিপ্লব ও জুলাই বিপ্লবীদের বিরুদ্ধে বিষাদাগার করবে তারা ভারত ও আওয়ামী লীগের এজেন্ডা বাস্তবায়ন করছে  হিন্দুস্তান ও আওয়ামী লীগের ১ নং উদ্দেশ্যই হল জুলাই বিপ্লবকে মেলাইন করা  এটা করতে পারলে ভারতের আউটলেট আওয়ামী লীগকে বাংলাদেশের প্রতিস্থাপন করা	Political Hate
10039252	শেখ রুমিন ফারহানা লেডি সন্ত্রাসী	Abusive
10039253	নটু মেয়ের জন্য রাতের ঘুম ভেঙে দেওয়ার জন্য আওয়ামী দালাল	Abusive
10039254	দাদা আপনার পায়ে পড়িরুমিনকে আর বাঁশ দিয়েন না সে আর নিতে পারবেনা সে ভালো হয়ে যাবে	Abusive
10039255	ঐ মহিলা একটা অশব্ব	Abusive
10039256	পিনাকি দাদা ভালোই বলছেন	None
10039257	দেশকে শান্ত করুন আপনার কাছে আমার এটাই দাবি সাধারণ জনগণ হিসেবে	None
10039258	ফজু পাগলারে দেখলেই কেন জানি উন্মাদ মনে হয় ওর প্রতিটি কথা দেশদ্রোহী	Abusive
10039259	ফজা পাগলা আসলে ভুয়া মুক্তিযোদ্ধা হালার কথায় স্পষ্ট বুঝা যায়	Profane
10039260	পাগলা কথায় কট খেয়ে গেলো	Abusive
10039261	এই ব্যাটারে শুরু থেকেই বাটপার টাইপের ভাবছিলাম কৃতজ্ঞতা দাদা আমার ধারনাকে বাস্তবে বিশ্বাস করানোর জন্য ধোলাই টা কঠিন ছিলো	Abusive
10039262	পিনাকির মতে মতিউর রহমান নিজামী বীর মুক্তিযোদ্ধা	None
10039263	মুক্তিযোদ্ধা পিনাকী	None
10039264	ফালতু লোক	Abusive
10039265	দাদা কে কৃতজ্ঞতা ও স্যালুট জাতির দুঃসময়ে সঠিক ইতিহাস তুলে ধরার জন্য নতুবা চেতনা বিক্রি কারি ভারতীয় মালাউনদের দালাল বাকশাল কায়েম কারী ভূয়া মুক্তি যোদ্ধারা দেশবাসীকে দুকা দিতো	Political Hate
10039266	সবই ভুয়া	Abusive
10039267	গাঁজা খেয়ে কথা বলে পজা	Abusive
10039268	অসাধারন তথ্য তুলে ধরেছেন স্যার এভাবেই কিছু বাইনসুল দিনের পর দিন আমাদের ভুল তথ্য জোর করে গিলিয়েছে আর মুক্তিযুদ্ধকে পুজি করে অঢেল সম্পদের পাহাড় গড়েছে	None
10039269	ইউনির্ভাসিটির গ্রেডিং সিস্টেম যে এলাদা কোন বিশ্ববিদ্যালয়ের শিক্ষার্থীদের জন্য কতটা ভালোখারাপ প্রভাব ফেলবে তা নিয়ে একটা রির্পোট বানানোর জন্য অনুরোধ রইল	None
10039270	দাদা জাহিদ টক এর ব্যবস্থা নেন তো এতো খুব উল্টাপাল্টা কথা বলতেছে	Abusive
10039271	ফজা পাগলার মুখোশ খুলে দেওয়ার জন্য দাদাকে অসংখ্য শুভেচ্ছা ইনকিলাব জিন্দাবাদ	None
10039272	পাকিস্তানি সেনাদের নাম সারা বিশ্বে বলে সারা বিশ্ব জানে পাকিস্তানি সেনা খুব সাহসী আর সেখানে তোমার মতন খুঁজে পাগলের মতন তিনজনের দিকে তাও টরেন্ট প্রাপ্ত প্রাপ্ত তিনজনের দেখে ১৫৫ জন পাকিস্তান আর্মি পলেসিলে গেল কপাল পোড়া এই জাতির এই জাতির সামনে যা যে বলে মেনে রাখে মেনে নেয় যাতে কোনদিন যাচাই করে না ডাক্তার রাস্তায় যদি জাতি করছো ৩০ লাখ লোক মারার কাহিনীটা মানুষ জানতো ধর্ষিত হয়েছে সেটাও জানাতে নীতি যোগ দিয়েছিল সেটাও জানা যেতে কত লোক ভারত ম্যারি আছে বাংলাদেশের মুক্তিবাহিনীকে সেটাও জানাবে কতটা পাকিস্তান মেরেছে সেটাও জানা আগস্ট ইসলাম বাদে কতগুলো লোক মারা গেছে এইসব বেকার জায়গা এই কাজের পিনা কি দাদা ঠিক আছে ভাই তার মাথা র তার দুই টা খুলে গেছে	None
10039273	তুই ভুয়া	None
10039274	যাত্রা বাড়ির সেক্টর কমান্ডার যেমন ধর ধর বলে যাত্রাবাড়ি মুক্ত করেছে ফজু পাগলাও তেমন সেক্টর কমান্ডার	Abusive
10039275	ফজা পাগলা যখন থেকেই মুক্তি যুদ্ধ নিয়ে গলা বাজি শুরু করেছে তখন থেকেই নিশ্চিত হয়েছি পাগলা ভুয়া মুক্তি যোদ্ধা	Abusive
10039276	দাদা ইসলামের দাওয়াত দিলাম আপনার মন যদি বলে ইসলাম ধর্ম গ্রহণ করিয়েন	None
10039277	দাদা মানে হিরো	None
10039278	এখানে যা দেখলাম এরা সবাই মানসিক ভারসাম্যহীন	Abusive
10039279	এর দ্বারা সে ভুয়ামুক্তিযোদ্ধা প্রমাণিত হয় না স্যার তিনি রনাংগনে ছিলেন এটা অস্বীকার করতে পারেন না	None
10039280	শালায় কত বড় বাটপার ডাউকিতে অবস্থান কইরা জাফলং এবং তামাবিলে একসাথে যুদ্ধ করে	Abusive
10039281	বাটপার তরে মানুষ এ্খন ভালো করে চিনে	Abusive
10039282	ছাগলে কি না খায় ফজা পাগলা কি না কয়	Abusive
10039283	ওনার বয়স হইছে কিন্তু মুখস্ত বিদ্যা টা ভালোই আয়ত্তে রাখসে	None
10039284	ফজু পাগলা ভারতের দালাল এদেরকে আইনের আওতায় আনা হোক	Abusive
10039285	বেশ্যার বেটা পিনাকী	Profane
10039286	যদি আপনি সত্যিই একজন ভালো ডাক্তার হন তবে এখন বাইরে কেন আছেন এখন তো হাতে ক্ষমতা তাহলে বাংলাদেশে এসে কিছু ভালো কাজ করুন	None
10039287	ফজু পাগলা ভারতের দালাল এদেরকে আইনের আওতায় আনা হোক	Abusive
10039288	দেশ ধ্বংসের মূলে আপনারাও কম না দেশকে ভালবাসলে অবশ্যই আপনারা দেশে আসতেন দেশে থেকে চাপাবাজি করতেন না	Political Hate
10039289	আসসালামু আলা মানিততাবাআল হুদা প্রিয় পিনাকী ভাই আপনি আমার রক্তের ভাই আপনি সবসময়ই মাজলুমের পক্ষে কথা বলে যান মাশাসৃষ্টিকর্তা আপনি সত্যিকার অর্থেই একজন বড় মনের মানুষ এবং একজন খাঁটি দেশ প্রেমিক বাংলাদেশের লক্ষ লক্ষ আলিম ও মাদ্রাসার ছাত্ররা আপনার প্রতিটা এপিসোড দেখে থাকেন আপনি এমন এক দায়িত্ব পালন করছেন যা অন্য কেউ করে না তাই আমরা সকলেই আপনার কাছে অনেক বেশ ঋণী আপনার ঋণ আমরা কখনোই শোধ করতে পারবোনা দুয়া করি সৃষ্টিকর্তা যেন আপনাকে উত্তম বিনিময় দান করেন আমীন ইয়া রব তবে আপনার একটা গুরুত্বপূর্ণ আমানত আমাদের কাছে রয়ে গেছে যেটা আমরা এখন পর্যন্ত আপনার কাছে পৌঁছে দিতে পারিনি যদি পৌঁছে দিতে পারি তাহলে কিছুটা হলেও আপনার ঋণ আদায় হবে বলে আশা করি ইনশাসৃষ্টিকর্তা আর তা হলো ইসলাম আপনাকে আন্তরিকতার সাথে ইসলামের দাওয়াত দিচ্ছি ইসলাম আপনারই ধর্ম তাই এই ধর্মকে আলিঙ্গন করে পরকালের অনন্ত অসীম কালের আগুন থেকে নিজেকে বাঁচানোর জন্য আপনাকে অনুরোধ করছি প্রিয় পিনাকী ভাই আপনি একজন সচেতন মানুষ আপনি বেশ সচেতনতার সাথে আমাদেরকে দুনিয়াবী অনেক বিপদআপদের বিষয়ে সতর্ক করে থাকেন আমরাও আপনাকে পরকালের মহাবিপদ থেকে সতর্ক করছি কেননা কোন মানুষ যদি ঈমান ছাড়া মৃত্যুবরণ করে তাহলে সে চিরস্থায়ী জাহান্নামের অধিবাসী হবে যেখান থেকে আর কোনদিন মুক্তি পাবে না আর না কোনদিন মৃত্যু হবে প্রিয় ভাই আমার দেখুন স্বয়ং নবীজি সা এর চাচা আবু তালেব আমাদের প্রিয় নবীজিকে মৃত্যু পর্যন্ত সার্বিকভাবে সাহায্য সহায়তা করেছিলেন কিন্তু ঈমান গ্রহণ না করে মারা যাওয়ার কারণে চিরস্থায়ী জাহান্নামের অধিবাসী হয়ে গিয়েছে যেমনটা নবীজি সাল্লাল্লাহু আলাইহি ওয়াসাল্লাম স্পষ্টভাবে বলে দিয়েছেনআর নবীজির কথা চিরসত্য এতে কোন সন্দেহ নেই প্রিয় পিনাকী ভাই আমি জানিনা আমার এই লেখা আপনার কাছে পৌঁছবে কিনা তবে যদি পৌঁছে থাকে তাহলে বলে রাখি; আমি আপনাকে কোনদিন দেখিনি আপনাকে চিনিও না কিন্তু আপনি সবসময় নির্যাতিত নিপীড়িত মজলুম মানুষের পক্ষে কথা বলে মানবতার হক আদায় করে যাচ্ছেন তাই আপনাকে ইসলামের দাওয়াত না দেওয়াটা হবে এক বড় অমানবিক আচরণ তাই আপনার রক্তের ভাই হিসেবে আমি আপনাকে পরকালের অনন্ত অসীম সময়ের আগুন থেকে বাঁচানোর জন্য একমাত্র মুক্তির পথ ইসলামের দিকে আহবান করছি আমি বিশ্বাস করি আমার এই মেসেজ যদি আপনার কাছে নাও পৌঁছে তবুও আপনি একদিন ইসলামে দাখিল হবেন ইনশাসৃষ্টিকর্তা সৃষ্টিকর্তা তাআলা আপনাকে গাইড করে আপনার নিজ ধর্ম ইসলামে ফিরে আসার তৌফীক দান করেন আমীন ইয়া রব আমীন ইয়া হাদী আমীন ইয়া রহীম	None
10039290	মুক্তিযুদ্ধের গালভরা ভূঁয়া গল্প দিয়া মজা মারে ফজলু ওরফে ফজা মিঁয়া	Abusive
10039291	মুক্তিযুদ্ধের গালভরা ভূঁয়া গল্প দিয়া মজা মারে ফজলু ওরফে ফজা মিঁয়া	Abusive
10039292	কৃতজ্ঞতা দাদাকে	None
10039293	আসলে ভুয়া মুক্তিযুদ্ধা	None
10039294	ফজু পাগল কে দেখলে কাদের কাকার মত মনে হয়	Abusive
10039295	ইনকিলাব জিন্দাবাদ	None
10039296	পৃথিবীতে সবচেয়ে বোকা মানুষ হলো সে যে নিজে নিজের প্রশংসা করে ফজলু রাজাকার কত বড়ো বিএনপির বল্টু ছিলো	Political Hate
10039297	শ্লার ব্যাটা তুই নিজেই তো একটা পৃথিবী বাটপার তোর মধ্যে কত দেশ প্রেম তা বুঝি দালাল কোথাকার এগুলো খুবই দুর্বল যুক্তি ইতিহাস কম পড়ি নাই দেশের মানুষকে আর বোকা বানানো যাবে না আর যারা তোরে নবী মানে তারাই তোরে দুইদিন পর পা দিয়ে কচলাইয়া মারবে বাঙ্গালী এক টপিকের গান বেশিদিন শুনে না শোন দুই তিনটা জেনারেশন আজকে ধ্বংসের দারপ্রান্তে এরজন্য তুই দায়ী দেশ তো এখন তোর কথায় চলে দেশে আসছিস না কেন	Abusive
10039298	এতো অসত্য কথা কি ভাবে বলতে পারে ভাবতে অবাক লাগে	None
10039299	বালছাল  ১৯৭১ সাল হতে কাটা হচ্ছে না ৷ প্রচুর উকুন হয়েছে  বয়স ৬২	Profane
10039300	১২০০ না হেসে পারলাম না অসাধারণ	None
10039301	ওই যে অসত্য বলতেছে এটা বুঝার জন্য বোদ্ধা হওয়ার প্রয়োজন নেই একটা মিথ্যেবাদী বাটপার জাউরার জাউরা	Abusive
10039302	ফজা পাগলাকে পাবনা পাঠানো হোক	Abusive
10039303	কনক সরোয়ার ১০০ দেশপ্রেমিক	None
10039304	ইলিয়াস হোসেন ১০০ দেশপ্রেমিক	None
10039305	পিনাকী দাদা ১০০ দেশপ্রেমিক	None
10039306	গার মেরে দিল দাদা	Profane
10039307	ভোঁয়া মুক্তিযুদ্ধার তালিকায় প্রথম স্থানে আসীন ফজু পাগলা অসত্য বলার জন্য ও জ্ঞান লাগে এই ফজু পাগলার তাও নাই এরাই কি মুজিব বাহিনীর গুরুত্বপূর্ণ সদস্য সীলং বসে ফায়ার করে হানাদার বাহিনী মুক্ত বাংলাদেশের স্বপ্ন দেখে	Abusive
10039308	আমরা সাধারণ জনগণের দাবি ফজা পাগলার মত ভুয়া মুক্তিযোদ্ধা আরো অনেক আছে প্রত্যেকের চেহারা উন্মোচন করুন জাতির সামনে স্যালুট পিনাকি দাদাকে	Abusive
10039309	ফজু পাগলা ধরা খাইসে	None
10039310	মুক্তিযুদ্ধের ভুয়া ব্যবসায়ী ফজু পাগল	Abusive
10039311	ফজা পাগলা যখন খেই হারিয়ে দেশের রাজনীতিতে অবাঞ্ছিত হয়েছে ঠিক তখনই এই শয়তান বেকাত্তোর টিপি তাকে অত্যন্ত সন্মানিত করার প্রয়াস চালিয়েছে 'সময় টিভি একাত্তর টিভি প্রথম আলো ডেইলি স্টার' এদের শয়তানি এখন সবাই ধরতে পারে	Abusive
10039312	ফজা চোরা যে বাটপার আমি আগেই বুজছি	Abusive
10039313	বাটপার অসত্যবাদী ফজু	Abusive
10039314	এবার পরিষ্কার বুঝা গেল পীনাকি একজন ইউটিউব ভিডিও ব্যাবসায়ী পাবলিক কে কখন কোনটা বলে ব্রেইন ওয়াশ করতে পারবে সেটা ভালো বুঝে তার মতে বইয়ের ২ ৪ টা লাইনে মুক্তিযুদ্ধের সঠিক ইতিহাস রচনা করা যায় আরে পিনাকী বেগম নিজের ব্যাবসার সুবিধার্থে ইতিহাস বিকৃত করে নিজের চরিত্র বিকৃত কইরেন না পিছনের ভিডিওতে কি বলেছিলেন আমাদের কাছে আছে কিন্তু আপনার কথা আপনার সাথেই মিলে না	None
10039315	পিনাকীদা আপনার ভিডিওর তীব্র নিন্দা জানাই কারণ আপনি ফজল পাগলা রে সান্তনা নাম্বার দেন নাই	Abusive
10039316	গাঁয়ে মানে না আপনে মোড়ল ফজা	Abusive
10039317	চেতনা ব্যবসাহী	Abusive
10039318	এবার গুন্ডা কাদের সিদ্দিকীর গোমর ফাঁস করতে হবে	Abusive
10039319	এটা তড়াইল থানা না বরং তাড়াইল থানা	None
10039320	আপনার ভিডিও গুলো দেখার জন্য চেয়ে থাকি যখনি আসে আমি দেখতে পাই খুব মূল্যবান কথাগুলো পেশ করলেন আমাদেরকে বুঝানোর জন্য	None
10039321	840 ফজা পাগলা আসিতেছে	None
10039322	ফজা পাগলা পুরাটাই ভূয়া	Abusive
10039323	পিনাকির কথায় যুক্তি আছে আরো ভালো লাগতো পিনাকি যদি টোকাইয়ের ছা আসিফকে নিয়ে সত্যি প্রকাশ করতো কিন্তু তা করবে না কারন পিনাকি আসিফের দ্বিতীয় জারজ পিতা	Profane
10039324	সালের সেক্টর কমান্ডার বীর মুক্তিযোদ্ধা জিয়াউর রহমান সাহেবকে তুমি ভুয়া মুক্তিযোদ্ধা মনে করো তোমার মনের মত না হলে জিয়া রহমান ও ভুয়া মুক্তিযোদ্ধা হায়রে ডান্ডির ছা ডান্ডি	Abusive
10039325	দাদা ৩ টা জিনিস নিয়ে আপনার কথা বলা দরকার ১ মেট্ররেলের টাইমিংযা এখানে 7১০ এ আরম্ভ হয় কিন্ত হওয়া উচিত ৬৩০ বা তার আগে ২ শব্দ দুষন এবং ৩ ট্রাফিক ম্যানেজমেন্ট যেহেতু আপনার কথা সবাই শুনে আপনি একটু বললে খুব উপকার হয় উপরন্ত এখানে কোন খরচের বিষয় নেই শুধু মাত্র বুঝের অভাব সচেতনতার অভাব	None
10039326	ছোট ছাদের ছোটবেলার ঘুমানোর গল্প এটা এটাই আমাদের সামনে ফ্ল্যাশ করেছে আমাদের চাচা কিন্তু বুঝি নাই ধরা খেয়ে যাবে	None
10039327	আবু তাহের ঠাকুর	None
10039328	এই ফজা পাগলা সম্পূর্ণ ভুয়া মুক্তিযোদ্ধা রাস্তার পাশে ক্যানভাসারা যেভাবে চাপা পিডিয়ে মলম বিক্রি করে ঠিক সেভাবেই চাপা পিডিয়া সে ভুয়া মুক্তিযোদ্ধা হইছে	Abusive
10039329	আবু তাহের আবার ঠাকুর কিভাবে হয় দাদা	None
10039330	রাজাকারদের সোনা তোমার মুখে গেছে না আকাটা	Abusive
10039331	ফজূ মীয়া সিনেমার রেমবো কেউ হার মানিয়ে দিয়েছে	None
10039332	ভুয়া যুদ্ধা ফজু	None
10039333	পাকবাহিনির হাতে যতো লোক মারা গেছে তার চাইতে বেশী লোক মারা গেছে মুক্তিযোদ্ধা হাতে ডাকাতির ও নিজ সাথ‍্যে হত‍্যা করেছে মুক্তিযোদ্ধারা	Political Hate
10039334	তুই নিজেও বড় পাগলা পিঙ্কু	Abusive
10039335	পিনাকী তুমি স্বাধীনতা বিরোধী চুপচাপ থাকো বেশি কথা বইলো না	Abusive
10039336	দাদা হালারে এই ভাবে টুনিটানি হুদ্দ্যা পাছায় হান্দাইয়া দিলেন	Profane
10039337	ভুয়া মুক্তিযুদ্ধারাই ফাঁকা আওয়াজ বেশি দেয়	None
10039338	ফজু পাগলা অসত্য বাদী	Abusive
10039339	পিনাকি দাদা এভাবে না বললেও হয় আর লজ্জা দিয়েন না অতিরিক্ত বলে ফেললে তুমি	None
10039340	পাদু ফাগলা	Abusive
10039341	ইনকিলাব জিন্দাবাদ ফজা পাগলা মুর্দাবাদ	Abusive
10039342	ভুয়া ফজা	Abusive
10039343	তুমি বাল ফেলাইছো	Profane
10039344	দাদা আপনি পারেন ও বটে	None
10039345	এই ফজা হারামি এত অসত্য কেমনে বলিশ	Profane
10039346	ফজু পাগলাকে জয় বাংলা করে দিলেনকৃতজ্ঞতা দাদা	None
10039347	এ অবস্থা	None
10039348	খালি কলসি বাজে বেশি	None
10039349	পিনাকী দা ও ইলিয়াস ভাই সব সময় দেখেছি আপনাদের বাংলাদেশিদের প্রতি ভারতীয়দের আগ্রাশন নিয়ে সোচ্চার হতে কিন্তু এখন এই জিনিসটা তেমন দেখা যাচ্ছে না ১ ইন্ডিয়া বিরোধী কথা বল্লেও সীমান্ত হত্যায় ভারতীয় কনস্যুলেট ঘেরাও বা শক্ত পদক্ষেপ নিতে দেখা যায় নাই ২ পুশ ইন নিয়ে কথা বলছে না বা তেমন শক্ত পদক্ষেপ নিতে কোন উপদেশ মূলক কথা বলতে দেখছি না ৩ বাংলাদেশের দুসময়ে ইন্ডিয়া সকল পন্য বন্ধ করে দেয় কিন্তু ২৭ আগস্টের পর ভারতীয় পেয়াজ চাল আমদানিতে আপনাদের কোন বিরোধীতা দেখছি না ৪ ভারতীয় গরু আমদানির গুঞ্জন শোনা যাচ্ছে এটা নিয়ে কোন কথা বলছেন না আপনারা বলেন হাসিনা দেশে আসছিল প্রতিশোধ নিতে আপনারাও কি ভারত বিরোধীতার আওয়াজ তুলে সবার জনপ্রিয়তা পেয়ে এখন সেই ভারতের পক্ষেই কাজ করছেন হাসিনার মত আমাদের উপর প্রতিশীধ নিচ্ছেন তাহলে আপনারা কি ভারতের বি টিম হয়ে কাজ করছেন যেখানে বাংলাদেশকে অস্থির করে ভারতকে সকল সুবিধা দেওয়ায় আপনাদের কাজ একটা বারও শুনি নায় যে আপনারা বলছেন ভারতের বর্ডার বন্ধের ঘোষণা দিলামসীমান্ত হত্যার প্রতিবাদে ভারতীয় কন্সুলেট বন্ধ করে দেনবা বাংলাদেশে ভারতীয় ভিসা সেন্টার বন্ধ করে দিন আপনারা আছেনদেশের মানুষ কে কি ভুল করল সেগুলা নিয়ে একে অন্যের বিরুদ্ধে লাগাতে যেমনটা ইন্ডিয়া চাচ্ছে মানুষের কাছে এগুলা নিয়ে শুনতে খারাপ লাগছে বা আমার মনেও সন্দেহ জাগছে দয়া করে ক্লিয়ার করে দিবেন আমি আপনাদের প্রতিপক্ষ বা সমালোচোক হওয়ার যোগ্যতা রাখি না তবে আপনাদের উপর বিশ্বাস রাখতে ক্লিয়ার হওয়া প্রয়োজন কারণ যে ইন্ডিয়া আওয়ামী লীগের জন্য সর্বোচ্চ দিয়ে আমাদের ক্ষতি করেছে ২৭ আগস্টের পর সেই ভারতের পন্য বেশি বেশি কিনে তাদের কেন সহায়তা করছি যে বুলেটে আমার ভাই মরছে সেই বুলেট কিনতে কেন আমরা টাকা দিব সীমান্ত আমদানি বন্ধ চাই	None
10039350	ফজা পাগলা মেশিন গান তোলা তো দূরের কথা জীবনে চোখে দেখছে কিনা সন্দেহ এ জে চাপা মারে এর কথা শুনলেই বোঝা যায়	Abusive
10039351	ভূয়া এবং ভীষণ ধুর্ত ফজা পাগলা	Abusive
10039352	আম পাতা জোরা জোরা ফজা পাগলার পুটকি ফাটা	Profane
10039353	ফেইসবুকে শেয়ার করে রাখলাম ভবিষ্যতের জন্য	None
10039354	আপনারা সত্য বলেন না অসত্য বলেন তা গুগল অথবা পুরানো ইতিহাসের বই চেক করলে বুঝা যায়	None
10039355	আপনারা আমাদেরকে যেভাবে প্রমাণ দিয়ে বুঝান এর মধ্যে 10 শতাংশ মাঝে মাঝে ভুল হতে পারে তাই বলে শতভাগ ভুল নয়	None
10039356	রাজনীতিবিদরা ভাবছে আমরা সাধারণ জনগণ বোকা তারা আমাদেরকে যেভাবে পারে সেভাবেই বুঝায়	Political Hate
10039357	তড়াইল না হবে তাড়াইল	None
10039358	বাংলাদেশের বেশিরভাগ ভুয়া মুক্তিযোদ্ধা এই ফজু তো আরো ভুয়া অসত্যবাদী	Abusive
10039359	দূর ভাই কী যাতা দেন আর মানুষকে উষ্কে দেন বা'ট'পা'রি করে ভিউ বানিজ্য আর কত করবেন অসত্য বলা বন্ধ করেন হাসিনারে নিয়েই বলেন কিন্ত মুক্তিযোদ্ধাদের কেন আক্রমন করেন আপনি হয়ত জানেনি না আপনার দল জামাতের লোক ছাড়া কেউ আপনার ভিডিও দেখেনা এখন আমি একসময় দেখতাম কিন্ত এখন অসত্য অপ্রপ্রচারের জন্য দেখিনা বহুজনরে জিগাইছি তারাও দেখেনা ছোট ছোট পত্রিকার কাটছাট দুই এক লাইন নিয়ে সত্যকে অসত্য বানানো যায়না পত্রিকা ত এখনো লিখেছিল হাসের মাংস খেতে নিয়মিত যান উপদেষ্টা আসিফ কিন্ত দেশের সবাই জানি কেন গেছিল বাদ দেন এসব ভিউ ব্যবসা দিনশেষে আগের মত ৪৫ মিলিয়ন ত হবেই না শেষে ১০২০ হাজারি হয়কিনা দেখেন সঠিক প্রয়োজনীয় ভিডিও বানান যাদের জন্য দেশে শান্তিতে চলি চাকুরী পাই ব্যবসা করি সেই ৭১ এর বীরদের নিয়ে কথা বলা বন্ধ করোন জামাতের সাথ ছাড়ুন জামাত শুধু গা'লিগা'লাজ জানে নিজেই দেখবেন আমার কমেন্টেই নিচে অনেকেই হুমকি ও গালি দিবে ইসলাম গা'লি হু'ম'কির ধর্ম নয় জামাত শিবির মানেই আ'ত'ঙ্ক এরা সব পারে এদের ধর্ম আলাদা মনে রাখবেন ইসলাম আর জামাত দুইটা দুই ধর্ম জামাতের বইয়ে রাসূল দ 'কে গুনাহগার বলা হয়েছে আহলে হাদীস ও আহলে কিতাবের মত সুতরাং জামাত ধর্মে না গিয়ে মুসলিম ধর্মে আসুন গা'লি'র ধর্ম জামাতে যাবেন না	None
10039360	না হেসে পারলাম না এই বির জুদধা কে ফিলিস্তিন পাঠানো হোক এমন বির খুবই দরকার	None
10039361	ভুয়া মুক্তিযোদ্ধাদের মুক্তিযোদ্ধা ভাতা বাতিল করে আহত জুলাই যোদ্ধাদের দেয়া হোক	None
10039362	দাদা মানেই এনার্জিসব ফজুর মোখশ খুলে দিতে হবে	None
10039363	মুক্তিযোদ্ধা ব্যবসায়ী	None
10039364	দাদা আমি আজ থেকে ২০ বছর আগে হতে মুক্তি যোদ্ধাদের সঙ্গে কথা বলেছি একজনকেও যুদ্ধ করেছি বলে আমাকে প্রমান দিতে পারেনি তাহলে যুদ্ধটা করলো কে	None
10039365	মজা মারে ফজা ভাই জনগনের ঘুম কামাই	None
10039366	ভাই আর যাই বলেন মুক্তিযুদ্ধকে অস্বীকার করবেন না	Abusive
10039367	আহারে শেষ সম্ভলও থাকলোনা	None
10039368	হায় সৃষ্টিকর্তা ফজা পাগলা তো নগদ মৌদানির পুত রাজাকার ফজলুসহ সকল মুক্তিযোদ্ধাদের সার্টিফিকেট আবার নতুন করে সংশোধন পরিমার্মান ও পরিবর্তন করে নতুন নগদায়ন করার দাবি জানাচ্ছি ফজলুর মত রাজাকাররা সারাদেশে মুক্তিযোদ্ধা দাবি করে এবং ভূয়া মুক্তিযোদ্ধা সার্টিফিকেট রাজনৈতিক আশ্রয়ে আদায় করে দেশকে ভারতের কলোনিতে পরিনত করে রেখেছে মুক্তিযুদ্ধের আসল দলিল ও আসল মুক্তিযোদ্ধার পরিচয় জাতির সামনে উপস্থাপনের দাবি জানাই	Abusive
10039369	দাদার চমৎকার বিশ্লেষণ	None
10039370	হাসিনা রিজাকারকে মুক্তিযোদ্ধা বানায় আর পিনাকী মুক্তিযোদ্ধাকে রাজাকার বানায় দূইজনে খুব মিল গন্তব্যে মিল হওয়া উচিৎ	Political Hate
10039371	যে ইতিহাস লিখেছেন তার বইয়ের রেফারেন্স দিয়ে কি মুক্তিযোদ্ধা যাচাই করা যায় মুক্তিযুদ্ধের ইতিহাস একেকজন একেকভাবে লিখে পীনাকি ফালতু গল্প সাজিয়ে ইউটিউবের ব‍্যাবসা ভালো করতেছে	Abusive
10039372	মুক্তিযোদ্ধা কে স্যালুট জানাই	None
10039373	ফজা পাগলা শিরোনাম টা অসংখ্য বেশ সুন্দর হয়েছে প্রিয় স্যার	None
10039374	অসাধারণ ডেলিভারি	None
10039375	ভুয়া ভুয়া পিংকিপাকিস্তানি বীজ	None
10039376	৭১ সালে কোন যুদ্ধই হয়নাই পাকিস্তানের মিলিটারীরা বাংলাদেশ দখল করছিলো খালি তোর মায়রে ধর্ষণ করার জন্য শতশত মিলিটারির ধর্ষণের ফলে পাকিবীজে তোর জন্ম এইটা বুঝার আর বাকি নাই	Abusive
10039377	অসাধারণ ডেলিভারি	None
10039378	ভুয়া মুক্তিযোদ্ধা এই লোকের অসত্য কথা বলাতে বিরাট পটু তাকে এবার নোবেল পুরস্কার দেওয়া হোকবিশ্বসেরা চাপাবাজ হিসেবে	Abusive
10039379	ভুয়া মুক্তিযোদ্ধা	Abusive
10039380	ফজা পাগলার পুকটিতে বন্দুক এর ঢুকিয়ে জিজ্ঞেস করেন আসলেই সে কি আসল মুক্তিযোদ্ধা	Abusive
10039381	দাদাকে কৃতজ্ঞতা ফজা পাগলের চিকিৎসা হতেই হবে	None
10039382	শ্রদ্ধেয় পিনাকী ভট্টাচার্য মহাশয় আপনি চোখ খুলে দিয়েছেন বাংলার মানুষের আপনি দেখিয়েছেন— আমাদের শত্রু ভারত আমাদের প্রাণের ভাই পাকিস্তান বাংলা আজ আপনার প্রতি কৃতজ্ঞ না ইউনূস না তারেক না আওয়ামী লীগ— আমাদের একটাই দাবি— বাংলার প্রধানমন্ত্রী চাই পিনাকী ভট্টাচার্য জয় বাংলা নয়—জাগো বাংলা আপনার প্রতি কৃতজ্ঞ একজন বাংলার সন্তান	None
10039383	পিনাকিরদাদাআদাবদাদাদেখেননিবিদেশীছাত্রীরলাকিছকাঁকনইযারপুটকাটিয়ানেয়সরকারিচাকরীজিবিরালাকিছকাঁকনডাকাতিকরেআপনিকিছুবলেন	None
10039384	ফজাপাগলা কে অনেক বড় নেতা মনে করতামকিন্তু শালা যে এতো বড় মিথ্যুক মুজিবের মতো বাঘারম্বর করে মানুষের কাছে বড়ত্ব দেখায় এটা মানুষের কাছে পরিস্কার হয়ে গেছে	Profane
10039385	ফজু যে একটা পাগল তা তার টক শো গুলা দেখলেই বুঝা যায় ওর মাল সবসময় মাথায় উইঠা থাকে এই জন্যই সে বিএনপির হাই কমান্ডের কাছ থেকে শোকজ খাইছে	Abusive
10039386	ভারতীয় হিন্দুত্ববাদী সন্ত্রাসী দেশদ্রোহী লীগ বাহিনী হটাও বাংলাদেশের সার্বভৌমত্ব বাঁচাও	Political Hate
10039387	একেবারে ভরে দিলেন	None
10039388	হা	None
10039389	ও একটা মিত্তা বাদ্দী	Abusive
10039390	বাটপার	Abusive
10039391	ভুয়া মুক্তিচোদনফজা পাগলা	Abusive
10039392	আমিও ভাবতাম এরাকম একটা লোক কখনো মুক্তি যোদ্ধা হতে পারে না আজকের শিওর হলাম	None
10039393	চুক্তি যোদ্ধ চিল	None
10039394	শালার কি কাওয়া কাদেরের সাথে সম্পর্ক আছে নাকি	Profane
10039395	মামা ভুল বলছেন পরিক্ষায় যাওয়ার আগে আলু না ডাইল আর ডিম খাইলে ০০ পাওয়া যায়	None